{
	"format_version": "1.12.0",
	"minecraft:geometry": [
		{
			"description": {
				"identifier": "geometry.unknown",
				"texture_width": 128,
				"texture_height": 128,
				"visible_bounds_width": 4,
				"visible_bounds_height": 3,
				"visible_bounds_offset": [0, 0.5, 0]
			},
			"bones": [
				{
					"name": "root",
					"pivot": [0, 0, 0]
				},
				{
					"name": "lh_and_mag",
					"parent": "root",
					"pivot": [0, 0, 0]
				},
				{
					"name": "lh",
					"parent": "lh_and_mag",
					"pivot": [-6, 0, 0]
				},
				{
					"name": "lefthand_pos",
					"parent": "lh",
					"pivot": [0, 0, 0],
					"cubes": [
						{
							"origin": [-8, 0, -2],
							"size": [4, 12, 4],
							"uv": {
								"north": {"uv": [0, 0], "uv_size": [4, 12]},
								"east": {"uv": [0, 0], "uv_size": [4, 12]},
								"south": {"uv": [0, 0], "uv_size": [4, 12]},
								"west": {"uv": [0, 0], "uv_size": [4, 12]},
								"up": {"uv": [4, 4], "uv_size": [-4, -4]},
								"down": {"uv": [4, 4], "uv_size": [-4, -4]}
							}
						}
					]
				},
				{
					"name": "magazine",
					"parent": "lh_and_mag",
					"pivot": [0, 4, -1]
				},
				{
					"name": "mag_standard",
					"parent": "magazine",
					"pivot": [0, -1, -0.6875],
					"cubes": [
						{
							"origin": [-0.77616, 2.561, -4.01006],
							"size": [1.55232, 3.22068, 3.21888],
							"uv": {
								"north": {"uv": [28, 40], "uv_size": [5, 15]},
								"east": {"uv": [0, 0], "uv_size": [10, 15]},
								"south": {"uv": [0, 41], "uv_size": [5, 15]},
								"west": {"uv": [10, 0], "uv_size": [10, 15]},
								"up": {"uv": [59, 31], "uv_size": [5, 10]},
								"down": {"uv": [59, 51], "uv_size": [5, -10]}
							}
						},
						{
							"origin": [-1.11216, 2.225, -5.36006],
							"size": [2.22432, 0.98868, 3.89088],
							"pivot": [0, 8.15036, -1.18358],
							"rotation": [10, 0, 0],
							"uv": {
								"north": {"uv": [44, 85], "uv_size": [7, 3]},
								"east": {"uv": [66, 7], "uv_size": [12, 3]},
								"south": {"uv": [85, 48], "uv_size": [7, 3]},
								"west": {"uv": [68, 29], "uv_size": [12, 3]},
								"up": {"uv": [40, 26], "uv_size": [7, 12]},
								"down": {"uv": [40, 50], "uv_size": [7, -12]}
							}
						}
					]
				},
				{
					"name": "rh_and_gun",
					"parent": "root",
					"pivot": [0, 0, 0]
				},
				{
					"name": "rh",
					"parent": "rh_and_gun",
					"pivot": [6, 0, 0]
				},
				{
					"name": "righthand_pos",
					"parent": "rh",
					"pivot": [0, 0, 0],
					"cubes": [
						{
							"origin": [4, 0, -2],
							"size": [4, 12, 4],
							"uv": {
								"north": {"uv": [0, 0], "uv_size": [4, 12]},
								"east": {"uv": [0, 0], "uv_size": [4, 12]},
								"south": {"uv": [0, 0], "uv_size": [4, 12]},
								"west": {"uv": [0, 0], "uv_size": [4, 12]},
								"up": {"uv": [4, 4], "uv_size": [-4, -4]},
								"down": {"uv": [4, 4], "uv_size": [-4, -4]}
							}
						}
					]
				},
				{
					"name": "btr7",
					"parent": "rh_and_gun",
					"pivot": [0, 4.3125, 1.5625],
					"cubes": [
						{
							"origin": [-0.70762, 9.76132, -16.59416],
							"size": [1.41523, 0.42206, 5.99945],
							"uv": {
								"north": {"uv": [68, 32], "uv_size": [4, 1]},
								"east": {"uv": [86, 16], "uv_size": [16, 1]},
								"south": {"uv": [76, 14], "uv_size": [4, 1]},
								"west": {"uv": [86, 17], "uv_size": [16, 1]},
								"up": {"uv": [47, 37], "uv_size": [4, 16]},
								"down": {"uv": [39, 66], "uv_size": [4, -16]}
							}
						},
						{
							"origin": [-0.70762, 7.73212, -16.59416],
							"size": [1.41523, 0.39931, 5.99945],
							"uv": {
								"north": {"uv": [80, 110], "uv_size": [4, 1]},
								"east": {"uv": [91, 25], "uv_size": [16, 1]},
								"south": {"uv": [110, 90], "uv_size": [4, 1]},
								"west": {"uv": [91, 26], "uv_size": [16, 1]},
								"up": {"uv": [24, 54], "uv_size": [4, 16]},
								"down": {"uv": [33, 70], "uv_size": [4, -16]}
							}
						},
						{
							"origin": [-0.54341, 9.85612, -16.59416],
							"size": [1.41523, 0.42206, 5.99945],
							"pivot": [0.1642, 8.86295, -7.05663],
							"rotation": [0, 0, -60],
							"uv": {
								"north": {"uv": [77, 68], "uv_size": [4, 1]},
								"east": {"uv": [87, 70], "uv_size": [16, 1]},
								"south": {"uv": [80, 20], "uv_size": [4, 1]},
								"west": {"uv": [87, 71], "uv_size": [16, 1]},
								"up": {"uv": [43, 50], "uv_size": [4, 16]},
								"down": {"uv": [51, 53], "uv_size": [4, -16]}
							}
						},
						{
							"origin": [1.27303, 8.87565, -16.59416],
							"size": [1.41523, 0.39931, 5.99945],
							"pivot": [1.98064, 7.81423, -7.05663],
							"rotation": [0, 0, -60],
							"uv": {
								"north": {"uv": [98, 90], "uv_size": [4, 1]},
								"east": {"uv": [90, 81], "uv_size": [16, 1]},
								"south": {"uv": [99, 2], "uv_size": [4, 1]},
								"west": {"uv": [91, 6], "uv_size": [16, 1]},
								"up": {"uv": [47, 53], "uv_size": [4, 16]},
								"down": {"uv": [51, 69], "uv_size": [4, -16]}
							}
						},
						{
							"origin": [-0.87182, 9.87887, -16.59416],
							"size": [1.41523, 0.39931, 5.99945],
							"pivot": [-0.1642, 8.86295, -7.05663],
							"rotation": [0, 0, 60],
							"uv": {
								"north": {"uv": [83, 67], "uv_size": [4, 1]},
								"east": {"uv": [90, 47], "uv_size": [16, 1]},
								"south": {"uv": [85, 63], "uv_size": [4, 1]},
								"west": {"uv": [90, 54], "uv_size": [16, 1]},
								"up": {"uv": [52, 5], "uv_size": [4, 16]},
								"down": {"uv": [53, 37], "uv_size": [4, -16]}
							}
						},
						{
							"origin": [-2.68826, 8.87565, -16.59416],
							"size": [1.41523, 0.42206, 5.99945],
							"pivot": [-1.98064, 7.81423, -7.05663],
							"rotation": [0, 0, 60],
							"uv": {
								"north": {"uv": [80, 109], "uv_size": [4, 1]},
								"east": {"uv": [91, 23], "uv_size": [16, 1]},
								"south": {"uv": [38, 110], "uv_size": [4, 1]},
								"west": {"uv": [91, 24], "uv_size": [16, 1]},
								"up": {"uv": [16, 54], "uv_size": [4, 16]},
								"down": {"uv": [20, 70], "uv_size": [4, -16]}
							}
						},
						{
							"origin": [-0.35381, 11.69416, -9.0872],
							"size": [0.70762, 0.12003, 0.80435],
							"uv": {
								"north": {"uv": [32, 113], "uv_size": [2, 1]},
								"east": {"uv": [113, 32], "uv_size": [2, 1]},
								"south": {"uv": [113, 33], "uv_size": [2, 1]},
								"west": {"uv": [34, 113], "uv_size": [2, 1]},
								"up": {"uv": [111, 69], "uv_size": [2, 2]},
								"down": {"uv": [70, 113], "uv_size": [2, -2]}
							}
						},
						{
							"origin": [-0.27171, 11.74156, -9.0872],
							"size": [0.70762, 0.12003, 0.80435],
							"pivot": [0.0821, 11.15397, -4.31844],
							"rotation": [0, 0, -60],
							"uv": {
								"north": {"uv": [113, 29], "uv_size": [2, 1]},
								"east": {"uv": [30, 113], "uv_size": [2, 1]},
								"south": {"uv": [113, 30], "uv_size": [2, 1]},
								"west": {"uv": [113, 31], "uv_size": [2, 1]},
								"up": {"uv": [66, 111], "uv_size": [2, 2]},
								"down": {"uv": [68, 113], "uv_size": [2, -2]}
							}
						},
						{
							"origin": [-0.43591, 11.75294, -9.0872],
							"size": [0.70762, 0.10865, 0.80435],
							"pivot": [-0.0821, 11.15397, -4.31844],
							"rotation": [0, 0, 60],
							"uv": {
								"north": {"uv": [22, 113], "uv_size": [2, 1]},
								"east": {"uv": [24, 113], "uv_size": [2, 1]},
								"south": {"uv": [26, 113], "uv_size": [2, 1]},
								"west": {"uv": [28, 113], "uv_size": [2, 1]},
								"up": {"uv": [62, 111], "uv_size": [2, 2]},
								"down": {"uv": [64, 113], "uv_size": [2, -2]}
							}
						},
						{
							"origin": [0.63651, 11.16032, -9.0872],
							"size": [0.70762, 0.10865, 0.80435],
							"pivot": [0.99032, 10.62961, -4.31844],
							"rotation": [0, 0, -60],
							"uv": {
								"north": {"uv": [113, 17], "uv_size": [2, 1]},
								"east": {"uv": [18, 113], "uv_size": [2, 1]},
								"south": {"uv": [113, 18], "uv_size": [2, 1]},
								"west": {"uv": [20, 113], "uv_size": [2, 1]},
								"up": {"uv": [111, 58], "uv_size": [2, 2]},
								"down": {"uv": [60, 113], "uv_size": [2, -2]}
							}
						},
						{
							"origin": [-1.34413, 11.16032, -9.0872],
							"size": [0.70762, 0.10865, 0.80435],
							"pivot": [-0.99032, 10.62961, -4.31844],
							"rotation": [0, 0, 60],
							"uv": {
								"north": {"uv": [113, 14], "uv_size": [2, 1]},
								"east": {"uv": [113, 15], "uv_size": [2, 1]},
								"south": {"uv": [16, 113], "uv_size": [2, 1]},
								"west": {"uv": [113, 16], "uv_size": [2, 1]},
								"up": {"uv": [111, 56], "uv_size": [2, 2]},
								"down": {"uv": [58, 113], "uv_size": [2, -2]}
							}
						},
						{
							"origin": [-0.35381, 10.58856, -9.0872],
							"size": [0.70762, 0.10865, 0.80435],
							"uv": {
								"north": {"uv": [12, 113], "uv_size": [2, 1]},
								"east": {"uv": [113, 12], "uv_size": [2, 1]},
								"south": {"uv": [113, 13], "uv_size": [2, 1]},
								"west": {"uv": [14, 113], "uv_size": [2, 1]},
								"up": {"uv": [44, 111], "uv_size": [2, 2]},
								"down": {"uv": [56, 113], "uv_size": [2, -2]}
							}
						},
						{
							"origin": [-0.47174, 9.03423, -10.73476],
							"size": [0.94349, 0.73637, 1.59951],
							"uv": {
								"north": {"uv": [36, 107], "uv_size": [3, 2]},
								"east": {"uv": [104, 88], "uv_size": [4, 2]},
								"south": {"uv": [107, 90], "uv_size": [3, 2]},
								"west": {"uv": [105, 0], "uv_size": [4, 2]},
								"up": {"uv": [92, 97], "uv_size": [3, 4]},
								"down": {"uv": [95, 101], "uv_size": [3, -4]}
							}
						},
						{
							"origin": [-1.11384, 5.00475, -9.43719],
							"size": [2.22768, 5.27982, 1.62162],
							"uv": {
								"north": {"uv": [34, 28], "uv_size": [6, 15]},
								"east": {"uv": [55, 53], "uv_size": [4, 15]},
								"south": {"uv": [36, 6], "uv_size": [6, 15]},
								"west": {"uv": [0, 56], "uv_size": [4, 15]},
								"up": {"uv": [77, 64], "uv_size": [6, 4]},
								"down": {"uv": [78, 9], "uv_size": [6, -4]}
							}
						},
						{
							"origin": [-0.74984, 10.28457, -9.43719],
							"size": [1.49968, 0.364, 1.62162],
							"uv": {
								"north": {"uv": [111, 11], "uv_size": [4, 1]},
								"east": {"uv": [111, 22], "uv_size": [4, 1]},
								"south": {"uv": [111, 45], "uv_size": [4, 1]},
								"west": {"uv": [111, 46], "uv_size": [4, 1]},
								"up": {"uv": [33, 92], "uv_size": [4, 4]},
								"down": {"uv": [44, 96], "uv_size": [4, -4]}
							}
						},
						{
							"origin": [-0.74984, 7.59537, -12.90392],
							"size": [1.49968, 0.364, 0.364],
							"pivot": [0, 5.11926, -7.9244],
							"rotation": [-45, 0, 0],
							"uv": {
								"north": {"uv": [111, 47], "uv_size": [4, 1]},
								"east": {"uv": [35, 103], "uv_size": [1, 1]},
								"south": {"uv": [48, 111], "uv_size": [4, 1]},
								"west": {"uv": [57, 103], "uv_size": [1, 1]},
								"up": {"uv": [111, 48], "uv_size": [4, 1]},
								"down": {"uv": [111, 50], "uv_size": [4, -1]}
							}
						},
						{
							"origin": [-0.74984, 7.59537, -11.2823],
							"size": [1.49968, 0.364, 0.364],
							"pivot": [6.11975, 5.11926, -6.30278],
							"rotation": [-45, 0, 0],
							"uv": {
								"north": {"uv": [52, 111], "uv_size": [4, 1]},
								"east": {"uv": [68, 103], "uv_size": [1, 1]},
								"south": {"uv": [111, 52], "uv_size": [4, 1]},
								"west": {"uv": [103, 71], "uv_size": [1, 1]},
								"up": {"uv": [111, 53], "uv_size": [4, 1]},
								"down": {"uv": [111, 56], "uv_size": [4, -1]}
							}
						},
						{
							"origin": [-0.84084, 3.89, -10.62019],
							"size": [1.68168, 2.98207, 3.73737],
							"uv": {
								"north": {"uv": [59, 67], "uv_size": [5, 8]},
								"east": {"uv": [42, 5], "uv_size": [10, 8]},
								"south": {"uv": [68, 21], "uv_size": [5, 8]},
								"west": {"uv": [42, 13], "uv_size": [10, 8]},
								"up": {"uv": [10, 57], "uv_size": [5, 10]},
								"down": {"uv": [57, 31], "uv_size": [5, -10]}
							}
						},
						{
							"origin": [-0.84084, 3.89, -4.79619],
							"size": [1.68168, 2.16307, 0.57512],
							"uv": {
								"north": {"uv": [55, 75], "uv_size": [5, 6]},
								"east": {"uv": [2, 102], "uv_size": [2, 6]},
								"south": {"uv": [60, 75], "uv_size": [5, 6]},
								"west": {"uv": [4, 102], "uv_size": [2, 6]},
								"up": {"uv": [103, 41], "uv_size": [5, 2]},
								"down": {"uv": [103, 71], "uv_size": [5, -2]}
							}
						},
						{
							"origin": [-0.84084, 4.618, -6.90557],
							"size": [1.68168, 1.43507, 2.12212],
							"uv": {
								"north": {"uv": [5, 86], "uv_size": [5, 4]},
								"east": {"uv": [22, 82], "uv_size": [6, 4]},
								"south": {"uv": [86, 12], "uv_size": [5, 4]},
								"west": {"uv": [82, 37], "uv_size": [6, 4]},
								"up": {"uv": [65, 75], "uv_size": [5, 6]},
								"down": {"uv": [75, 80], "uv_size": [5, -6]}
							}
						},
						{
							"origin": [-0.84084, 5.13696, -9.4243],
							"size": [1.68168, 1.092, 0.728],
							"pivot": [0, 10.1001, -5.60503],
							"rotation": [45, 0, 0],
							"uv": {
								"north": {"uv": [94, 0], "uv_size": [5, 3]},
								"east": {"uv": [63, 108], "uv_size": [2, 3]},
								"south": {"uv": [94, 35], "uv_size": [5, 3]},
								"west": {"uv": [65, 108], "uv_size": [2, 3]},
								"up": {"uv": [103, 94], "uv_size": [5, 2]},
								"down": {"uv": [103, 98], "uv_size": [5, -2]}
							}
						},
						{
							"origin": [-0.84084, 5.13696, -11.51093],
							"size": [1.68168, 0.728, 1.092],
							"pivot": [0, 10.1001, -7.69166],
							"rotation": [45, 0, 0],
							"uv": {
								"north": {"uv": [103, 98], "uv_size": [5, 2]},
								"east": {"uv": [67, 108], "uv_size": [3, 2]},
								"south": {"uv": [102, 103], "uv_size": [5, 2]},
								"west": {"uv": [108, 69], "uv_size": [3, 2]},
								"up": {"uv": [94, 38], "uv_size": [5, 3]},
								"down": {"uv": [95, 58], "uv_size": [5, -3]}
							}
						},
						{
							"origin": [-0.84084, 6.8321, -15.50569],
							"size": [1.68168, 0.728, 1.092],
							"pivot": [0, 11.79524, -11.68642],
							"rotation": [45, 0, 0],
							"uv": {
								"north": {"uv": [8, 104], "uv_size": [5, 2]},
								"east": {"uv": [108, 88], "uv_size": [3, 2]},
								"south": {"uv": [13, 104], "uv_size": [5, 2]},
								"west": {"uv": [90, 108], "uv_size": [3, 2]},
								"up": {"uv": [95, 58], "uv_size": [5, 3]},
								"down": {"uv": [95, 64], "uv_size": [5, -3]}
							}
						},
						{
							"origin": [-0.84084, 4.32541, -11.39235],
							"size": [1.68168, 1.7745, 0.7735],
							"uv": {
								"north": {"uv": [77, 48], "uv_size": [5, 5]},
								"east": {"uv": [18, 21], "uv_size": [2, 5]},
								"south": {"uv": [77, 53], "uv_size": [5, 5]},
								"west": {"uv": [37, 61], "uv_size": [2, 5]},
								"up": {"uv": [18, 104], "uv_size": [5, 2]},
								"down": {"uv": [104, 29], "uv_size": [5, -2]}
							}
						},
						{
							"origin": [-0.84084, 3.43816, -11.39235],
							"size": [1.68168, 0.88725, 0.7735],
							"pivot": [-0.84084, 4.32541, -11.39235],
							"rotation": [61, 0, 0],
							"uv": {
								"north": {"uv": [48, 104], "uv_size": [5, 2]},
								"east": {"uv": [111, 33], "uv_size": [2, 2]},
								"south": {"uv": [53, 104], "uv_size": [5, 2]},
								"west": {"uv": [111, 35], "uv_size": [2, 2]},
								"up": {"uv": [104, 55], "uv_size": [5, 2]},
								"down": {"uv": [104, 59], "uv_size": [5, -2]}
							}
						},
						{
							"origin": [-0.67704, 8.93595, -6.13389],
							"size": [1.35408, 0.99372, 2.52252],
							"uv": {
								"north": {"uv": [12, 67], "uv_size": [4, 3]},
								"east": {"uv": [82, 55], "uv_size": [7, 3]},
								"south": {"uv": [96, 64], "uv_size": [4, 3]},
								"west": {"uv": [83, 9], "uv_size": [7, 3]},
								"up": {"uv": [28, 76], "uv_size": [4, 7]},
								"down": {"uv": [32, 83], "uv_size": [4, -7]}
							}
						},
						{
							"origin": [-0.67704, 6.28785, -4.27749],
							"size": [1.35408, 2.00382, 5.82582],
							"uv": {
								"north": {"uv": [36, 80], "uv_size": [4, 6]},
								"east": {"uv": [18, 28], "uv_size": [16, 6]},
								"south": {"uv": [40, 80], "uv_size": [4, 6]},
								"west": {"uv": [18, 34], "uv_size": [16, 6]},
								"up": {"uv": [28, 55], "uv_size": [4, 16]},
								"down": {"uv": [55, 53], "uv_size": [4, -16]}
							}
						},
						{
							"origin": [-1.11384, 5.00475, -7.81557],
							"size": [2.22768, 3.96942, 3.53262],
							"uv": {
								"north": {"uv": [33, 43], "uv_size": [6, 11]},
								"east": {"uv": [26, 6], "uv_size": [10, 11]},
								"south": {"uv": [47, 26], "uv_size": [6, 11]},
								"west": {"uv": [26, 17], "uv_size": [10, 11]},
								"up": {"uv": [56, 5], "uv_size": [6, 10]},
								"down": {"uv": [4, 67], "uv_size": [6, -10]}
							}
						},
						{
							"origin": [-1.11384, 6.23325, 1.07719],
							"size": [2.22768, 2.00382, 7.27272],
							"uv": {
								"north": {"uv": [45, 69], "uv_size": [6, 6]},
								"east": {"uv": [0, 15], "uv_size": [20, 6]},
								"south": {"uv": [51, 69], "uv_size": [6, 6]},
								"west": {"uv": [20, 0], "uv_size": [20, 6]},
								"up": {"uv": [20, 6], "uv_size": [6, 20]},
								"down": {"uv": [0, 41], "uv_size": [6, -20]}
							}
						},
						{
							"origin": [-1.11384, 6.21977, 8.3415],
							"size": [2.22768, 1.62162, 1.48512],
							"uv": {
								"north": {"uv": [76, 80], "uv_size": [6, 4]},
								"east": {"uv": [74, 91], "uv_size": [4, 4]},
								"south": {"uv": [44, 81], "uv_size": [6, 4]},
								"west": {"uv": [87, 91], "uv_size": [4, 4]},
								"up": {"uv": [50, 81], "uv_size": [6, 4]},
								"down": {"uv": [56, 85], "uv_size": [6, -4]}
							}
						},
						{
							"origin": [-1.11384, 8.19885, -3.77517],
							"size": [2.22768, 1.26672, 6.78132],
							"uv": {
								"north": {"uv": [86, 72], "uv_size": [6, 3]},
								"east": {"uv": [56, 15], "uv_size": [19, 3]},
								"south": {"uv": [86, 75], "uv_size": [6, 3]},
								"west": {"uv": [56, 18], "uv_size": [19, 3]},
								"up": {"uv": [6, 21], "uv_size": [6, 19]},
								"down": {"uv": [12, 40], "uv_size": [6, -19]}
							}
						},
						{
							"origin": [-1.11384, 5.00475, -4.28295],
							"size": [2.22768, 1.26672, 5.14332],
							"uv": {
								"north": {"uv": [88, 38], "uv_size": [6, 3]},
								"east": {"uv": [62, 12], "uv_size": [14, 3]},
								"south": {"uv": [40, 88], "uv_size": [6, 3]},
								"west": {"uv": [64, 45], "uv_size": [14, 3]},
								"up": {"uv": [16, 40], "uv_size": [6, 14]},
								"down": {"uv": [22, 54], "uv_size": [6, -14]}
							}
						},
						{
							"origin": [-1.11384, 8.97417, -3.57315],
							"size": [2.22768, 1.3377, 1.1739],
							"uv": {
								"north": {"uv": [78, 21], "uv_size": [6, 4]},
								"east": {"uv": [2, 98], "uv_size": [3, 4]},
								"south": {"uv": [78, 25], "uv_size": [6, 4]},
								"west": {"uv": [5, 98], "uv_size": [3, 4]},
								"up": {"uv": [85, 82], "uv_size": [6, 3]},
								"down": {"uv": [22, 89], "uv_size": [6, -3]}
							}
						},
						{
							"origin": [-1.11384, 8.16396, -3.57192],
							"size": [2.22768, 1.7199, 1.1739],
							"pivot": [0, 10.0968, -2.7693],
							"rotation": [60, 0, 0],
							"uv": {
								"north": {"uv": [70, 69], "uv_size": [6, 5]},
								"east": {"uv": [37, 92], "uv_size": [3, 5]},
								"south": {"uv": [28, 71], "uv_size": [6, 5]},
								"west": {"uv": [48, 92], "uv_size": [3, 5]},
								"up": {"uv": [28, 86], "uv_size": [6, 3]},
								"down": {"uv": [34, 89], "uv_size": [6, -3]}
							}
						},
						{
							"origin": [-1.11384, 6.30756, 1.83348],
							"size": [2.22768, 2.73, 1.1739],
							"pivot": [0, 9.2505, 2.6361],
							"rotation": [60, 0, 0],
							"uv": {
								"north": {"uv": [59, 51], "uv_size": [6, 8]},
								"east": {"uv": [0, 78], "uv_size": [3, 8]},
								"south": {"uv": [59, 59], "uv_size": [6, 8]},
								"west": {"uv": [80, 29], "uv_size": [3, 8]},
								"up": {"uv": [88, 0], "uv_size": [6, 3]},
								"down": {"uv": [88, 38], "uv_size": [6, -3]}
							}
						},
						{
							"origin": [-1.11384, 6.19181, 7.24552],
							"size": [2.22768, 1.5288, 1.1739],
							"pivot": [0, 7.93355, 8.04814],
							"rotation": [75, 0, 0],
							"uv": {
								"north": {"uv": [70, 80], "uv_size": [6, 4]},
								"east": {"uv": [24, 98], "uv_size": [3, 4]},
								"south": {"uv": [80, 74], "uv_size": [6, 4]},
								"west": {"uv": [27, 98], "uv_size": [3, 4]},
								"up": {"uv": [89, 55], "uv_size": [6, 3]},
								"down": {"uv": [89, 61], "uv_size": [6, -3]}
							}
						},
						{
							"origin": [-0.85644, 8.5181, 0.12671],
							"size": [1.71288, 0.637, 0.5369],
							"pivot": [-0.2184, 10.78764, 0.92933],
							"rotation": [-30, 0, 0],
							"uv": {
								"north": {"uv": [108, 37], "uv_size": [3, 2]},
								"east": {"uv": [69, 96], "uv_size": [1, 2]},
								"south": {"uv": [39, 108], "uv_size": [3, 2]},
								"west": {"uv": [39, 97], "uv_size": [1, 2]},
								"up": {"uv": [86, 111], "uv_size": [3, 1]},
								"down": {"uv": [111, 89], "uv_size": [3, -1]}
							}
						},
						{
							"origin": [-0.85644, 9.07261, -0.58203],
							"size": [1.71288, 0.70252, 3.35907],
							"uv": {
								"north": {"uv": [108, 33], "uv_size": [3, 2]},
								"east": {"uv": [23, 96], "uv_size": [7, 2]},
								"south": {"uv": [108, 35], "uv_size": [3, 2]},
								"west": {"uv": [96, 29], "uv_size": [7, 2]},
								"up": {"uv": [10, 83], "uv_size": [3, 7]},
								"down": {"uv": [13, 90], "uv_size": [3, -7]}
							}
						},
						{
							"origin": [-0.85644, 7.29776, 0.62686],
							"size": [1.71288, 0.4641, 0.8281],
							"pivot": [0, 6.173, 4.13218],
							"rotation": [-45, 0, 0],
							"uv": {
								"north": {"uv": [80, 111], "uv_size": [3, 1]},
								"east": {"uv": [112, 27], "uv_size": [2, 1]},
								"south": {"uv": [83, 111], "uv_size": [3, 1]},
								"west": {"uv": [112, 28], "uv_size": [2, 1]},
								"up": {"uv": [108, 29], "uv_size": [3, 2]},
								"down": {"uv": [108, 33], "uv_size": [3, -2]}
							}
						},
						{
							"origin": [-1.11384, 8.16213, -3.57421],
							"size": [2.22768, 1.7199, 1.1739],
							"pivot": [0, 10.09497, -2.77159],
							"rotation": [-30, 0, 0],
							"uv": {
								"north": {"uv": [71, 64], "uv_size": [6, 5]},
								"east": {"uv": [92, 72], "uv_size": [3, 5]},
								"south": {"uv": [72, 32], "uv_size": [6, 5]},
								"west": {"uv": [3, 93], "uv_size": [3, 5]},
								"up": {"uv": [34, 89], "uv_size": [6, 3]},
								"down": {"uv": [46, 92], "uv_size": [6, -3]}
							}
						},
						{
							"origin": [-1.11384, 5.60677, -5.01116],
							"size": [2.22768, 0.5733, 0.3003],
							"pivot": [0, 6.93901, -5.08214],
							"rotation": [45, 0, 0],
							"uv": {
								"north": {"uv": [96, 52], "uv_size": [6, 2]},
								"east": {"uv": [25, 26], "uv_size": [1, 2]},
								"south": {"uv": [97, 3], "uv_size": [6, 2]},
								"west": {"uv": [33, 40], "uv_size": [1, 2]},
								"up": {"uv": [107, 92], "uv_size": [6, 1]},
								"down": {"uv": [107, 94], "uv_size": [6, -1]}
							}
						},
						{
							"origin": [-1.11384, 7.49047, -3.86456],
							"size": [2.22768, 1.1193, 0.7371],
							"pivot": [0, 9.01381, -3.60794],
							"rotation": [-45, 0, 0],
							"uv": {
								"north": {"uv": [22, 89], "uv_size": [6, 3]},
								"east": {"uv": [99, 107], "uv_size": [2, 3]},
								"south": {"uv": [28, 89], "uv_size": [6, 3]},
								"west": {"uv": [107, 101], "uv_size": [2, 3]},
								"up": {"uv": [97, 13], "uv_size": [6, 2]},
								"down": {"uv": [97, 22], "uv_size": [6, -2]}
							}
						},
						{
							"origin": [-0.67704, 8.32593, -6.13495],
							"size": [1.35408, 1.1739, 0.546],
							"pivot": [0, 9.71277, -5.33233],
							"rotation": [-30, 0, 0],
							"uv": {
								"north": {"uv": [96, 78], "uv_size": [4, 3]},
								"east": {"uv": [95, 107], "uv_size": [2, 3]},
								"south": {"uv": [96, 82], "uv_size": [4, 3]},
								"west": {"uv": [97, 107], "uv_size": [2, 3]},
								"up": {"uv": [105, 43], "uv_size": [4, 2]},
								"down": {"uv": [48, 108], "uv_size": [4, -2]}
							}
						},
						{
							"origin": [-1.10474, 8.84645, -8.63892],
							"size": [2.21858, 1.5379, 0.6825],
							"pivot": [0.4368, 10.59729, -7.6998],
							"rotation": [30, 0, 0],
							"uv": {
								"north": {"uv": [81, 68], "uv_size": [6, 4]},
								"east": {"uv": [106, 77], "uv_size": [2, 4]},
								"south": {"uv": [82, 0], "uv_size": [6, 4]},
								"west": {"uv": [106, 105], "uv_size": [2, 4]},
								"up": {"uv": [100, 9], "uv_size": [6, 2]},
								"down": {"uv": [100, 13], "uv_size": [6, -2]}
							}
						},
						{
							"origin": [-1.11384, 4.93144, 0.75723],
							"size": [2.22768, 2.3751, 1.1193],
							"pivot": [0, 6.86428, 1.50525],
							"rotation": [-30, 0, 0],
							"uv": {
								"north": {"uv": [65, 48], "uv_size": [6, 7]},
								"east": {"uv": [82, 48], "uv_size": [3, 7]},
								"south": {"uv": [65, 55], "uv_size": [6, 7]},
								"west": {"uv": [82, 78], "uv_size": [3, 7]},
								"up": {"uv": [72, 88], "uv_size": [6, 3]},
								"down": {"uv": [87, 91], "uv_size": [6, -3]}
							}
						},
						{
							"origin": [-1.11384, 4.35987, 1.3549],
							"size": [2.22768, 2.457, 1.365],
							"pivot": [0, 6.29271, 2.34862],
							"rotation": [-60, 0, 0],
							"uv": {
								"north": {"uv": [65, 62], "uv_size": [6, 7]},
								"east": {"uv": [0, 71], "uv_size": [4, 7]},
								"south": {"uv": [66, 0], "uv_size": [6, 7]},
								"west": {"uv": [12, 76], "uv_size": [4, 7]},
								"up": {"uv": [78, 42], "uv_size": [6, 4]},
								"down": {"uv": [80, 18], "uv_size": [6, -4]}
							}
						},
						{
							"origin": [-0.36228, 8.32393, -10.73476],
							"size": [0.94349, 1.50987, 1.59951],
							"pivot": [0.10947, 8.89032, -4.01241],
							"rotation": [0, 0, -60],
							"uv": {
								"north": {"uv": [80, 97], "uv_size": [3, 4]},
								"east": {"uv": [40, 91], "uv_size": [4, 4]},
								"south": {"uv": [83, 97], "uv_size": [3, 4]},
								"west": {"uv": [70, 91], "uv_size": [4, 4]},
								"up": {"uv": [86, 97], "uv_size": [3, 4]},
								"down": {"uv": [89, 101], "uv_size": [3, -4]}
							}
						},
						{
							"origin": [-0.58121, 9.41593, -10.73476],
							"size": [0.94349, 0.41787, 1.59951],
							"pivot": [-0.10947, 8.89032, -4.01241],
							"rotation": [0, 0, 60],
							"uv": {
								"north": {"uv": [48, 103], "uv_size": [3, 1]},
								"east": {"uv": [110, 96], "uv_size": [4, 1]},
								"south": {"uv": [111, 60], "uv_size": [3, 1]},
								"west": {"uv": [110, 97], "uv_size": [4, 1]},
								"up": {"uv": [46, 97], "uv_size": [3, 4]},
								"down": {"uv": [97, 52], "uv_size": [3, -4]}
							}
						},
						{
							"origin": [0.84869, 8.89878, -10.73476],
							"size": [0.94349, 0.23587, 1.59951],
							"pivot": [1.32043, 8.19117, -4.01241],
							"rotation": [0, 0, -60],
							"uv": {
								"north": {"uv": [78, 94], "uv_size": [3, 1]},
								"east": {"uv": [95, 110], "uv_size": [4, 1]},
								"south": {"uv": [102, 17], "uv_size": [3, 1]},
								"west": {"uv": [110, 95], "uv_size": [4, 1]},
								"up": {"uv": [97, 9], "uv_size": [3, 4]},
								"down": {"uv": [36, 101], "uv_size": [3, -4]}
							}
						},
						{
							"origin": [-1.79217, 8.89878, -10.73476],
							"size": [0.94349, 0.62262, 1.59951],
							"pivot": [-1.32043, 8.19117, -4.01241],
							"rotation": [0, 0, 60],
							"uv": {
								"north": {"uv": [73, 10], "uv_size": [3, 2]},
								"east": {"uv": [36, 26], "uv_size": [4, 2]},
								"south": {"uv": [83, 12], "uv_size": [3, 2]},
								"west": {"uv": [40, 86], "uv_size": [4, 2]},
								"up": {"uv": [58, 96], "uv_size": [3, 4]},
								"down": {"uv": [66, 100], "uv_size": [3, -4]}
							}
						},
						{
							"origin": [-0.47174, 8.13643, -10.73476],
							"size": [0.94349, 0.44062, 1.59951],
							"uv": {
								"north": {"uv": [88, 3], "uv_size": [3, 1]},
								"east": {"uv": [110, 91], "uv_size": [4, 1]},
								"south": {"uv": [92, 77], "uv_size": [3, 1]},
								"west": {"uv": [110, 94], "uv_size": [4, 1]},
								"up": {"uv": [96, 31], "uv_size": [3, 4]},
								"down": {"uv": [96, 45], "uv_size": [3, -4]}
							}
						},
						{
							"origin": [-0.33966, 5.54785, -13.46588],
							"size": [0.67931, 0.37458, 2.6304],
							"uv": {
								"north": {"uv": [100, 112], "uv_size": [2, 1]},
								"east": {"uv": [86, 107], "uv_size": [7, 1]},
								"south": {"uv": [112, 100], "uv_size": [2, 1]},
								"west": {"uv": [107, 86], "uv_size": [7, 1]},
								"up": {"uv": [34, 96], "uv_size": [2, 7]},
								"down": {"uv": [44, 103], "uv_size": [2, -7]}
							}
						},
						{
							"origin": [-1.29036, 6.09674, -13.46588],
							"size": [0.67931, 0.23808, 2.6304],
							"pivot": [-0.95071, 5.58726, -8.23903],
							"rotation": [0, 0, 60],
							"uv": {
								"north": {"uv": [98, 112], "uv_size": [2, 1]},
								"east": {"uv": [107, 84], "uv_size": [7, 1]},
								"south": {"uv": [112, 99], "uv_size": [2, 1]},
								"west": {"uv": [107, 85], "uv_size": [7, 1]},
								"up": {"uv": [30, 96], "uv_size": [2, 7]},
								"down": {"uv": [32, 103], "uv_size": [2, -7]}
							}
						},
						{
							"origin": [0.61105, 6.09674, -13.46588],
							"size": [0.67931, 0.16983, 2.6304],
							"pivot": [0.95071, 5.58726, -8.23903],
							"rotation": [0, 0, -60],
							"uv": {
								"north": {"uv": [94, 112], "uv_size": [2, 1]},
								"east": {"uv": [72, 107], "uv_size": [7, 1]},
								"south": {"uv": [96, 112], "uv_size": [2, 1]},
								"west": {"uv": [79, 107], "uv_size": [7, 1]},
								"up": {"uv": [53, 95], "uv_size": [2, 7]},
								"down": {"uv": [0, 103], "uv_size": [2, -7]}
							}
						},
						{
							"origin": [-0.41847, 6.55463, -13.46588],
							"size": [0.67931, 0.21533, 2.7214],
							"pivot": [-0.07882, 6.09065, -8.23903],
							"rotation": [0, 0, 60],
							"uv": {
								"north": {"uv": [90, 112], "uv_size": [2, 1]},
								"east": {"uv": [107, 25], "uv_size": [7, 1]},
								"south": {"uv": [92, 112], "uv_size": [2, 1]},
								"west": {"uv": [107, 26], "uv_size": [7, 1]},
								"up": {"uv": [42, 95], "uv_size": [2, 7]},
								"down": {"uv": [51, 102], "uv_size": [2, -7]}
							}
						},
						{
							"origin": [-0.26084, 5.73563, -13.46588],
							"size": [0.67931, 1.03433, 2.7669],
							"pivot": [0.07882, 6.09065, -8.23903],
							"rotation": [0, 0, -60],
							"uv": {
								"north": {"uv": [108, 94], "uv_size": [2, 3]},
								"east": {"uv": [84, 41], "uv_size": [7, 3]},
								"south": {"uv": [108, 97], "uv_size": [2, 3]},
								"west": {"uv": [70, 84], "uv_size": [7, 3]},
								"up": {"uv": [57, 68], "uv_size": [2, 7]},
								"down": {"uv": [40, 102], "uv_size": [2, -7]}
							}
						},
						{
							"origin": [-0.33966, 6.34988, -13.46588],
							"size": [0.67931, 0.37458, 2.7214],
							"uv": {
								"north": {"uv": [86, 112], "uv_size": [2, 1]},
								"east": {"uv": [107, 23], "uv_size": [7, 1]},
								"south": {"uv": [88, 112], "uv_size": [2, 1]},
								"west": {"uv": [107, 24], "uv_size": [7, 1]},
								"up": {"uv": [37, 54], "uv_size": [2, 7]},
								"down": {"uv": [62, 28], "uv_size": [2, -7]}
							}
						},
						{
							"origin": [-0.40759, 6.38685, -12.5488],
							"size": [0.81517, 0.44949, 1.19997],
							"uv": {
								"north": {"uv": [4, 113], "uv_size": [2, 1]},
								"east": {"uv": [6, 112], "uv_size": [3, 1]},
								"south": {"uv": [6, 113], "uv_size": [2, 1]},
								"west": {"uv": [9, 112], "uv_size": [3, 1]},
								"up": {"uv": [109, 55], "uv_size": [2, 3]},
								"down": {"uv": [109, 61], "uv_size": [2, -3]}
							}
						},
						{
							"origin": [-0.31301, 5.64976, -12.5488],
							"size": [0.81517, 1.24119, 1.19997],
							"pivot": [0.09458, 6.07578, -8.23309],
							"rotation": [0, 0, -60],
							"uv": {
								"north": {"uv": [18, 109], "uv_size": [2, 3]},
								"east": {"uv": [20, 106], "uv_size": [3, 3]},
								"south": {"uv": [20, 109], "uv_size": [2, 3]},
								"west": {"uv": [106, 47], "uv_size": [3, 3]},
								"up": {"uv": [36, 109], "uv_size": [2, 3]},
								"down": {"uv": [109, 50], "uv_size": [2, -3]}
							}
						},
						{
							"origin": [-0.50217, 6.63256, -12.5488],
							"size": [0.81517, 0.25839, 1.19997],
							"pivot": [-0.09458, 6.07578, -8.23309],
							"rotation": [0, 0, 60],
							"uv": {
								"north": {"uv": [0, 113], "uv_size": [2, 1]},
								"east": {"uv": [112, 1], "uv_size": [3, 1]},
								"south": {"uv": [2, 113], "uv_size": [2, 1]},
								"west": {"uv": [3, 112], "uv_size": [3, 1]},
								"up": {"uv": [14, 109], "uv_size": [2, 3]},
								"down": {"uv": [16, 112], "uv_size": [2, -3]}
							}
						},
						{
							"origin": [0.73326, 6.08309, -12.5488],
							"size": [0.81517, 0.20379, 1.19997],
							"pivot": [1.14085, 5.47171, -8.23309],
							"rotation": [0, 0, -60],
							"uv": {
								"north": {"uv": [110, 112], "uv_size": [2, 1]},
								"east": {"uv": [0, 112], "uv_size": [3, 1]},
								"south": {"uv": [112, 112], "uv_size": [2, 1]},
								"west": {"uv": [112, 0], "uv_size": [3, 1]},
								"up": {"uv": [10, 109], "uv_size": [2, 3]},
								"down": {"uv": [12, 112], "uv_size": [2, -3]}
							}
						},
						{
							"origin": [-1.54844, 6.08309, -12.5488],
							"size": [0.81517, 0.28569, 1.19997],
							"pivot": [-1.14085, 5.47171, -8.23309],
							"rotation": [0, 0, 60],
							"uv": {
								"north": {"uv": [106, 112], "uv_size": [2, 1]},
								"east": {"uv": [108, 111], "uv_size": [3, 1]},
								"south": {"uv": [108, 112], "uv_size": [2, 1]},
								"west": {"uv": [111, 111], "uv_size": [3, 1]},
								"up": {"uv": [8, 109], "uv_size": [2, 3]},
								"down": {"uv": [109, 12], "uv_size": [2, -3]}
							}
						},
						{
							"origin": [-0.40759, 5.42442, -12.5488],
							"size": [0.81517, 0.44949, 1.19997],
							"uv": {
								"north": {"uv": [102, 112], "uv_size": [2, 1]},
								"east": {"uv": [98, 111], "uv_size": [3, 1]},
								"south": {"uv": [104, 112], "uv_size": [2, 1]},
								"west": {"uv": [105, 111], "uv_size": [3, 1]},
								"up": {"uv": [108, 105], "uv_size": [2, 3]},
								"down": {"uv": [108, 111], "uv_size": [2, -3]}
							}
						}
					]
				},
				{
					"name": "shell",
					"parent": "btr7",
					"pivot": [-1.05625, 6.99375, -2.9875]
				},
				{
					"name": "muzzle_flash",
					"parent": "btr7",
					"pivot": [0.08125, 8.8625, -16.475]
				},
				{
					"name": "ammo_count_text_pos",
					"parent": "btr7",
					"pivot": [2.84375, 6.99375, -2.9875]
				},
				{
					"name": "ammo_count_text_pos2",
					"parent": "btr7",
					"pivot": [2.84375, 5.69375, -2.9875]
				},
				{
					"name": "additional_magazine",
					"parent": "btr7",
					"pivot": [0, 4, -1]
				},
				{
					"name": "tt",
					"parent": "btr7",
					"pivot": [0, -0.71267, 5.60596],
					"cubes": [
						{
							"origin": [-1.33224, 7.08097, -3.34586],
							"size": [2.66448, 0.7917, 0.3822],
							"pivot": [0, 8.44051, -3.08924],
							"rotation": [-45, 0, 0],
							"uv": {
								"north": {"uv": [18, 26], "uv_size": [7, 2]},
								"east": {"uv": [64, 67], "uv_size": [1, 2]},
								"south": {"uv": [66, 10], "uv_size": [7, 2]},
								"west": {"uv": [3, 78], "uv_size": [1, 2]},
								"up": {"uv": [94, 15], "uv_size": [7, 1]},
								"down": {"uv": [97, 23], "uv_size": [7, -1]}
							}
						},
						{
							"origin": [-1.33224, 5.83205, -4.7479],
							"size": [2.66448, 0.5733, 0.3003],
							"pivot": [0, 7.16429, -4.81888],
							"rotation": [45, 0, 0],
							"uv": {
								"north": {"uv": [91, 27], "uv_size": [7, 2]},
								"east": {"uv": [3, 80], "uv_size": [1, 2]},
								"south": {"uv": [92, 18], "uv_size": [7, 2]},
								"west": {"uv": [3, 82], "uv_size": [1, 2]},
								"up": {"uv": [103, 100], "uv_size": [7, 1]},
								"down": {"uv": [104, 23], "uv_size": [7, -1]}
							}
						},
						{
							"origin": [-1.33224, 5.31149, -2.58723],
							"size": [2.66448, 0.819, 0.4641],
							"pivot": [0, 6.64373, -2.49441],
							"rotation": [-90, 0, 0],
							"uv": {
								"north": {"uv": [9, 96], "uv_size": [7, 2]},
								"east": {"uv": [90, 10], "uv_size": [1, 2]},
								"south": {"uv": [16, 96], "uv_size": [7, 2]},
								"west": {"uv": [21, 90], "uv_size": [1, 2]},
								"up": {"uv": [106, 83], "uv_size": [7, 1]},
								"down": {"uv": [107, 7], "uv_size": [7, -1]}
							}
						},
						{
							"origin": [-1.33224, 5.77194, -2.61013],
							"size": [2.66448, 1.4196, 1.0374],
							"pivot": [0, 7.75938, -1.69831],
							"rotation": [-45, 0, 0],
							"uv": {
								"north": {"uv": [76, 10], "uv_size": [7, 4]},
								"east": {"uv": [55, 98], "uv_size": [3, 4]},
								"south": {"uv": [36, 76], "uv_size": [7, 4]},
								"west": {"uv": [63, 98], "uv_size": [3, 4]},
								"up": {"uv": [84, 23], "uv_size": [7, 3]},
								"down": {"uv": [84, 29], "uv_size": [7, -3]}
							}
						},
						{
							"origin": [-1.33224, 5.71687, -3.51131],
							"size": [2.66448, 1.1739, 0.9828],
							"pivot": [0, 7.04911, -2.89979],
							"rotation": [-90, 0, 0],
							"uv": {
								"north": {"uv": [28, 83], "uv_size": [7, 3]},
								"east": {"uv": [105, 17], "uv_size": [3, 3]},
								"south": {"uv": [83, 29], "uv_size": [7, 3]},
								"west": {"uv": [8, 106], "uv_size": [3, 3]},
								"up": {"uv": [83, 32], "uv_size": [7, 3]},
								"down": {"uv": [83, 67], "uv_size": [7, -3]}
							}
						},
						{
							"origin": [-1.33224, 6.27669, -2.9515],
							"size": [2.66448, 1.2558, 0.5733],
							"pivot": [0, 7.60893, -2.33998],
							"rotation": [-90, 0, 0],
							"uv": {
								"north": {"uv": [84, 4], "uv_size": [7, 3]},
								"east": {"uv": [108, 2], "uv_size": [2, 3]},
								"south": {"uv": [84, 20], "uv_size": [7, 3]},
								"west": {"uv": [4, 108], "uv_size": [2, 3]},
								"up": {"uv": [80, 95], "uv_size": [7, 2]},
								"down": {"uv": [87, 97], "uv_size": [7, -2]}
							}
						},
						{
							"origin": [-1.33224, 7.16232, -3.25382],
							"size": [2.66448, 0.5733, 0.4095],
							"pivot": [0, 8.49456, -3.2156],
							"rotation": [45, 0, 0],
							"uv": {
								"north": {"uv": [95, 91], "uv_size": [7, 2]},
								"east": {"uv": [35, 83], "uv_size": [1, 2]},
								"south": {"uv": [95, 93], "uv_size": [7, 2]},
								"west": {"uv": [3, 84], "uv_size": [1, 2]},
								"up": {"uv": [106, 12], "uv_size": [7, 1]},
								"down": {"uv": [106, 55], "uv_size": [7, -1]}
							}
						},
						{
							"origin": [-1.33224, 5.8713, -1.59061],
							"size": [2.66448, 0.3003, 0.546],
							"pivot": [0, 7.20354, -0.97909],
							"rotation": [-90, 0, 0],
							"uv": {
								"north": {"uv": [106, 81], "uv_size": [7, 1]},
								"east": {"uv": [70, 90], "uv_size": [2, 1]},
								"south": {"uv": [106, 82], "uv_size": [7, 1]},
								"west": {"uv": [44, 91], "uv_size": [2, 1]},
								"up": {"uv": [94, 95], "uv_size": [7, 2]},
								"down": {"uv": [96, 9], "uv_size": [7, -2]}
							}
						}
					]
				},
				{
					"name": "ds",
					"parent": "btr7",
					"pivot": [-0.2184, 3.12414, 12.62933],
					"cubes": [
						{
							"origin": [-0.89544, 8.20811, 3.31797],
							"size": [1.79088, 1.70352, 2.27682],
							"uv": {
								"north": {"uv": [57, 0], "uv_size": [5, 5]},
								"east": {"uv": [71, 48], "uv_size": [6, 5]},
								"south": {"uv": [76, 69], "uv_size": [5, 5]},
								"west": {"uv": [71, 53], "uv_size": [6, 5]},
								"up": {"uv": [71, 58], "uv_size": [5, 6]},
								"down": {"uv": [72, 6], "uv_size": [5, -6]}
							}
						},
						{
							"origin": [-0.89544, 9.21754, 9.58753],
							"size": [1.79088, 0.39312, 0.61152],
							"pivot": [0, 7.19188, 10.58125],
							"rotation": [15, 0, 0],
							"uv": {
								"east": {"uv": [82, 4], "uv_size": [2, 1]},
								"south": {"uv": [109, 44], "uv_size": [5, 1]},
								"west": {"uv": [82, 41], "uv_size": [2, 1]},
								"up": {"uv": [73, 27], "uv_size": [5, 2]},
								"down": {"uv": [81, 74], "uv_size": [5, -2]}
							}
						},
						{
							"origin": [-0.89544, 9.87352, 10.0863],
							"size": [1.79088, 0.55692, 0.39312],
							"pivot": [0, 7.98436, 10.86162],
							"rotation": [30, 0, 0],
							"uv": {
								"east": {"uv": [5, 54], "uv_size": [1, 2]},
								"south": {"uv": [102, 84], "uv_size": [5, 2]},
								"west": {"uv": [64, 48], "uv_size": [1, 2]},
								"up": {"uv": [109, 61], "uv_size": [5, 1]},
								"down": {"uv": [109, 63], "uv_size": [5, -1]}
							}
						},
						{
							"origin": [-0.89544, 8.12413, 9.07628],
							"size": [1.79088, 0.92547, 0.61152],
							"pivot": [0.89544, 9.0496, 9.6878],
							"rotation": [-24, 0, 0],
							"uv": {
								"east": {"uv": [0, 108], "uv_size": [2, 3]},
								"south": {"uv": [91, 82], "uv_size": [5, 3]},
								"west": {"uv": [2, 108], "uv_size": [2, 3]},
								"up": {"uv": [102, 86], "uv_size": [5, 2]},
								"down": {"uv": [102, 92], "uv_size": [5, -2]}
							}
						},
						{
							"origin": [-0.89544, 8.20811, 7.79517],
							"size": [1.79088, 1.70352, 1.51242],
							"uv": {
								"north": {"uv": [77, 0], "uv_size": [5, 5]},
								"east": {"uv": [56, 85], "uv_size": [4, 5]},
								"south": {"uv": [16, 77], "uv_size": [5, 5]},
								"west": {"uv": [85, 58], "uv_size": [4, 5]},
								"up": {"uv": [85, 51], "uv_size": [5, 4]},
								"down": {"uv": [85, 82], "uv_size": [5, -4]}
							}
						},
						{
							"origin": [-0.89544, 8.20811, 5.47467],
							"size": [1.79088, 1.10292, 2.33142],
							"uv": {
								"north": {"uv": [92, 48], "uv_size": [5, 3]},
								"east": {"uv": [89, 61], "uv_size": [6, 3]},
								"south": {"uv": [15, 93], "uv_size": [5, 3]},
								"west": {"uv": [3, 90], "uv_size": [6, 3]},
								"up": {"uv": [70, 74], "uv_size": [5, 6]},
								"down": {"uv": [75, 21], "uv_size": [5, -6]}
							}
						},
						{
							"origin": [-0.89544, 7.38876, 3.44461],
							"size": [1.79088, 0.5096, 0.8736],
							"pivot": [0, 6.3095, 6.94993],
							"rotation": [-45, 0, 0],
							"uv": {
								"north": {"uv": [109, 103], "uv_size": [5, 1]},
								"east": {"uv": [46, 96], "uv_size": [2, 1]},
								"south": {"uv": [110, 2], "uv_size": [5, 1]},
								"west": {"uv": [100, 84], "uv_size": [2, 1]},
								"up": {"uv": [103, 20], "uv_size": [5, 2]},
								"down": {"uv": [103, 31], "uv_size": [5, -2]}
							}
						},
						{
							"origin": [-0.89544, 7.02476, 5.64499],
							"size": [1.79088, 0.8736, 0.8736],
							"pivot": [0, 6.3095, 9.15031],
							"rotation": [-45, 0, 0],
							"uv": {
								"north": {"uv": [30, 103], "uv_size": [5, 2]},
								"east": {"uv": [46, 110], "uv_size": [2, 2]},
								"south": {"uv": [103, 31], "uv_size": [5, 2]},
								"west": {"uv": [110, 99], "uv_size": [2, 2]},
								"up": {"uv": [103, 33], "uv_size": [5, 2]},
								"down": {"uv": [103, 37], "uv_size": [5, -2]}
							}
						},
						{
							"origin": [-0.89544, 8.7456, 4.02671],
							"size": [1.79088, 0.546, 0.2639],
							"pivot": [-0.2184, 10.92414, 4.82933],
							"rotation": [-30, 0, 0],
							"uv": {
								"north": {"uv": [78, 9], "uv_size": [5, 1]},
								"east": {"uv": [33, 42], "uv_size": [1, 1]},
								"south": {"uv": [72, 87], "uv_size": [5, 1]},
								"west": {"uv": [64, 50], "uv_size": [1, 1]},
								"up": {"uv": [46, 88], "uv_size": [5, 1]},
								"down": {"uv": [98, 70], "uv_size": [5, -1]}
							}
						},
						{
							"origin": [-0.89544, 8.30187, 2.12117],
							"size": [1.79088, 0.546, 0.24115],
							"pivot": [-0.2184, 10.48041, 2.92379],
							"rotation": [30, 0, 0],
							"uv": {
								"north": {"uv": [110, 66], "uv_size": [5, 1]},
								"east": {"uv": [55, 89], "uv_size": [1, 1]},
								"south": {"uv": [67, 110], "uv_size": [5, 1]},
								"west": {"uv": [51, 94], "uv_size": [1, 1]},
								"up": {"uv": [110, 67], "uv_size": [5, 1]},
								"down": {"uv": [110, 69], "uv_size": [5, -1]}
							}
						},
						{
							"origin": [-0.89544, 8.66528, 3.04497],
							"size": [1.79088, 0.7735, 0.33215],
							"uv": {
								"north": {"uv": [103, 37], "uv_size": [5, 2]},
								"east": {"uv": [39, 99], "uv_size": [1, 2]},
								"south": {"uv": [103, 39], "uv_size": [5, 2]},
								"west": {"uv": [60, 100], "uv_size": [1, 2]},
								"up": {"uv": [110, 73], "uv_size": [5, 1]},
								"down": {"uv": [110, 75], "uv_size": [5, -1]}
							}
						},
						{
							"origin": [-0.53144, 8.09653, -0.11728],
							"size": [1.06288, 1.25125, 3.69915],
							"uv": {
								"north": {"uv": [14, 106], "uv_size": [3, 3]},
								"east": {"uv": [76, 58], "uv_size": [9, 3]},
								"south": {"uv": [17, 106], "uv_size": [3, 3]},
								"west": {"uv": [76, 61], "uv_size": [9, 3]},
								"up": {"uv": [4, 77], "uv_size": [3, 9]},
								"down": {"uv": [7, 86], "uv_size": [3, -9]}
							}
						}
					]
				},
				{
					"name": "md3",
					"parent": "ds",
					"pivot": [-0.2275, 1.78929, 14.50146],
					"rotation": [0, -90, 0],
					"cubes": [
						{
							"origin": [-8.40839, 9.03163, 13.13011],
							"size": [0.76178, 0.19044, 2.15805],
							"uv": {
								"north": {"uv": [104, 68], "uv_size": [2, 1]},
								"east": {"uv": [107, 104], "uv_size": [6, 1]},
								"south": {"uv": [101, 111], "uv_size": [2, 1]},
								"west": {"uv": [108, 5], "uv_size": [6, 1]},
								"up": {"uv": [99, 31], "uv_size": [2, 6]},
								"down": {"uv": [99, 43], "uv_size": [2, -6]}
							}
						},
						{
							"origin": [-12.32951, -1.00784, 13.13011],
							"size": [0.76178, 0.66656, 2.15805],
							"pivot": [-1.29362, 1.27583, 19.23346],
							"rotation": [0, 0, 60],
							"uv": {
								"north": {"uv": [103, 110], "uv_size": [2, 2]},
								"east": {"uv": [98, 88], "uv_size": [6, 2]},
								"south": {"uv": [111, 7], "uv_size": [2, 2]},
								"west": {"uv": [99, 0], "uv_size": [6, 2]},
								"up": {"uv": [100, 55], "uv_size": [2, 6]},
								"down": {"uv": [58, 106], "uv_size": [2, -6]}
							}
						},
						{
							"origin": [3.31273, 12.50216, 13.13011],
							"size": [0.76178, 0.19044, 2.15805],
							"pivot": [0.83862, 1.27583, 19.23346],
							"rotation": [0, 0, -60],
							"uv": {
								"north": {"uv": [18, 112], "uv_size": [2, 1]},
								"east": {"uv": [108, 19], "uv_size": [6, 1]},
								"south": {"uv": [20, 112], "uv_size": [2, 1]},
								"west": {"uv": [108, 20], "uv_size": [6, 1]},
								"up": {"uv": [100, 61], "uv_size": [2, 6]},
								"down": {"uv": [66, 106], "uv_size": [2, -6]}
							}
						},
						{
							"origin": [-11.35177, -0.91945, 13.13011],
							"size": [0.76178, 0.66656, 2.15805],
							"pivot": [-0.31589, 1.84032, 19.23346],
							"rotation": [0, 0, 60],
							"uv": {
								"north": {"uv": [111, 9], "uv_size": [2, 2]},
								"east": {"uv": [99, 18], "uv_size": [6, 2]},
								"south": {"uv": [111, 13], "uv_size": [2, 2]},
								"west": {"uv": [99, 43], "uv_size": [6, 2]},
								"up": {"uv": [100, 72], "uv_size": [2, 6]},
								"down": {"uv": [101, 37], "uv_size": [2, -6]}
							}
						},
						{
							"origin": [2.33499, 12.11443, 13.13011],
							"size": [0.76178, 1.14267, 2.15805],
							"pivot": [-0.13911, 1.84032, 19.23346],
							"rotation": [0, 0, -60],
							"uv": {
								"north": {"uv": [6, 108], "uv_size": [2, 3]},
								"east": {"uv": [90, 7], "uv_size": [6, 3]},
								"south": {"uv": [23, 108], "uv_size": [2, 3]},
								"west": {"uv": [15, 90], "uv_size": [6, 3]},
								"up": {"uv": [36, 101], "uv_size": [2, 6]},
								"down": {"uv": [101, 43], "uv_size": [2, -6]}
							}
						},
						{
							"origin": [-8.40839, 9.2084, 13.13011],
							"size": [0.76178, 1.14267, 2.15805],
							"uv": {
								"north": {"uv": [25, 108], "uv_size": [2, 3]},
								"east": {"uv": [90, 29], "uv_size": [6, 3]},
								"south": {"uv": [27, 108], "uv_size": [2, 3]},
								"west": {"uv": [90, 32], "uv_size": [6, 3]},
								"up": {"uv": [38, 101], "uv_size": [2, 6]},
								"down": {"uv": [46, 107], "uv_size": [2, -6]}
							}
						}
					]
				},
				{
					"name": "wb",
					"parent": "btr7",
					"pivot": [0, -0.55562, 13.59961],
					"cubes": [
						{
							"origin": [-0.7007, 3.75507, 3.49125],
							"size": [1.4014, 0.637, 2.34325],
							"pivot": [0, 5.36577, 3.81885],
							"rotation": [-90, 0, 0],
							"uv": {
								"north": {"uv": [106, 50], "uv_size": [4, 2]},
								"east": {"uv": [98, 27], "uv_size": [6, 2]},
								"south": {"uv": [54, 106], "uv_size": [4, 2]},
								"west": {"uv": [98, 67], "uv_size": [6, 2]},
								"up": {"uv": [62, 81], "uv_size": [4, 6]},
								"down": {"uv": [66, 87], "uv_size": [4, -6]}
							}
						},
						{
							"origin": [-0.5187, 0.34257, 6.335],
							"size": [1.0374, 2.3205, 0.52325],
							"pivot": [0, 5.07002, 4.8426],
							"rotation": [-90, 0, 0],
							"uv": {
								"north": {"uv": [67, 90], "uv_size": [3, 6]},
								"east": {"uv": [5, 48], "uv_size": [1, 6]},
								"south": {"uv": [91, 10], "uv_size": [3, 6]},
								"west": {"uv": [32, 55], "uv_size": [1, 6]},
								"up": {"uv": [89, 111], "uv_size": [3, 1]},
								"down": {"uv": [111, 90], "uv_size": [3, -1]}
							}
						},
						{
							"origin": [-0.5187, 2.16257, 4.8335],
							"size": [1.0374, 0.29575, 1.5015],
							"pivot": [0, 5.07002, 4.8426],
							"rotation": [-90, 0, 0],
							"uv": {
								"north": {"uv": [67, 90], "uv_size": [3, 6]},
								"east": {"uv": [5, 48], "uv_size": [1, 6]},
								"south": {"uv": [91, 10], "uv_size": [3, 6]},
								"west": {"uv": [32, 55], "uv_size": [1, 6]},
								"up": {"uv": [89, 111], "uv_size": [3, 1]},
								"down": {"uv": [111, 90], "uv_size": [3, -1]}
							}
						},
						{
							"origin": [-0.1547, 3.16357, 6.335],
							"size": [0.3094, 0.56875, 1.5015],
							"pivot": [0, 6.52602, 4.8426],
							"rotation": [-90, 0, 0],
							"uv": {
								"north": {"uv": [96, 9], "uv_size": [1, 1]},
								"east": {"uv": [36, 96], "uv_size": [1, 1]},
								"south": {"uv": [96, 51], "uv_size": [1, 1]},
								"west": {"uv": [68, 100], "uv_size": [1, 1]},
								"up": {"uv": [101, 15], "uv_size": [1, 1]},
								"down": {"uv": [48, 102], "uv_size": [1, -1]}
							}
						},
						{
							"origin": [-0.1547, 3.89244, 3.29493],
							"size": [0.3094, 1.20575, 0.5915],
							"pivot": [0, 8.23314, 1.52953],
							"rotation": [-30, 0, 0],
							"uv": {
								"north": {"uv": [68, 101], "uv_size": [1, 1]},
								"east": {"uv": [48, 102], "uv_size": [1, 1]},
								"south": {"uv": [57, 102], "uv_size": [1, 1]},
								"west": {"uv": [68, 102], "uv_size": [1, 1]},
								"up": {"uv": [79, 102], "uv_size": [1, 1]},
								"down": {"uv": [102, 95], "uv_size": [1, -1]}
							}
						},
						{
							"origin": [-0.3367, 0.38807, 6.335],
							"size": [0.6734, 2.093, 0.15925],
							"pivot": [0, 4.54677, 4.8426],
							"rotation": [-90, 0, 0],
							"uv": {
								"north": {"uv": [98, 101], "uv_size": [2, 6]},
								"east": {"uv": [15, 57], "uv_size": [1, 6]},
								"south": {"uv": [100, 101], "uv_size": [2, 6]},
								"west": {"uv": [32, 61], "uv_size": [1, 6]},
								"up": {"uv": [50, 112], "uv_size": [2, 1]},
								"down": {"uv": [52, 113], "uv_size": [2, -1]}
							}
						},
						{
							"origin": [-0.5187, 0.85734, 4.61448],
							"size": [1.0374, 0.52325, 1.729],
							"pivot": [0, 5.58479, 4.32783],
							"rotation": [-90, 0, 0],
							"uv": {
								"north": {"uv": [92, 111], "uv_size": [3, 1]},
								"east": {"uv": [110, 75], "uv_size": [5, 1]},
								"south": {"uv": [95, 111], "uv_size": [3, 1]},
								"west": {"uv": [110, 76], "uv_size": [5, 1]},
								"up": {"uv": [63, 93], "uv_size": [3, 5]},
								"down": {"uv": [94, 15], "uv_size": [3, -5]}
							}
						},
						{
							"origin": [-0.5187, 3.23979, 3.38031],
							"size": [1.0374, 0.728, 0.728],
							"pivot": [0, 7.96724, 1.88791],
							"rotation": [-45, 0, 0],
							"uv": {
								"north": {"uv": [108, 45], "uv_size": [3, 2]},
								"east": {"uv": [26, 111], "uv_size": [2, 2]},
								"south": {"uv": [108, 52], "uv_size": [3, 2]},
								"west": {"uv": [28, 111], "uv_size": [2, 2]},
								"up": {"uv": [54, 108], "uv_size": [3, 2]},
								"down": {"uv": [60, 110], "uv_size": [3, -2]}
							}
						},
						{
							"origin": [-0.3367, 3.08054, 4.35856],
							"size": [0.6734, 0.182, 0.3185],
							"pivot": [0, 7.80799, 2.45666],
							"rotation": [-45, 0, 0],
							"uv": {
								"north": {"uv": [54, 112], "uv_size": [2, 1]},
								"east": {"uv": [20, 95], "uv_size": [1, 1]},
								"south": {"uv": [72, 112], "uv_size": [2, 1]},
								"west": {"uv": [66, 95], "uv_size": [1, 1]},
								"up": {"uv": [74, 112], "uv_size": [2, 1]},
								"down": {"uv": [76, 113], "uv_size": [2, -1]}
							}
						},
						{
							"origin": [-0.7007, 2.79302, 3.74639],
							"size": [1.4014, 0.6825, 4.459],
							"pivot": [0, 4.40372, 3.45974],
							"rotation": [-60, 0, 0],
							"uv": {
								"north": {"uv": [66, 106], "uv_size": [4, 2]},
								"east": {"uv": [78, 46], "uv_size": [12, 2]},
								"south": {"uv": [106, 67], "uv_size": [4, 2]},
								"west": {"uv": [80, 18], "uv_size": [12, 2]},
								"up": {"uv": [62, 0], "uv_size": [4, 12]},
								"down": {"uv": [64, 33], "uv_size": [4, -12]}
							}
						},
						{
							"origin": [-0.6097, 3.75507, 4.12825],
							"size": [1.2194, 2.02475, 2.34325],
							"pivot": [0, 5.36577, 4.45585],
							"rotation": [-90, 0, 0],
							"uv": {
								"north": {"uv": [34, 70], "uv_size": [3, 6]},
								"east": {"uv": [64, 69], "uv_size": [6, 6]},
								"south": {"uv": [78, 88], "uv_size": [3, 6]},
								"west": {"uv": [12, 70], "uv_size": [6, 6]},
								"up": {"uv": [52, 89], "uv_size": [3, 6]},
								"down": {"uv": [81, 95], "uv_size": [3, -6]}
							}
						},
						{
							"origin": [-0.6097, 2.79302, 4.38339],
							"size": [1.2194, 2.07025, 3.07125],
							"pivot": [0, 4.40372, 4.09674],
							"rotation": [-60, 0, 0],
							"uv": {
								"north": {"uv": [84, 89], "uv_size": [3, 6]},
								"east": {"uv": [64, 33], "uv_size": [8, 6]},
								"south": {"uv": [0, 90], "uv_size": [3, 6]},
								"west": {"uv": [64, 39], "uv_size": [8, 6]},
								"up": {"uv": [16, 82], "uv_size": [3, 8]},
								"down": {"uv": [19, 90], "uv_size": [3, -8]}
							}
						},
						{
							"origin": [-0.6097, 0.61787, 5.22453],
							"size": [1.2194, 2.07025, 1.70625],
							"pivot": [0, 2.22857, 4.93788],
							"rotation": [-30, 0, 0],
							"uv": {
								"north": {"uv": [9, 90], "uv_size": [3, 6]},
								"east": {"uv": [45, 75], "uv_size": [5, 6]},
								"south": {"uv": [12, 90], "uv_size": [3, 6]},
								"west": {"uv": [50, 75], "uv_size": [5, 6]},
								"up": {"uv": [6, 93], "uv_size": [3, 5]},
								"down": {"uv": [55, 98], "uv_size": [3, -5]}
							}
						},
						{
							"origin": [-0.7007, -0.05648, 4.98942],
							"size": [1.4014, 0.728, 1.17325],
							"pivot": [0, 1.55422, 4.70277],
							"rotation": [-30, 0, 0],
							"uv": {
								"north": {"uv": [106, 73], "uv_size": [4, 2]},
								"east": {"uv": [108, 7], "uv_size": [3, 2]},
								"south": {"uv": [106, 75], "uv_size": [4, 2]},
								"west": {"uv": [108, 13], "uv_size": [3, 2]},
								"up": {"uv": [73, 98], "uv_size": [4, 3]},
								"down": {"uv": [98, 88], "uv_size": [4, -3]}
							}
						},
						{
							"origin": [-0.7007, -1.06859, 5.97589],
							"size": [1.4014, 3.458, 1.638],
							"pivot": [0, 0.54211, 5.68924],
							"rotation": [-60, 0, 0],
							"uv": {
								"north": {"uv": [37, 66], "uv_size": [4, 10]},
								"east": {"uv": [41, 66], "uv_size": [4, 10]},
								"south": {"uv": [4, 67], "uv_size": [4, 10]},
								"west": {"uv": [8, 67], "uv_size": [4, 10]},
								"up": {"uv": [91, 91], "uv_size": [4, 4]},
								"down": {"uv": [21, 96], "uv_size": [4, -4]}
							}
						},
						{
							"origin": [-0.6097, 0.1286, 6.25656],
							"size": [1.2194, 1.5015, 0.637],
							"uv": {
								"north": {"uv": [77, 98], "uv_size": [3, 4]},
								"east": {"uv": [58, 106], "uv_size": [2, 4]},
								"south": {"uv": [98, 97], "uv_size": [3, 4]},
								"west": {"uv": [70, 106], "uv_size": [2, 4]},
								"up": {"uv": [108, 15], "uv_size": [3, 2]},
								"down": {"uv": [108, 19], "uv_size": [3, -2]}
							}
						},
						{
							"origin": [-0.7007, -0.53318, 9.34903],
							"size": [1.4014, 0.364, 0.364],
							"pivot": [0, 1.07752, 9.06238],
							"rotation": [-105, 0, 0],
							"uv": {
								"north": {"uv": [110, 105], "uv_size": [4, 1]},
								"east": {"uv": [33, 70], "uv_size": [1, 1]},
								"south": {"uv": [110, 106], "uv_size": [4, 1]},
								"west": {"uv": [77, 5], "uv_size": [1, 1]},
								"up": {"uv": [110, 107], "uv_size": [4, 1]},
								"down": {"uv": [110, 109], "uv_size": [4, -1]}
							}
						},
						{
							"origin": [-0.7007, 1.9767, 6.32748],
							"size": [1.4014, 0.3185, 1.365],
							"pivot": [0, 0.4479, 6.04083],
							"rotation": [-60, 0, 0],
							"uv": {
								"north": {"uv": [110, 109], "uv_size": [4, 1]},
								"east": {"uv": [110, 110], "uv_size": [4, 1]},
								"south": {"uv": [0, 111], "uv_size": [4, 1]},
								"west": {"uv": [4, 111], "uv_size": [4, 1]},
								"up": {"uv": [25, 92], "uv_size": [4, 4]},
								"down": {"uv": [29, 96], "uv_size": [4, -4]}
							}
						},
						{
							"origin": [-0.9282, -1.91125, 2.52254],
							"size": [1.8564, 1.8746, 6.0606],
							"uv": {
								"north": {"uv": [21, 77], "uv_size": [5, 5]},
								"east": {"uv": [36, 21], "uv_size": [17, 5]},
								"south": {"uv": [77, 37], "uv_size": [5, 5]},
								"west": {"uv": [40, 0], "uv_size": [17, 5]},
								"up": {"uv": [6, 40], "uv_size": [5, 17]},
								"down": {"uv": [11, 57], "uv_size": [5, -17]}
							}
						},
						{
							"origin": [-0.9282, -4.73405, 9.51719],
							"size": [1.8564, 0.364, 0.364],
							"pivot": [0, -1.07585, 14.28104],
							"rotation": [-45, 0, 0],
							"uv": {
								"north": {"uv": [110, 3], "uv_size": [5, 1]},
								"east": {"uv": [77, 42], "uv_size": [1, 1]},
								"south": {"uv": [110, 4], "uv_size": [5, 1]},
								"west": {"uv": [44, 80], "uv_size": [1, 1]},
								"up": {"uv": [29, 110], "uv_size": [5, 1]},
								"down": {"uv": [110, 51], "uv_size": [5, -1]}
							}
						},
						{
							"origin": [-0.9282, -4.73405, 3.45659],
							"size": [1.8564, 0.364, 0.364],
							"pivot": [0, -1.07585, 8.22044],
							"rotation": [-45, 0, 0],
							"uv": {
								"north": {"uv": [110, 51], "uv_size": [5, 1]},
								"east": {"uv": [35, 85], "uv_size": [1, 1]},
								"south": {"uv": [52, 110], "uv_size": [5, 1]},
								"west": {"uv": [81, 88], "uv_size": [1, 1]},
								"up": {"uv": [57, 110], "uv_size": [5, 1]},
								"down": {"uv": [110, 64], "uv_size": [5, -1]}
							}
						},
						{
							"origin": [-0.9282, -0.16864, 7.38404],
							"size": [1.8564, 1.0465, 1.274],
							"pivot": [-0.2275, -0.96944, 7.09739],
							"rotation": [-60, 0, 0],
							"uv": {
								"north": {"uv": [58, 93], "uv_size": [5, 3]},
								"east": {"uv": [106, 9], "uv_size": [3, 3]},
								"south": {"uv": [93, 67], "uv_size": [5, 3]},
								"west": {"uv": [11, 106], "uv_size": [3, 3]},
								"up": {"uv": [93, 85], "uv_size": [5, 3]},
								"down": {"uv": [93, 91], "uv_size": [5, -3]}
							}
						},
						{
							"origin": [-0.9282, -1.90929, 2.26515],
							"size": [1.8564, 1.61525, 0.364],
							"uv": {
								"north": {"uv": [82, 85], "uv_size": [5, 4]},
								"east": {"uv": [15, 63], "uv_size": [1, 4]},
								"south": {"uv": [0, 86], "uv_size": [5, 4]},
								"west": {"uv": [32, 67], "uv_size": [1, 4]},
								"up": {"uv": [110, 64], "uv_size": [5, 1]},
								"down": {"uv": [110, 66], "uv_size": [5, -1]}
							}
						},
						{
							"origin": [-0.8372, 5.01335, 2.50371],
							"size": [1.6744, 1.5925, 0.65975],
							"pivot": [0, 6.03255, 2.53556],
							"rotation": [-60, 0, 0],
							"uv": {
								"north": {"uv": [77, 84], "uv_size": [5, 4]},
								"east": {"uv": [43, 76], "uv_size": [2, 4]},
								"south": {"uv": [51, 85], "uv_size": [5, 4]},
								"west": {"uv": [52, 106], "uv_size": [2, 4]},
								"up": {"uv": [102, 92], "uv_size": [5, 2]},
								"down": {"uv": [102, 103], "uv_size": [5, -2]}
							}
						},
						{
							"origin": [-0.8372, 3.63237, 1.6802],
							"size": [1.6744, 2.4115, 0.47775],
							"pivot": [0, 5.60707, 1.53005],
							"rotation": [-90, 0, 0],
							"uv": {
								"north": {"uv": [18, 70], "uv_size": [5, 7]},
								"east": {"uv": [5, 41], "uv_size": [1, 7]},
								"south": {"uv": [23, 70], "uv_size": [5, 7]},
								"west": {"uv": [39, 43], "uv_size": [1, 7]},
								"up": {"uv": [109, 101], "uv_size": [5, 1]},
								"down": {"uv": [109, 103], "uv_size": [5, -1]}
							}
						},
						{
							"origin": [-0.6552, 4.7101, 3.18975],
							"size": [1.3559, 0.6825, 0.34125],
							"pivot": [0, 6.3208, 2.9031],
							"rotation": [-45, 0, 0],
							"uv": {
								"north": {"uv": [106, 63], "uv_size": [4, 2]},
								"east": {"uv": [66, 93], "uv_size": [1, 2]},
								"south": {"uv": [106, 65], "uv_size": [4, 2]},
								"west": {"uv": [2, 96], "uv_size": [1, 2]},
								"up": {"uv": [110, 98], "uv_size": [4, 1]},
								"down": {"uv": [99, 111], "uv_size": [4, -1]}
							}
						},
						{
							"origin": [-0.8372, 4.67865, 4.68151],
							"size": [1.6744, 2.0475, 0.61425],
							"pivot": [0, 6.28935, 4.66786],
							"rotation": [-90, 0, 0],
							"uv": {
								"north": {"uv": [72, 37], "uv_size": [5, 6]},
								"east": {"uv": [69, 98], "uv_size": [2, 6]},
								"south": {"uv": [73, 21], "uv_size": [5, 6]},
								"west": {"uv": [71, 98], "uv_size": [2, 6]},
								"up": {"uv": [103, 2], "uv_size": [5, 2]},
								"down": {"uv": [103, 6], "uv_size": [5, -2]}
							}
						},
						{
							"origin": [-0.8372, 5.63368, 5.94976],
							"size": [1.6744, 0.6825, 0.47775],
							"pivot": [0, 7.24438, 5.79961],
							"rotation": [-45, 0, 0],
							"uv": {
								"north": {"uv": [103, 7], "uv_size": [5, 2]},
								"east": {"uv": [51, 92], "uv_size": [1, 2]},
								"south": {"uv": [103, 13], "uv_size": [5, 2]},
								"west": {"uv": [20, 93], "uv_size": [1, 2]},
								"up": {"uv": [109, 71], "uv_size": [5, 1]},
								"down": {"uv": [109, 73], "uv_size": [5, -1]}
							}
						}
					]
				},
				{
					"name": "fg_illuminated",
					"parent": "btr7",
					"pivot": [0, 10.05785, -4.31844],
					"cubes": [
						{
							"origin": [-0.03531, 10.63406, -8.83695],
							"size": [0.07062, 0.38165, 0.2356],
							"uv": {
								"north": {"uv": [79, 103], "uv_size": [1, 1]},
								"east": {"uv": [23, 104], "uv_size": [1, 1]},
								"south": {"uv": [35, 104], "uv_size": [1, 1]},
								"west": {"uv": [79, 104], "uv_size": [1, 1]},
								"up": {"uv": [23, 105], "uv_size": [1, 1]},
								"down": {"uv": [79, 106], "uv_size": [1, -1]}
							}
						}
					]
				},
				{
					"name": "md",
					"parent": "btr7",
					"pivot": [0, 1.18145, 1.02365],
					"rotation": [0, -90, 0],
					"cubes": [
						{
							"origin": [-8.14944, 8.96487, -0.06744],
							"size": [0.69888, 0.17472, 2.24952],
							"uv": {
								"north": {"uv": [55, 68], "uv_size": [2, 1]},
								"east": {"uv": [100, 80], "uv_size": [6, 1]},
								"south": {"uv": [16, 76], "uv_size": [2, 1]},
								"west": {"uv": [107, 87], "uv_size": [6, 1]},
								"up": {"uv": [20, 98], "uv_size": [2, 6]},
								"down": {"uv": [22, 104], "uv_size": [2, -6]}
							}
						},
						{
							"origin": [-11.98253, -1.12542, -0.06744],
							"size": [0.69888, 0.61152, 2.24952],
							"pivot": [-0.9781, 1.20542, 5.59458],
							"rotation": [0, 0, 60],
							"uv": {
								"north": {"uv": [106, 109], "uv_size": [2, 2]},
								"east": {"uv": [84, 44], "uv_size": [6, 2]},
								"south": {"uv": [34, 110], "uv_size": [2, 2]},
								"west": {"uv": [96, 45], "uv_size": [6, 2]},
								"up": {"uv": [16, 98], "uv_size": [2, 6]},
								"down": {"uv": [18, 104], "uv_size": [2, -6]}
							}
						},
						{
							"origin": [3.48365, 12.38458, -0.06744],
							"size": [0.69888, 0.17472, 2.24952],
							"pivot": [0.9781, 1.20542, 5.59458],
							"rotation": [0, 0, -60],
							"uv": {
								"north": {"uv": [40, 5], "uv_size": [2, 1]},
								"east": {"uv": [72, 6], "uv_size": [6, 1]},
								"south": {"uv": [4, 56], "uv_size": [2, 1]},
								"west": {"uv": [97, 5], "uv_size": [6, 1]},
								"up": {"uv": [12, 98], "uv_size": [2, 6]},
								"down": {"uv": [14, 104], "uv_size": [2, -6]}
							}
						},
						{
							"origin": [-11.08553, -1.04433, -0.06744],
							"size": [0.69888, 0.61152, 2.24952],
							"pivot": [-0.08109, 1.72331, 5.59458],
							"rotation": [0, 0, 60],
							"uv": {
								"north": {"uv": [80, 78], "uv_size": [2, 2]},
								"east": {"uv": [72, 43], "uv_size": [6, 2]},
								"south": {"uv": [60, 85], "uv_size": [2, 2]},
								"west": {"uv": [84, 7], "uv_size": [6, 2]},
								"up": {"uv": [8, 98], "uv_size": [2, 6]},
								"down": {"uv": [10, 104], "uv_size": [2, -6]}
							}
						},
						{
							"origin": [2.58665, 12.02886, -0.06744],
							"size": [0.69888, 1.04832, 2.24952],
							"pivot": [0.08109, 1.72331, 5.59458],
							"rotation": [0, 0, -60],
							"uv": {
								"north": {"uv": [46, 107], "uv_size": [2, 3]},
								"east": {"uv": [87, 67], "uv_size": [6, 3]},
								"south": {"uv": [93, 107], "uv_size": [2, 3]},
								"west": {"uv": [87, 85], "uv_size": [6, 3]},
								"up": {"uv": [61, 96], "uv_size": [2, 6]},
								"down": {"uv": [49, 103], "uv_size": [2, -6]}
							}
						},
						{
							"origin": [-8.14944, 9.12705, -0.06744],
							"size": [0.69888, 1.04832, 2.24952],
							"uv": {
								"north": {"uv": [62, 28], "uv_size": [2, 3]},
								"east": {"uv": [60, 87], "uv_size": [6, 3]},
								"south": {"uv": [45, 66], "uv_size": [2, 3]},
								"west": {"uv": [66, 87], "uv_size": [6, 3]},
								"up": {"uv": [57, 31], "uv_size": [2, 6]},
								"down": {"uv": [10, 83], "uv_size": [2, -6]}
							}
						}
					]
				},
				{
					"name": "md5",
					"parent": "btr7",
					"pivot": [0, -2.95905, -2.61635],
					"rotation": [0, -90, 0],
					"cubes": [
						{
							"origin": [-8.14944, 4.82437, -3.57094],
							"size": [0.69888, 0.17472, 1.90827],
							"uv": {
								"north": {"uv": [113, 8], "uv_size": [2, 1]},
								"east": {"uv": [110, 78], "uv_size": [5, 1]},
								"south": {"uv": [113, 9], "uv_size": [2, 1]},
								"west": {"uv": [110, 79], "uv_size": [5, 1]},
								"up": {"uv": [26, 77], "uv_size": [2, 5]},
								"down": {"uv": [78, 37], "uv_size": [2, -5]}
							}
						},
						{
							"origin": [-11.98253, -5.26592, -3.57094],
							"size": [0.69888, 0.61152, 1.90827],
							"pivot": [-0.9781, -2.93508, 1.95458],
							"rotation": [0, 0, 60],
							"uv": {
								"north": {"uv": [111, 37], "uv_size": [2, 2]},
								"east": {"uv": [104, 59], "uv_size": [5, 2]},
								"south": {"uv": [38, 111], "uv_size": [2, 2]},
								"west": {"uv": [104, 61], "uv_size": [5, 2]},
								"up": {"uv": [77, 102], "uv_size": [2, 5]},
								"down": {"uv": [0, 108], "uv_size": [2, -5]}
							}
						},
						{
							"origin": [3.48365, 8.24408, -3.57094],
							"size": [0.69888, 0.17472, 1.90827],
							"pivot": [0.9781, -2.93508, 1.95458],
							"rotation": [0, 0, -60],
							"uv": {
								"north": {"uv": [10, 113], "uv_size": [2, 1]},
								"east": {"uv": [110, 80], "uv_size": [5, 1]},
								"south": {"uv": [113, 10], "uv_size": [2, 1]},
								"west": {"uv": [90, 110], "uv_size": [5, 1]},
								"up": {"uv": [44, 103], "uv_size": [2, 5]},
								"down": {"uv": [104, 68], "uv_size": [2, -5]}
							}
						},
						{
							"origin": [-11.08553, -5.18483, -3.57094],
							"size": [0.69888, 0.61152, 1.90827],
							"pivot": [-0.08109, -2.41719, 1.95458],
							"rotation": [0, 0, 60],
							"uv": {
								"north": {"uv": [40, 111], "uv_size": [2, 2]},
								"east": {"uv": [68, 104], "uv_size": [5, 2]},
								"south": {"uv": [42, 111], "uv_size": [2, 2]},
								"west": {"uv": [104, 71], "uv_size": [5, 2]},
								"up": {"uv": [104, 73], "uv_size": [2, 5]},
								"down": {"uv": [30, 110], "uv_size": [2, -5]}
							}
						},
						{
							"origin": [2.58665, 7.88836, -3.57094],
							"size": [0.69888, 1.04832, 1.90827],
							"pivot": [0.08109, -2.41719, 1.95458],
							"rotation": [0, 0, -60],
							"uv": {
								"north": {"uv": [72, 109], "uv_size": [2, 3]},
								"east": {"uv": [70, 95], "uv_size": [5, 3]},
								"south": {"uv": [74, 109], "uv_size": [2, 3]},
								"west": {"uv": [95, 72], "uv_size": [5, 3]},
								"up": {"uv": [32, 105], "uv_size": [2, 5]},
								"down": {"uv": [34, 110], "uv_size": [2, -5]}
							}
						},
						{
							"origin": [-8.14944, 4.98655, -3.57094],
							"size": [0.69888, 1.04832, 1.90827],
							"uv": {
								"north": {"uv": [76, 109], "uv_size": [2, 3]},
								"east": {"uv": [75, 95], "uv_size": [5, 3]},
								"south": {"uv": [78, 109], "uv_size": [2, 3]},
								"west": {"uv": [95, 75], "uv_size": [5, 3]},
								"up": {"uv": [102, 105], "uv_size": [2, 5]},
								"down": {"uv": [104, 110], "uv_size": [2, -5]}
							}
						}
					]
				},
				{
					"name": "md4",
					"parent": "btr7",
					"pivot": [0, -4.68805, 1.9564],
					"rotation": [0, -90, 0],
					"cubes": [
						{
							"origin": [-8.14944, 3.52762, 0.86531],
							"size": [0.69888, 0.17472, 2.24952],
							"uv": {
								"north": {"uv": [78, 112], "uv_size": [2, 1]},
								"east": {"uv": [108, 42], "uv_size": [6, 1]},
								"south": {"uv": [80, 112], "uv_size": [2, 1]},
								"west": {"uv": [72, 108], "uv_size": [6, 1]},
								"up": {"uv": [6, 102], "uv_size": [2, 6]},
								"down": {"uv": [24, 108], "uv_size": [2, -6]}
							}
						},
						{
							"origin": [-12.35687, -6.77879, 0.86531],
							"size": [0.69888, 0.61152, 2.24952],
							"pivot": [-0.9781, -4.66408, 6.52733],
							"rotation": [0, 0, 60],
							"uv": {
								"north": {"uv": [111, 29], "uv_size": [2, 2]},
								"east": {"uv": [102, 15], "uv_size": [6, 2]},
								"south": {"uv": [30, 111], "uv_size": [2, 2]},
								"west": {"uv": [102, 45], "uv_size": [6, 2]},
								"up": {"uv": [26, 102], "uv_size": [2, 6]},
								"down": {"uv": [28, 108], "uv_size": [2, -6]}
							}
						},
						{
							"origin": [3.85799, 6.7312, 0.86531],
							"size": [0.69888, 0.17472, 2.24952],
							"pivot": [0.9781, -4.66408, 6.52733],
							"rotation": [0, 0, -60],
							"uv": {
								"north": {"uv": [82, 112], "uv_size": [2, 1]},
								"east": {"uv": [108, 77], "uv_size": [6, 1]},
								"south": {"uv": [84, 112], "uv_size": [2, 1]},
								"west": {"uv": [78, 108], "uv_size": [6, 1]},
								"up": {"uv": [40, 102], "uv_size": [2, 6]},
								"down": {"uv": [42, 108], "uv_size": [2, -6]}
							}
						},
						{
							"origin": [2.94799, 6.1852, 1.59331],
							"size": [1.06288, 0.17472, 0.79352],
							"pivot": [0.4321, -5.21008, 6.52733],
							"rotation": [0, 0, -60],
							"uv": {
								"north": {"uv": [12, 112], "uv_size": [3, 1]},
								"east": {"uv": [113, 7], "uv_size": [2, 1]},
								"south": {"uv": [15, 112], "uv_size": [3, 1]},
								"west": {"uv": [8, 113], "uv_size": [2, 1]},
								"up": {"uv": [109, 0], "uv_size": [3, 2]},
								"down": {"uv": [109, 29], "uv_size": [3, -2]}
							}
						},
						{
							"origin": [-11.45987, -6.69771, 0.86531],
							"size": [0.69888, 0.61152, 2.24952],
							"pivot": [-0.08109, -4.14619, 6.52733],
							"rotation": [0, 0, 60],
							"uv": {
								"north": {"uv": [111, 31], "uv_size": [2, 2]},
								"east": {"uv": [51, 102], "uv_size": [6, 2]},
								"south": {"uv": [32, 111], "uv_size": [2, 2]},
								"west": {"uv": [102, 52], "uv_size": [6, 2]},
								"up": {"uv": [102, 55], "uv_size": [2, 6]},
								"down": {"uv": [60, 108], "uv_size": [2, -6]}
							}
						},
						{
							"origin": [2.96099, 6.37549, 0.86531],
							"size": [0.69888, 1.04832, 2.24952],
							"pivot": [0.08109, -4.14619, 6.52733],
							"rotation": [0, 0, -60],
							"uv": {
								"north": {"uv": [108, 78], "uv_size": [2, 3]},
								"east": {"uv": [90, 64], "uv_size": [6, 3]},
								"south": {"uv": [84, 108], "uv_size": [2, 3]},
								"west": {"uv": [90, 78], "uv_size": [6, 3]},
								"up": {"uv": [102, 61], "uv_size": [2, 6]},
								"down": {"uv": [62, 108], "uv_size": [2, -6]}
							}
						},
						{
							"origin": [-8.14944, 3.6898, 0.86531],
							"size": [0.69888, 1.04832, 2.24952],
							"uv": {
								"north": {"uv": [86, 108], "uv_size": [2, 3]},
								"east": {"uv": [91, 3], "uv_size": [6, 3]},
								"south": {"uv": [88, 108], "uv_size": [2, 3]},
								"west": {"uv": [91, 20], "uv_size": [6, 3]},
								"up": {"uv": [64, 102], "uv_size": [2, 6]},
								"down": {"uv": [102, 78], "uv_size": [2, -6]}
							}
						}
					]
				},
				{
					"name": "md2",
					"parent": "btr7",
					"pivot": [0, -9.4428, 11.21565],
					"rotation": [0, -90, 0],
					"cubes": [
						{
							"origin": [-8.14944, -1.65938, 10.12456],
							"size": [0.69888, 0.17472, 2.24952],
							"uv": {
								"north": {"uv": [34, 112], "uv_size": [2, 1]},
								"east": {"uv": [108, 21], "uv_size": [6, 1]},
								"south": {"uv": [36, 112], "uv_size": [2, 1]},
								"west": {"uv": [108, 39], "uv_size": [6, 1]},
								"up": {"uv": [73, 101], "uv_size": [2, 6]},
								"down": {"uv": [75, 107], "uv_size": [2, -6]}
							}
						},
						{
							"origin": [-11.98253, -11.74967, 10.12456],
							"size": [0.69888, 0.61152, 2.24952],
							"pivot": [-0.9781, -9.41883, 15.78658],
							"rotation": [0, 0, 60],
							"uv": {
								"north": {"uv": [111, 15], "uv_size": [2, 2]},
								"east": {"uv": [100, 48], "uv_size": [6, 2]},
								"south": {"uv": [111, 17], "uv_size": [2, 2]},
								"west": {"uv": [100, 50], "uv_size": [6, 2]},
								"up": {"uv": [80, 101], "uv_size": [2, 6]},
								"down": {"uv": [82, 107], "uv_size": [2, -6]}
							}
						},
						{
							"origin": [3.48365, 1.76033, 10.12456],
							"size": [0.69888, 0.17472, 2.24952],
							"pivot": [0.9781, -9.41883, 15.78658],
							"rotation": [0, 0, -60],
							"uv": {
								"north": {"uv": [46, 112], "uv_size": [2, 1]},
								"east": {"uv": [108, 40], "uv_size": [6, 1]},
								"south": {"uv": [48, 112], "uv_size": [2, 1]},
								"west": {"uv": [108, 41], "uv_size": [6, 1]},
								"up": {"uv": [84, 101], "uv_size": [2, 6]},
								"down": {"uv": [86, 107], "uv_size": [2, -6]}
							}
						},
						{
							"origin": [-11.08553, -11.66858, 10.12456],
							"size": [0.69888, 0.61152, 2.24952],
							"pivot": [-0.08109, -8.90094, 15.78658],
							"rotation": [0, 0, 60],
							"uv": {
								"north": {"uv": [22, 111], "uv_size": [2, 2]},
								"east": {"uv": [100, 78], "uv_size": [6, 2]},
								"south": {"uv": [24, 111], "uv_size": [2, 2]},
								"west": {"uv": [100, 82], "uv_size": [6, 2]},
								"up": {"uv": [88, 101], "uv_size": [2, 6]},
								"down": {"uv": [90, 107], "uv_size": [2, -6]}
							}
						},
						{
							"origin": [2.58665, 1.40461, 10.12456],
							"size": [0.69888, 1.04832, 2.24952],
							"pivot": [0.08109, -8.90094, 15.78658],
							"rotation": [0, 0, -60],
							"uv": {
								"north": {"uv": [42, 108], "uv_size": [2, 3]},
								"east": {"uv": [90, 44], "uv_size": [6, 3]},
								"south": {"uv": [44, 108], "uv_size": [2, 3]},
								"west": {"uv": [90, 51], "uv_size": [6, 3]},
								"up": {"uv": [92, 101], "uv_size": [2, 6]},
								"down": {"uv": [94, 107], "uv_size": [2, -6]}
							}
						},
						{
							"origin": [-8.14944, -1.4972, 10.12456],
							"size": [0.69888, 1.04832, 2.24952],
							"uv": {
								"north": {"uv": [48, 108], "uv_size": [2, 3]},
								"east": {"uv": [55, 90], "uv_size": [6, 3]},
								"south": {"uv": [50, 108], "uv_size": [2, 3]},
								"west": {"uv": [61, 90], "uv_size": [6, 3]},
								"up": {"uv": [101, 95], "uv_size": [2, 6]},
								"down": {"uv": [96, 107], "uv_size": [2, -6]}
							}
						}
					]
				},
				{
					"name": "constraint",
					"parent": "btr7",
					"pivot": [0, 10.75, -9.0625]
				},
				{
					"name": "camera",
					"pivot": [10.3125, 14.4375, 18.25]
				},
				{
					"name": "positioning",
					"pivot": [0, 0, 0]
				},
				{
					"name": "ground",
					"parent": "positioning",
					"pivot": [0, 0, 0]
				},
				{
					"name": "fixed",
					"parent": "positioning",
					"pivot": [1.4375, 7, 0],
					"rotation": [0, 90, 0]
				},
				{
					"name": "thirdperson_hand",
					"parent": "positioning",
					"pivot": [0, 4, 1.5],
					"rotation": [0, -15, 0]
				},
				{
					"name": "idle_view",
					"parent": "positioning",
					"pivot": [10.3125, 14.4375, 18.25]
				},
				{
					"name": "iron_view",
					"parent": "positioning",
					"pivot": [0, 11.0625, 13.1875]
				},
				{
					"name": "refit_view",
					"parent": "positioning",
					"pivot": [23.1875, 5.25, 0],
					"rotation": [0, 90, 0]
				}
			]
		}
	]
}