{
	"format_version": "1.12.0",
	"minecraft:geometry": [
		{
			"description": {
				"identifier": "geometry.unknown",
				"texture_width": 128,
				"texture_height": 128,
				"visible_bounds_width": 6,
				"visible_bounds_height": 4,
				"visible_bounds_offset": [0, 1, 0]
			},
			"bones": [
				{
					"name": "root",
					"pivot": [0, 0, 0]
				},
				{
					"name": "lefthand_pos",
					"parent": "root",
					"pivot": [-4, 0, -2],
					"cubes": [
						{"origin": [-8, 0, -2], "size": [4, 12, 4], "uv": [35, 48]}
					]
				},
				{
					"name": "righthand_and_gun",
					"parent": "root",
					"pivot": [0, 0, 0]
				},
				{
					"name": "righthand_pos",
					"parent": "righthand_and_gun",
					"pivot": [0, 0, 0],
					"cubes": [
						{"origin": [4, 0, -2], "size": [4, 12, 4], "uv": [51, 48]}
					]
				},
				{
					"name": "bulldog",
					"parent": "righthand_and_gun",
					"pivot": [0, 0, 0]
				},
				{
					"name": "HD",
					"parent": "bulldog",
					"pivot": [0, 0, 0],
					"cubes": [
						{
							"origin": [-2.54198, 5.64975, 9.206],
							"size": [4.16, 2.864, 2.918],
							"inflate": -1,
							"pivot": [-0.24598, 5.67775, 11.07],
							"rotation": [0, 0, -60],
							"uv": {
								"north": {"uv": [44, 93], "uv_size": [3, 2]},
								"east": {"uv": [42, 93], "uv_size": [2, 2]},
								"south": {"uv": [49, 93], "uv_size": [3, 2]},
								"west": {"uv": [47, 93], "uv_size": [2, 2]},
								"up": {"uv": [44, 91], "uv_size": [3, 2]},
								"down": {"uv": [47, 93], "uv_size": [3, -2]}
							}
						},
						{
							"origin": [-4.97378, 3.83702, 9.206],
							"size": [4.16, 2.864, 2.918],
							"inflate": -1,
							"pivot": [-2.67778, 3.86502, 11.07],
							"rotation": [0, 0, 60],
							"uv": {
								"north": {"uv": [93, 60], "uv_size": [3, 2]},
								"east": {"uv": [91, 60], "uv_size": [2, 2]},
								"south": {"uv": [98, 60], "uv_size": [3, 2]},
								"west": {"uv": [96, 60], "uv_size": [2, 2]},
								"up": {"uv": [93, 58], "uv_size": [3, 2]},
								"down": {"uv": [96, 60], "uv_size": [3, -2]}
							}
						},
						{
							"origin": [-2.27198, 5.64975, 10.124],
							"size": [4.16, 2.864, 2.486],
							"inflate": -1,
							"pivot": [0.02402, 5.67775, 11.988],
							"rotation": [0, 0, -60],
							"uv": {
								"north": {"uv": [34, 92], "uv_size": [3, 2]},
								"east": {"uv": [32, 92], "uv_size": [2, 2]},
								"south": {"uv": [39, 92], "uv_size": [3, 2]},
								"west": {"uv": [37, 92], "uv_size": [2, 2]},
								"up": {"uv": [34, 90], "uv_size": [3, 2]},
								"down": {"uv": [37, 92], "uv_size": [3, -2]}
							}
						},
						{
							"origin": [-4.70378, 3.83702, 10.124],
							"size": [4.16, 2.864, 2.486],
							"inflate": -1,
							"pivot": [-2.40778, 3.86502, 11.988],
							"rotation": [0, 0, 60],
							"uv": {
								"north": {"uv": [83, 92], "uv_size": [3, 2]},
								"east": {"uv": [81, 92], "uv_size": [2, 2]},
								"south": {"uv": [88, 92], "uv_size": [3, 2]},
								"west": {"uv": [86, 92], "uv_size": [2, 2]},
								"up": {"uv": [83, 90], "uv_size": [3, 2]},
								"down": {"uv": [86, 92], "uv_size": [3, -2]}
							}
						},
						{
							"origin": [-2.08, 6.452, 9.152],
							"size": [4.16, 2.6048, 4.862],
							"inflate": -1,
							"uv": {
								"north": {"uv": [79, 10], "uv_size": [3, 2]},
								"east": {"uv": [75, 10], "uv_size": [4, 2]},
								"south": {"uv": [86, 10], "uv_size": [3, 2]},
								"west": {"uv": [82, 10], "uv_size": [4, 2]},
								"up": {"uv": [79, 6], "uv_size": [3, 4]},
								"down": {"uv": [82, 10], "uv_size": [3, -4]}
							}
						},
						{
							"origin": [-2.53821, 1.98699, 4.886],
							"size": [5.078, 2.6048, 7.454],
							"inflate": -1,
							"uv": {
								"north": {"uv": [6, 62], "uv_size": [4, 2]},
								"east": {"uv": [0, 62], "uv_size": [6, 2]},
								"south": {"uv": [16, 62], "uv_size": [4, 2]},
								"west": {"uv": [10, 62], "uv_size": [6, 2]},
								"up": {"uv": [6, 56], "uv_size": [4, 6]},
								"down": {"uv": [10, 62], "uv_size": [4, -6]}
							}
						},
						{
							"origin": [-2.53821, 2.00214, 10.34434],
							"size": [5.078, 2.6048, 2.6048],
							"inflate": -1,
							"pivot": [1.53979, 3.00214, 11.34434],
							"rotation": [45, 0, 0],
							"uv": {
								"north": {"uv": [77, 61], "uv_size": [4, 2]},
								"east": {"uv": [75, 61], "uv_size": [2, 2]},
								"south": {"uv": [83, 61], "uv_size": [4, 2]},
								"west": {"uv": [81, 61], "uv_size": [2, 2]},
								"up": {"uv": [77, 59], "uv_size": [4, 2]},
								"down": {"uv": [81, 61], "uv_size": [4, -2]}
							}
						},
						{
							"origin": [-2.01674, 5.97685, 9.152],
							"size": [2.648, 2.648, 4.862],
							"inflate": -1,
							"pivot": [-1.23274, 6.97685, 10.152],
							"rotation": [0, 0, -45],
							"uv": {
								"north": {"uv": [42, 68], "uv_size": [2, 2]},
								"east": {"uv": [38, 68], "uv_size": [4, 2]},
								"south": {"uv": [48, 68], "uv_size": [2, 2]},
								"west": {"uv": [44, 68], "uv_size": [4, 2]},
								"up": {"uv": [42, 64], "uv_size": [2, 4]},
								"down": {"uv": [44, 68], "uv_size": [2, -4]}
							}
						},
						{
							"origin": [0.14326, 5.97685, 9.152],
							"size": [2.648, 2.648, 4.862],
							"inflate": -1,
							"pivot": [0.92726, 6.97685, 10.152],
							"rotation": [0, 0, -45],
							"uv": {
								"north": {"uv": [18, 79], "uv_size": [2, 2]},
								"east": {"uv": [14, 79], "uv_size": [4, 2]},
								"south": {"uv": [24, 79], "uv_size": [2, 2]},
								"west": {"uv": [20, 79], "uv_size": [4, 2]},
								"up": {"uv": [18, 75], "uv_size": [2, 4]},
								"down": {"uv": [20, 79], "uv_size": [2, -4]}
							}
						},
						{
							"origin": [-2.53821, 2.42979, 9.152],
							"size": [5.078, 6.158, 3.62],
							"inflate": -1,
							"uv": {
								"north": {"uv": [3, 75], "uv_size": [4, 5]},
								"east": {"uv": [0, 75], "uv_size": [3, 5]},
								"south": {"uv": [10, 75], "uv_size": [4, 5]},
								"west": {"uv": [7, 75], "uv_size": [3, 5]},
								"up": {"uv": [3, 72], "uv_size": [4, 3]},
								"down": {"uv": [7, 75], "uv_size": [4, -3]}
							}
						},
						{
							"origin": [-0.10821, 4.48179, 10.772],
							"size": [2.648, 4.106, 3.242],
							"inflate": -1,
							"uv": {
								"north": {"uv": [37, 82], "uv_size": [2, 3]},
								"east": {"uv": [34, 82], "uv_size": [3, 3]},
								"south": {"uv": [42, 82], "uv_size": [2, 3]},
								"west": {"uv": [39, 82], "uv_size": [3, 3]},
								"up": {"uv": [37, 79], "uv_size": [2, 3]},
								"down": {"uv": [39, 82], "uv_size": [2, -3]}
							}
						},
						{
							"origin": [-2.53821, 4.48179, 10.772],
							"size": [2.648, 4.106, 3.242],
							"inflate": -1,
							"uv": {
								"north": {"uv": [82, 77], "uv_size": [2, 3]},
								"east": {"uv": [79, 77], "uv_size": [3, 3]},
								"south": {"uv": [87, 77], "uv_size": [2, 3]},
								"west": {"uv": [84, 77], "uv_size": [3, 3]},
								"up": {"uv": [82, 74], "uv_size": [2, 3]},
								"down": {"uv": [84, 77], "uv_size": [2, -3]}
							}
						},
						{
							"origin": [-1.83402, 5.27563, 9.206],
							"size": [4.16, 2.864, 2.918],
							"inflate": -1,
							"pivot": [0.46198, 5.30363, 7.83],
							"rotation": [0, 0, 60],
							"uv": {
								"north": {"uv": [2, 94], "uv_size": [3, 2]},
								"east": {"uv": [0, 94], "uv_size": [2, 2]},
								"south": {"uv": [7, 94], "uv_size": [3, 2]},
								"west": {"uv": [5, 94], "uv_size": [2, 2]},
								"up": {"uv": [2, 92], "uv_size": [3, 2]},
								"down": {"uv": [5, 94], "uv_size": [3, -2]}
							}
						},
						{
							"origin": [0.59778, 4.21114, 9.206],
							"size": [4.16, 2.864, 2.918],
							"inflate": -1,
							"pivot": [2.89378, 4.23914, 7.83],
							"rotation": [0, 0, -60],
							"uv": {
								"north": {"uv": [94, 2], "uv_size": [3, 2]},
								"east": {"uv": [92, 2], "uv_size": [2, 2]},
								"south": {"uv": [99, 2], "uv_size": [3, 2]},
								"west": {"uv": [97, 2], "uv_size": [2, 2]},
								"up": {"uv": [94, 0], "uv_size": [3, 2]},
								"down": {"uv": [97, 2], "uv_size": [3, -2]}
							}
						},
						{
							"origin": [-2.10402, 5.27563, 10.124],
							"size": [4.16, 2.864, 2.486],
							"inflate": -1,
							"pivot": [0.19198, 5.30363, 8.748],
							"rotation": [0, 0, 60],
							"uv": {
								"south": {"uv": [15, 92], "uv_size": [3, 2]},
								"up": {"uv": [10, 90], "uv_size": [3, 2]}
							}
						},
						{
							"origin": [0.32778, 4.21114, 10.124],
							"size": [4.16, 2.864, 2.486],
							"inflate": -1,
							"pivot": [2.62378, 4.23914, 8.748],
							"rotation": [0, 0, -60],
							"uv": {
								"north": {"uv": [92, 16], "uv_size": [3, 2]},
								"east": {"uv": [90, 16], "uv_size": [2, 2]},
								"south": {"uv": [97, 16], "uv_size": [3, 2]},
								"west": {"uv": [95, 16], "uv_size": [2, 2]},
								"up": {"uv": [92, 14], "uv_size": [3, 2]},
								"down": {"uv": [95, 16], "uv_size": [3, -2]}
							}
						},
						{
							"origin": [-1.864, 3.212, 10.934],
							"size": [3.728, 5.618, 3.728],
							"inflate": -1,
							"pivot": [0, 4.374, 12.798],
							"rotation": [8, 0, 0],
							"uv": {
								"north": {"uv": [3, 3], "uv_size": [3, 5]},
								"east": {"uv": [0, 3], "uv_size": [3, 5]},
								"south": {"uv": [9, 3], "uv_size": [3, 5]},
								"west": {"uv": [6, 3], "uv_size": [3, 5]},
								"up": {"uv": [3, 0], "uv_size": [3, 3]},
								"down": {"uv": [6, 3], "uv_size": [3, -3]}
							}
						},
						{
							"origin": [-0.136, 3.914, 11.636],
							"size": [2.864, 4.592, 2.756],
							"inflate": -1,
							"pivot": [0.864, 4.374, 13.5],
							"rotation": [4, 45, 0],
							"uv": {
								"north": {"uv": [36, 34], "uv_size": [2, 4]},
								"east": {"uv": [34, 34], "uv_size": [2, 4]},
								"south": {"uv": [40, 34], "uv_size": [2, 4]},
								"west": {"uv": [38, 34], "uv_size": [2, 4]},
								"up": {"uv": [36, 32], "uv_size": [2, 2]},
								"down": {"uv": [38, 34], "uv_size": [2, -2]}
							}
						},
						{
							"origin": [-1.756, 3.914, 11.636],
							"size": [2.756, 4.592, 2.864],
							"inflate": -1,
							"pivot": [-0.864, 4.374, 13.5],
							"rotation": [3.99029, 44.8606, 5.6477],
							"uv": {
								"north": {"uv": [36, 19], "uv_size": [2, 4]},
								"east": {"uv": [34, 19], "uv_size": [2, 4]},
								"south": {"uv": [40, 19], "uv_size": [2, 4]},
								"west": {"uv": [38, 19], "uv_size": [2, 4]},
								"up": {"uv": [36, 17], "uv_size": [2, 2]},
								"down": {"uv": [38, 19], "uv_size": [2, -2]}
							}
						},
						{
							"origin": [-0.31357, 2.96979, 10.63684],
							"size": [2.864, 2.972, 5.456],
							"inflate": -1,
							"pivot": [0.68643, 3.96979, 11.63684],
							"rotation": [0, -9, 0],
							"uv": {
								"north": {"uv": [30, 48], "uv_size": [2, 2]},
								"east": {"uv": [26, 48], "uv_size": [4, 2]},
								"south": {"uv": [36, 48], "uv_size": [2, 2]},
								"west": {"uv": [32, 48], "uv_size": [4, 2]},
								"up": {"uv": [30, 44], "uv_size": [2, 4]},
								"down": {"uv": [32, 48], "uv_size": [2, -4]}
							}
						},
						{
							"origin": [-2.53821, 2.96979, 10.772],
							"size": [2.864, 2.972, 5.456],
							"inflate": -1,
							"pivot": [-1.53821, 3.96979, 11.772],
							"rotation": [0, 9, 0],
							"uv": {
								"north": {"uv": [4, 26], "uv_size": [2, 2]},
								"east": {"uv": [0, 26], "uv_size": [4, 2]},
								"south": {"uv": [10, 26], "uv_size": [2, 2]},
								"west": {"uv": [6, 26], "uv_size": [4, 2]},
								"up": {"uv": [4, 22], "uv_size": [2, 4]},
								"down": {"uv": [6, 26], "uv_size": [2, -4]}
							}
						},
						{
							"origin": [-0.73, 3.52809, 12.55626],
							"size": [2.594, 5.294, 3.026],
							"inflate": -1,
							"pivot": [0, 4.69009, 13.66426],
							"rotation": [25, 0, 0],
							"uv": {
								"north": {"uv": [2, 43], "uv_size": [2, 4]},
								"east": {"uv": [0, 43], "uv_size": [2, 4]},
								"south": {"uv": [6, 43], "uv_size": [2, 4]},
								"west": {"uv": [4, 43], "uv_size": [2, 4]},
								"up": {"uv": [2, 41], "uv_size": [2, 2]},
								"down": {"uv": [4, 43], "uv_size": [2, -2]}
							}
						},
						{
							"origin": [-0.73, 3.64266, 12.94032],
							"size": [2.594, 2.864, 2.864],
							"inflate": -1,
							"pivot": [0, 4.80466, 14.04832],
							"rotation": [-36, 0, 0],
							"uv": {
								"north": {"uv": [2, 102], "uv_size": [2, 2]},
								"east": {"uv": [0, 102], "uv_size": [2, 2]},
								"south": {"uv": [6, 102], "uv_size": [2, 2]},
								"west": {"uv": [4, 102], "uv_size": [2, 2]},
								"up": {"uv": [2, 100], "uv_size": [2, 2]},
								"down": {"uv": [4, 102], "uv_size": [2, -2]}
							}
						},
						{
							"origin": [-1.864, 3.64266, 12.94032],
							"size": [2.594, 2.864, 2.864],
							"inflate": -1,
							"pivot": [-1.134, 4.80466, 14.04832],
							"rotation": [-36, 0, 0],
							"uv": {
								"north": {"uv": [78, 101], "uv_size": [2, 2]},
								"east": {"uv": [76, 101], "uv_size": [2, 2]},
								"south": {"uv": [82, 101], "uv_size": [2, 2]},
								"west": {"uv": [80, 101], "uv_size": [2, 2]},
								"up": {"uv": [78, 99], "uv_size": [2, 2]},
								"down": {"uv": [80, 101], "uv_size": [2, -2]}
							}
						},
						{
							"origin": [-1.864, 3.52809, 12.55626],
							"size": [2.594, 5.294, 3.026],
							"inflate": -1,
							"pivot": [-1.134, 4.69009, 13.66426],
							"rotation": [25, 0, 0],
							"uv": {
								"north": {"uv": [36, 2], "uv_size": [2, 4]},
								"east": {"uv": [34, 2], "uv_size": [2, 4]},
								"south": {"uv": [40, 2], "uv_size": [2, 4]},
								"west": {"uv": [38, 2], "uv_size": [2, 4]},
								"up": {"uv": [36, 0], "uv_size": [2, 2]},
								"down": {"uv": [38, 2], "uv_size": [2, -2]}
							}
						},
						{
							"origin": [-1.3348, 5.52609, 11.85426],
							"size": [2.1728, 3.728, 2.54],
							"inflate": -1,
							"uv": {
								"north": {"uv": [62, 11], "uv_size": [2, 3]},
								"east": {"uv": [60, 11], "uv_size": [2, 3]},
								"south": {"uv": [66, 11], "uv_size": [2, 3]},
								"west": {"uv": [64, 11], "uv_size": [2, 3]},
								"up": {"uv": [62, 9], "uv_size": [2, 2]},
								"down": {"uv": [64, 11], "uv_size": [2, -2]}
							}
						},
						{
							"origin": [-0.9028, 5.52609, 11.85426],
							"size": [2.1728, 3.728, 2.54],
							"inflate": -1,
							"uv": {
								"north": {"uv": [15, 45], "uv_size": [2, 3]},
								"east": {"uv": [13, 45], "uv_size": [2, 3]},
								"south": {"uv": [19, 45], "uv_size": [2, 3]},
								"west": {"uv": [17, 45], "uv_size": [2, 3]},
								"up": {"uv": [15, 43], "uv_size": [2, 2]},
								"down": {"uv": [17, 45], "uv_size": [2, -2]}
							}
						},
						{
							"origin": [-0.9028, 7.28296, 11.87432],
							"size": [2.1728, 2.162, 2.54],
							"inflate": -1,
							"pivot": [-0.324, 8.44496, 12.49632],
							"rotation": [-12, 0, 0],
							"uv": {
								"north": {"uv": [100, 44], "uv_size": [2, 2]},
								"east": {"uv": [98, 44], "uv_size": [2, 2]},
								"south": {"uv": [104, 44], "uv_size": [2, 2]},
								"west": {"uv": [102, 44], "uv_size": [2, 2]},
								"up": {"uv": [100, 42], "uv_size": [2, 2]},
								"down": {"uv": [102, 44], "uv_size": [2, -2]}
							}
						},
						{
							"origin": [-0.9028, 6.42586, 11.75759],
							"size": [2.1728, 2.162, 2.54],
							"inflate": -1,
							"pivot": [-0.324, 7.58786, 12.37959],
							"rotation": [58, 0, 0],
							"uv": {
								"north": {"uv": [16, 100], "uv_size": [2, 2]},
								"east": {"uv": [14, 100], "uv_size": [2, 2]},
								"south": {"uv": [20, 100], "uv_size": [2, 2]},
								"west": {"uv": [18, 100], "uv_size": [2, 2]},
								"up": {"uv": [16, 98], "uv_size": [2, 2]},
								"down": {"uv": [18, 100], "uv_size": [2, -2]}
							}
						},
						{
							"origin": [-1.3348, 6.42586, 11.75759],
							"size": [2.1728, 2.162, 2.54],
							"inflate": -1,
							"pivot": [-0.756, 7.58786, 12.37959],
							"rotation": [58, 0, 0],
							"uv": {
								"north": {"uv": [8, 100], "uv_size": [2, 2]},
								"east": {"uv": [6, 100], "uv_size": [2, 2]},
								"south": {"uv": [12, 100], "uv_size": [2, 2]},
								"west": {"uv": [10, 100], "uv_size": [2, 2]},
								"up": {"uv": [8, 98], "uv_size": [2, 2]},
								"down": {"uv": [10, 100], "uv_size": [2, -2]}
							}
						},
						{
							"origin": [-1.3348, 7.28296, 11.87432],
							"size": [2.1728, 2.162, 2.54],
							"inflate": -1,
							"pivot": [-0.756, 8.44496, 12.49632],
							"rotation": [-12, 0, 0],
							"uv": {
								"north": {"uv": [30, 100], "uv_size": [2, 2]},
								"east": {"uv": [28, 100], "uv_size": [2, 2]},
								"south": {"uv": [34, 100], "uv_size": [2, 2]},
								"west": {"uv": [32, 100], "uv_size": [2, 2]},
								"up": {"uv": [30, 98], "uv_size": [2, 2]},
								"down": {"uv": [32, 100], "uv_size": [2, -2]}
							}
						},
						{
							"origin": [-1.99884, 2.96979, 10.78345],
							"size": [3.998, 2.972, 5.402],
							"inflate": -1,
							"uv": {
								"north": {"uv": [76, 29], "uv_size": [3, 2]},
								"east": {"uv": [72, 29], "uv_size": [4, 2]},
								"south": {"uv": [83, 29], "uv_size": [3, 2]},
								"west": {"uv": [79, 29], "uv_size": [4, 2]},
								"up": {"uv": [76, 25], "uv_size": [3, 4]},
								"down": {"uv": [79, 29], "uv_size": [3, -4]}
							}
						},
						{
							"origin": [-1.99884, 2.35885, 10.76651],
							"size": [3.998, 2.648, 4.808],
							"inflate": -1,
							"uv": {
								"north": {"uv": [76, 4], "uv_size": [3, 2]},
								"east": {"uv": [72, 4], "uv_size": [4, 2]},
								"south": {"uv": [83, 4], "uv_size": [3, 2]},
								"west": {"uv": [79, 4], "uv_size": [4, 2]},
								"up": {"uv": [76, 0], "uv_size": [3, 4]},
								"down": {"uv": [79, 4], "uv_size": [3, -4]}
							}
						},
						{
							"origin": [-1.99884, 1.99779, 10.24345],
							"size": [3.998, 2.378, 5.024],
							"inflate": -1,
							"uv": {
								"north": {"uv": [46, 32], "uv_size": [3, 2]},
								"east": {"uv": [42, 32], "uv_size": [4, 2]},
								"south": {"uv": [53, 32], "uv_size": [3, 2]},
								"west": {"uv": [49, 32], "uv_size": [4, 2]},
								"up": {"uv": [46, 28], "uv_size": [3, 4]},
								"down": {"uv": [49, 32], "uv_size": [3, -4]}
							}
						},
						{
							"origin": [-1.99884, 2.95646, 13.95297],
							"size": [3.998, 2.378, 2.9265],
							"inflate": -1,
							"pivot": [0.13516, 2.82246, 15.60947],
							"rotation": [75.99573, 0, 0],
							"uv": {
								"north": {"uv": [91, 36], "uv_size": [3, 2]},
								"east": {"uv": [89, 36], "uv_size": [2, 2]},
								"south": {"uv": [96, 36], "uv_size": [3, 2]},
								"west": {"uv": [94, 36], "uv_size": [2, 2]},
								"up": {"uv": [91, 34], "uv_size": [3, 2]},
								"down": {"uv": [94, 36], "uv_size": [3, -2]}
							}
						},
						{
							"origin": [-1.99924, 2.47597, 11.64872],
							"size": [3.998, 2.378, 2.5485],
							"inflate": -1,
							"pivot": [0.13476, 2.34197, 12.86472],
							"rotation": [-90, 0, 0],
							"uv": {
								"north": {"uv": [91, 22], "uv_size": [3, 2]},
								"east": {"uv": [89, 22], "uv_size": [2, 2]},
								"south": {"uv": [96, 22], "uv_size": [3, 2]},
								"west": {"uv": [94, 22], "uv_size": [2, 2]},
								"up": {"uv": [91, 20], "uv_size": [3, 2]},
								"down": {"uv": [94, 22], "uv_size": [3, -2]}
							}
						},
						{
							"origin": [-1.99924, 1.56717, 10.10425],
							"size": [3.998, 3.458, 6.968],
							"inflate": -1,
							"pivot": [0.13476, 1.43317, 11.80625],
							"rotation": [-65, 0, 0],
							"uv": {
								"north": {"uv": [66, 31], "uv_size": [3, 3]},
								"east": {"uv": [60, 31], "uv_size": [6, 3]},
								"south": {"uv": [75, 31], "uv_size": [3, 3]},
								"west": {"uv": [69, 31], "uv_size": [6, 3]},
								"up": {"uv": [66, 25], "uv_size": [3, 6]},
								"down": {"uv": [69, 31], "uv_size": [3, -6]}
							}
						},
						{
							"origin": [-1.99924, -2.31038, 13.2098],
							"size": [3.998, 4.052, 3.62],
							"inflate": -1,
							"pivot": [0.13476, -0.66238, 9.9978],
							"rotation": [-20, 0, 0],
							"uv": {
								"north": {"uv": [20, 20], "uv_size": [3, 3]},
								"east": {"uv": [17, 20], "uv_size": [3, 3]},
								"south": {"uv": [26, 20], "uv_size": [3, 3]},
								"west": {"uv": [23, 20], "uv_size": [3, 3]},
								"up": {"uv": [20, 17], "uv_size": [3, 3]},
								"down": {"uv": [23, 20], "uv_size": [3, -3]}
							}
						},
						{
							"origin": [-1.99924, 3.07803, 14.41846],
							"size": [3.998, 4.7, 3.458],
							"inflate": -1,
							"pivot": [0.13476, 2.56603, 11.04446],
							"rotation": [-90, 0, 0],
							"uv": {
								"north": {"uv": [3, 18], "uv_size": [3, 4]},
								"east": {"uv": [0, 18], "uv_size": [3, 4]},
								"south": {"uv": [9, 18], "uv_size": [3, 4]},
								"west": {"uv": [6, 18], "uv_size": [3, 4]},
								"up": {"uv": [3, 15], "uv_size": [3, 3]},
								"down": {"uv": [6, 18], "uv_size": [3, -3]}
							}
						},
						{
							"origin": [-1.99924, -4.96797, 10.20646],
							"size": [3.998, 2.702, 3.35],
							"inflate": -1,
							"pivot": [0.99876, -3.26597, 12.55646],
							"rotation": [-116, 0, 0],
							"uv": {
								"north": {"uv": [65, 21], "uv_size": [3, 2]},
								"east": {"uv": [62, 21], "uv_size": [3, 2]},
								"south": {"uv": [71, 21], "uv_size": [3, 2]},
								"west": {"uv": [68, 21], "uv_size": [3, 2]},
								"up": {"uv": [65, 18], "uv_size": [3, 3]},
								"down": {"uv": [68, 21], "uv_size": [3, -3]}
							}
						},
						{
							"origin": [-1.83724, 1.67437, 9.144],
							"size": [3.674, 3.458, 7.238],
							"inflate": -1,
							"pivot": [0.13476, 1.54037, 10.738],
							"rotation": [-65, 0, 0],
							"uv": {
								"north": {"uv": [66, 6], "uv_size": [3, 3]},
								"east": {"uv": [60, 6], "uv_size": [6, 3]},
								"south": {"uv": [75, 6], "uv_size": [3, 3]},
								"west": {"uv": [69, 6], "uv_size": [6, 3]},
								"up": {"uv": [66, 0], "uv_size": [3, 6]},
								"down": {"uv": [69, 6], "uv_size": [3, -6]}
							}
						},
						{
							"origin": [-1.53177, 1.6921, 8.79868],
							"size": [3.08, 2.054, 7.4],
							"inflate": -1,
							"pivot": [0.11623, 1.5581, 10.39268],
							"rotation": [-65, 0, 0],
							"uv": {
								"north": {"uv": [6, 70], "uv_size": [2, 2]},
								"east": {"uv": [0, 70], "uv_size": [6, 2]},
								"south": {"uv": [14, 70], "uv_size": [2, 2]},
								"west": {"uv": [8, 70], "uv_size": [6, 2]},
								"up": {"uv": [6, 64], "uv_size": [2, 6]},
								"down": {"uv": [8, 70], "uv_size": [2, -6]}
							}
						},
						{
							"origin": [-0.76154, 1.71792, 9.07538],
							"size": [2.432, 2.432, 7.4],
							"inflate": -1,
							"pivot": [0.34646, 1.58392, 10.83138],
							"rotation": [-56.5968, -39.85571, -22.90981],
							"uv": {
								"north": {"uv": [50, 70], "uv_size": [2, 2]},
								"east": {"uv": [44, 70], "uv_size": [6, 2]},
								"south": {"uv": [58, 70], "uv_size": [2, 2]},
								"west": {"uv": [52, 70], "uv_size": [6, 2]},
								"up": {"uv": [50, 64], "uv_size": [2, 6]},
								"down": {"uv": [52, 70], "uv_size": [2, -6]}
							}
						},
						{
							"origin": [0.30152, 1.71792, 9.07538],
							"size": [2.432, 2.432, 7.4],
							"inflate": -1,
							"pivot": [1.40952, 1.58392, 10.83138],
							"rotation": [-56.5968, -39.85571, -22.90981],
							"uv": {
								"north": {"uv": [34, 70], "uv_size": [2, 2]},
								"east": {"uv": [28, 70], "uv_size": [6, 2]},
								"south": {"uv": [42, 70], "uv_size": [2, 2]},
								"west": {"uv": [36, 70], "uv_size": [6, 2]},
								"up": {"uv": [34, 64], "uv_size": [2, 6]},
								"down": {"uv": [36, 70], "uv_size": [2, -6]}
							}
						},
						{
							"origin": [-1.99884, 1.39659, 11.68563],
							"size": [3.998, 2.864, 2.864],
							"inflate": -1,
							"pivot": [0.13516, 1.64059, 15.22363],
							"rotation": [-45, 0, 0],
							"uv": {
								"north": {"uv": [73, 91], "uv_size": [3, 2]},
								"east": {"uv": [71, 91], "uv_size": [2, 2]},
								"south": {"uv": [78, 91], "uv_size": [3, 2]},
								"west": {"uv": [76, 91], "uv_size": [2, 2]},
								"up": {"uv": [73, 89], "uv_size": [3, 2]},
								"down": {"uv": [76, 91], "uv_size": [3, -2]}
							}
						},
						{
							"origin": [-1.99884, 1.56579, 7.11145],
							"size": [3.998, 2.432, 8.156],
							"inflate": -1,
							"uv": {
								"north": {"uv": [56, 23], "uv_size": [3, 2]},
								"east": {"uv": [49, 23], "uv_size": [7, 2]},
								"south": {"uv": [66, 23], "uv_size": [3, 2]},
								"west": {"uv": [59, 23], "uv_size": [7, 2]},
								"up": {"uv": [56, 16], "uv_size": [3, 7]},
								"down": {"uv": [59, 23], "uv_size": [3, -7]}
							}
						},
						{
							"origin": [-1.51284, -0.37821, 7.38145],
							"size": [3.08, 2.486, 5.743],
							"inflate": -1,
							"uv": {
								"north": {"uv": [27, 77], "uv_size": [2, 2]},
								"east": {"uv": [22, 77], "uv_size": [5, 2]},
								"south": {"uv": [34, 77], "uv_size": [2, 2]},
								"west": {"uv": [29, 77], "uv_size": [5, 2]},
								"up": {"uv": [27, 72], "uv_size": [2, 5]},
								"down": {"uv": [29, 77], "uv_size": [2, -5]}
							}
						},
						{
							"origin": [-1.51284, 2.89726, 5.77998],
							"size": [3.08, 2.432, 3.674],
							"inflate": -1,
							"pivot": [0.13516, 2.60126, 6.77998],
							"rotation": [-90, 0, 0],
							"uv": {
								"north": {"uv": [90, 56], "uv_size": [2, 2]},
								"east": {"uv": [87, 56], "uv_size": [3, 2]},
								"south": {"uv": [95, 56], "uv_size": [2, 2]},
								"west": {"uv": [92, 56], "uv_size": [3, 2]},
								"up": {"uv": [90, 53], "uv_size": [2, 3]},
								"down": {"uv": [92, 56], "uv_size": [2, -3]}
							}
						},
						{
							"origin": [-1.18884, 2.89726, 8.53398],
							"size": [2.432, 3.08, 3.674],
							"inflate": -1,
							"pivot": [0.13516, 2.60126, 9.53398],
							"rotation": [-90, 0, 0],
							"uv": {
								"north": {"uv": [54, 90], "uv_size": [2, 2]},
								"east": {"uv": [51, 90], "uv_size": [3, 2]},
								"south": {"uv": [59, 90], "uv_size": [2, 2]},
								"west": {"uv": [56, 90], "uv_size": [3, 2]},
								"up": {"uv": [54, 87], "uv_size": [2, 3]},
								"down": {"uv": [56, 90], "uv_size": [2, -3]}
							}
						},
						{
							"origin": [-1.18884, 3.27526, 9.01998],
							"size": [2.432, 2.594, 3.404],
							"inflate": -1,
							"pivot": [0.13516, 2.97926, 10.01998],
							"rotation": [-134, 0, 0],
							"uv": {
								"north": {"uv": [90, 51], "uv_size": [2, 2]},
								"east": {"uv": [87, 51], "uv_size": [3, 2]},
								"south": {"uv": [95, 51], "uv_size": [2, 2]},
								"west": {"uv": [92, 51], "uv_size": [3, 2]},
								"up": {"uv": [90, 48], "uv_size": [2, 3]},
								"down": {"uv": [92, 51], "uv_size": [2, -3]}
							}
						},
						{
							"origin": [-1.51284, 0.42141, 6.20702],
							"size": [3.08, 2.432, 2.432],
							"inflate": -1,
							"pivot": [0.13516, 0.12541, 7.04502],
							"rotation": [-45, 0, 0],
							"uv": {
								"north": {"uv": [101, 57], "uv_size": [2, 2]},
								"east": {"uv": [99, 57], "uv_size": [2, 2]},
								"south": {"uv": [105, 57], "uv_size": [2, 2]},
								"west": {"uv": [103, 57], "uv_size": [2, 2]},
								"up": {"uv": [101, 55], "uv_size": [2, 2]},
								"down": {"uv": [103, 57], "uv_size": [2, -2]}
							}
						},
						{
							"origin": [-1.99884, 0.45622, 4.87621],
							"size": [3.998, 2.432, 2.702],
							"inflate": -1,
							"pivot": [0.13516, 0.16022, 8.68421],
							"rotation": [-45, 0, 0],
							"uv": {
								"north": {"uv": [91, 90], "uv_size": [3, 2]},
								"east": {"uv": [89, 90], "uv_size": [2, 2]},
								"south": {"uv": [96, 90], "uv_size": [3, 2]},
								"west": {"uv": [94, 90], "uv_size": [2, 2]},
								"up": {"uv": [91, 88], "uv_size": [3, 2]},
								"down": {"uv": [94, 90], "uv_size": [3, -2]}
							}
						},
						{
							"origin": [0.08, 3.806, 10.772],
							"size": [2.648, 2.918, 3.728],
							"inflate": -1,
							"uv": {
								"north": {"uv": [27, 90], "uv_size": [2, 2]},
								"east": {"uv": [24, 90], "uv_size": [3, 2]},
								"south": {"uv": [32, 90], "uv_size": [2, 2]},
								"west": {"uv": [29, 90], "uv_size": [3, 2]},
								"up": {"uv": [27, 87], "uv_size": [2, 3]},
								"down": {"uv": [29, 90], "uv_size": [2, -3]}
							}
						},
						{
							"origin": [0.728, 3.914, 9.962],
							"size": [2.108, 2.648, 2.648],
							"inflate": -1,
							"pivot": [0.972, 4.104, 11.826],
							"rotation": [-45, 0, 0],
							"uv": {
								"north": {"uv": [46, 101], "uv_size": [2, 2]},
								"east": {"uv": [44, 101], "uv_size": [2, 2]},
								"south": {"uv": [50, 101], "uv_size": [2, 2]},
								"west": {"uv": [48, 101], "uv_size": [2, 2]},
								"up": {"uv": [46, 99], "uv_size": [2, 2]},
								"down": {"uv": [48, 101], "uv_size": [2, -2]}
							}
						},
						{
							"origin": [-2.782, 3.914, 9.962],
							"size": [2.108, 2.648, 2.648],
							"inflate": -1,
							"pivot": [-2.538, 4.104, 11.826],
							"rotation": [-45, 0, 0],
							"uv": {
								"north": {"uv": [38, 101], "uv_size": [2, 2]},
								"east": {"uv": [36, 101], "uv_size": [2, 2]},
								"south": {"uv": [42, 101], "uv_size": [2, 2]},
								"west": {"uv": [40, 101], "uv_size": [2, 2]},
								"up": {"uv": [38, 99], "uv_size": [2, 2]},
								"down": {"uv": [40, 101], "uv_size": [2, -2]}
							}
						},
						{
							"origin": [-2.674, 3.806, 10.772],
							"size": [2.648, 2.918, 3.728],
							"inflate": -1,
							"uv": {
								"north": {"uv": [3, 90], "uv_size": [2, 2]},
								"east": {"uv": [0, 90], "uv_size": [3, 2]},
								"south": {"uv": [8, 90], "uv_size": [2, 2]},
								"west": {"uv": [5, 90], "uv_size": [3, 2]},
								"up": {"uv": [3, 87], "uv_size": [2, 3]},
								"down": {"uv": [5, 90], "uv_size": [2, -3]}
							}
						},
						{
							"origin": [1.7324, 2.996, 11.0744],
							"size": [2.7452, 2.2592, 4.43],
							"inflate": -1,
							"pivot": [1.9116, 3.78, 11.3724],
							"rotation": [-90, -45, 90],
							"uv": {
								"north": {"uv": [21, 10], "uv_size": [2, 2]},
								"east": {"uv": [17, 10], "uv_size": [4, 2]},
								"south": {"uv": [27, 10], "uv_size": [2, 2]},
								"west": {"uv": [23, 10], "uv_size": [4, 2]},
								"up": {"uv": [21, 6], "uv_size": [2, 4]},
								"down": {"uv": [23, 10], "uv_size": [2, -4]}
							}
						},
						{
							"origin": [1.9484, 3.05, 10.9124],
							"size": [2.6912, 2.6912, 4.214],
							"inflate": -1,
							"pivot": [1.9116, 4.05, 11.1024],
							"rotation": [-90, -45, 90],
							"uv": {
								"north": {"uv": [89, 12], "uv_size": [2, 2]},
								"east": {"uv": [86, 12], "uv_size": [3, 2]},
								"south": {"uv": [94, 12], "uv_size": [2, 2]},
								"west": {"uv": [91, 12], "uv_size": [3, 2]},
								"up": {"uv": [89, 9], "uv_size": [2, 3]},
								"down": {"uv": [91, 12], "uv_size": [2, -3]}
							}
						},
						{
							"origin": [-1.324, -2.48446, 14.03991],
							"size": [2.594, 2.432, 3.728],
							"inflate": -1,
							"uv": {
								"north": {"uv": [84, 88], "uv_size": [2, 2]},
								"east": {"uv": [81, 88], "uv_size": [3, 2]},
								"south": {"uv": [89, 88], "uv_size": [2, 2]},
								"west": {"uv": [86, 88], "uv_size": [3, 2]},
								"up": {"uv": [84, 85], "uv_size": [2, 3]},
								"down": {"uv": [86, 88], "uv_size": [2, -3]}
							}
						},
						{
							"origin": [-1.324, -3.97, 14.174],
							"size": [2.594, 2.432, 3.728],
							"inflate": -1,
							"uv": {
								"north": {"uv": [88, 41], "uv_size": [2, 2]},
								"east": {"uv": [85, 41], "uv_size": [3, 2]},
								"south": {"uv": [93, 41], "uv_size": [2, 2]},
								"west": {"uv": [90, 41], "uv_size": [3, 2]},
								"up": {"uv": [88, 38], "uv_size": [2, 3]},
								"down": {"uv": [90, 41], "uv_size": [2, -3]}
							}
						},
						{
							"origin": [-1.324, -3.97, 15.902],
							"size": [2.594, 2.432, 3.188],
							"inflate": -1,
							"pivot": [0.27, -2.97, 16.902],
							"rotation": [58, 0, 0],
							"uv": {
								"north": {"uv": [62, 94], "uv_size": [2, 2]},
								"east": {"uv": [60, 94], "uv_size": [2, 2]},
								"south": {"uv": [66, 94], "uv_size": [2, 2]},
								"west": {"uv": [64, 94], "uv_size": [2, 2]},
								"up": {"uv": [62, 92], "uv_size": [2, 2]},
								"down": {"uv": [64, 94], "uv_size": [2, -2]}
							}
						},
						{
							"origin": [-1.324, -2.96252, 16.53154],
							"size": [2.594, 2.432, 3.188],
							"inflate": -1,
							"pivot": [0.27, -1.96252, 17.53154],
							"rotation": [130, 0, 0],
							"uv": {
								"north": {"uv": [54, 94], "uv_size": [2, 2]},
								"east": {"uv": [52, 94], "uv_size": [2, 2]},
								"south": {"uv": [58, 94], "uv_size": [2, 2]},
								"west": {"uv": [56, 94], "uv_size": [2, 2]},
								"up": {"uv": [54, 92], "uv_size": [2, 2]},
								"down": {"uv": [56, 94], "uv_size": [2, -2]}
							}
						},
						{
							"origin": [-1.89563, 6.97824, 9.37568],
							"size": [3.782, 2.108, 4.16],
							"inflate": -1,
							"uv": {
								"north": {"uv": [3, 11], "uv_size": [3, 2]},
								"east": {"uv": [0, 11], "uv_size": [3, 2]},
								"south": {"uv": [9, 11], "uv_size": [3, 2]},
								"west": {"uv": [6, 11], "uv_size": [3, 2]},
								"up": {"uv": [3, 8], "uv_size": [3, 3]},
								"down": {"uv": [6, 11], "uv_size": [3, -3]}
							}
						},
						{
							"origin": [-0.76163, 7.08624, 9.53768],
							"size": [2.432, 2.108, 3.836],
							"inflate": -1,
							"uv": {
								"north": {"uv": [83, 83], "uv_size": [2, 2]},
								"east": {"uv": [80, 83], "uv_size": [3, 2]},
								"south": {"uv": [88, 83], "uv_size": [2, 2]},
								"west": {"uv": [85, 83], "uv_size": [3, 2]},
								"up": {"uv": [83, 80], "uv_size": [2, 3]},
								"down": {"uv": [85, 83], "uv_size": [2, -3]}
							}
						},
						{
							"origin": [-1.67963, 7.08624, 9.53768],
							"size": [2.432, 2.108, 3.836],
							"inflate": -1,
							"uv": {
								"north": {"uv": [83, 54], "uv_size": [2, 2]},
								"east": {"uv": [80, 54], "uv_size": [3, 2]},
								"south": {"uv": [88, 54], "uv_size": [2, 2]},
								"west": {"uv": [85, 54], "uv_size": [3, 2]},
								"up": {"uv": [83, 51], "uv_size": [2, 3]},
								"down": {"uv": [85, 54], "uv_size": [2, -3]}
							}
						},
						{
							"origin": [-2.566, 6.02, 11.366],
							"size": [5.132, 2.432, 2.432],
							"inflate": -1,
							"uv": {
								"north": {"uv": [49, 41], "uv_size": [4, 2]},
								"east": {"uv": [47, 41], "uv_size": [2, 2]},
								"south": {"uv": [55, 41], "uv_size": [4, 2]},
								"west": {"uv": [53, 41], "uv_size": [2, 2]},
								"up": {"uv": [49, 39], "uv_size": [4, 2]},
								"down": {"uv": [53, 41], "uv_size": [4, -2]}
							}
						}
					]
				},
				{
					"name": "QJ",
					"parent": "bulldog",
					"pivot": [0.27, 5.36867, 14.18017],
					"cubes": [
						{
							"origin": [-1.324, 4.33809, 13.47426],
							"size": [2.594, 4.106, 2.486],
							"inflate": -1,
							"pivot": [-0.594, 4.69009, 14.25826],
							"rotation": [25, 0, 0],
							"uv": {
								"north": {"uv": [65, 49], "uv_size": [2, 3]},
								"east": {"uv": [63, 49], "uv_size": [2, 3]},
								"south": {"uv": [69, 49], "uv_size": [2, 3]},
								"west": {"uv": [67, 49], "uv_size": [2, 3]},
								"up": {"uv": [65, 47], "uv_size": [2, 2]},
								"down": {"uv": [67, 49], "uv_size": [2, -2]}
							}
						},
						{
							"origin": [-1.324, 6.14042, 12.59049],
							"size": [2.594, 2.432, 3.296],
							"inflate": -1,
							"uv": {
								"north": {"uv": [89, 74], "uv_size": [2, 2]},
								"east": {"uv": [86, 74], "uv_size": [3, 2]},
								"south": {"uv": [94, 74], "uv_size": [2, 2]},
								"west": {"uv": [91, 74], "uv_size": [3, 2]},
								"up": {"uv": [89, 71], "uv_size": [2, 3]},
								"down": {"uv": [91, 74], "uv_size": [2, -3]}
							}
						},
						{
							"origin": [-1.108, 5.97842, 12.64449],
							"size": [2.162, 2.432, 3.296],
							"inflate": -1,
							"uv": {
								"north": {"uv": [44, 89], "uv_size": [2, 2]},
								"east": {"uv": [41, 89], "uv_size": [3, 2]},
								"south": {"uv": [49, 89], "uv_size": [2, 2]},
								"west": {"uv": [46, 89], "uv_size": [3, 2]},
								"up": {"uv": [44, 86], "uv_size": [2, 3]},
								"down": {"uv": [46, 89], "uv_size": [2, -3]}
							}
						},
						{
							"origin": [-1.108, 6.08642, 13.94049],
							"size": [2.162, 2.324, 2.108],
							"inflate": -1,
							"uv": {
								"north": {"uv": [90, 100], "uv_size": [2, 2]},
								"east": {"uv": [88, 100], "uv_size": [2, 2]},
								"south": {"uv": [94, 100], "uv_size": [2, 2]},
								"west": {"uv": [92, 100], "uv_size": [2, 2]},
								"up": {"uv": [90, 98], "uv_size": [2, 2]},
								"down": {"uv": [92, 100], "uv_size": [2, -2]}
							}
						},
						{
							"origin": [-1.108, 6.41042, 13.88649],
							"size": [2.162, 2.216, 2.162],
							"inflate": -1,
							"pivot": [0.054, 7.41042, 15.04849],
							"rotation": [44, 0, 0],
							"uv": {
								"north": {"uv": [101, 6], "uv_size": [2, 2]},
								"east": {"uv": [99, 6], "uv_size": [2, 2]},
								"south": {"uv": [105, 6], "uv_size": [2, 2]},
								"west": {"uv": [103, 6], "uv_size": [2, 2]},
								"up": {"uv": [101, 4], "uv_size": [2, 2]},
								"down": {"uv": [103, 6], "uv_size": [2, -2]}
							}
						},
						{
							"origin": [-1.108, 6.08642, 13.88649],
							"size": [2.162, 2.216, 2.162],
							"inflate": -1,
							"pivot": [0.054, 7.08642, 15.04849],
							"rotation": [44, 0, 0],
							"uv": {
								"north": {"uv": [98, 100], "uv_size": [2, 2]},
								"east": {"uv": [96, 100], "uv_size": [2, 2]},
								"south": {"uv": [102, 100], "uv_size": [2, 2]},
								"west": {"uv": [100, 100], "uv_size": [2, 2]},
								"up": {"uv": [98, 98], "uv_size": [2, 2]},
								"down": {"uv": [100, 100], "uv_size": [2, -2]}
							}
						},
						{
							"origin": [-1.324, 5.14121, 13.34242],
							"size": [2.594, 2.432, 2.702],
							"inflate": -1,
							"pivot": [0.27, 6.14121, 13.74842],
							"rotation": [58, 0, 0],
							"uv": {
								"north": {"uv": [101, 35], "uv_size": [2, 2]},
								"east": {"uv": [99, 35], "uv_size": [2, 2]},
								"south": {"uv": [105, 35], "uv_size": [2, 2]},
								"west": {"uv": [103, 35], "uv_size": [2, 2]},
								"up": {"uv": [101, 33], "uv_size": [2, 2]},
								"down": {"uv": [103, 35], "uv_size": [2, -2]}
							}
						}
					]
				},
				{
					"name": "QDD",
					"parent": "bulldog",
					"pivot": [0, 3.672, 5.454]
				},
				{
					"name": "mag",
					"parent": "QDD",
					"pivot": [0, 5.562, 7.938],
					"cubes": [
						{
							"origin": [-2.08, 2.60277, 4.832],
							"size": [4.16, 2.864, 6.32],
							"inflate": -1,
							"uv": {
								"north": {"uv": [75, 39], "uv_size": [3, 2]},
								"east": {"uv": [70, 39], "uv_size": [5, 2]},
								"south": {"uv": [83, 39], "uv_size": [3, 2]},
								"west": {"uv": [78, 39], "uv_size": [5, 2]},
								"up": {"uv": [75, 34], "uv_size": [3, 5]},
								"down": {"uv": [78, 39], "uv_size": [3, -5]}
							}
						},
						{
							"origin": [-2.08, 5.48, 4.832],
							"size": [4.16, 2.864, 6.32],
							"inflate": -1,
							"uv": {
								"north": {"uv": [71, 74], "uv_size": [3, 2]},
								"east": {"uv": [66, 74], "uv_size": [5, 2]},
								"south": {"uv": [79, 74], "uv_size": [3, 2]},
								"west": {"uv": [74, 74], "uv_size": [5, 2]},
								"up": {"uv": [71, 69], "uv_size": [3, 5]},
								"down": {"uv": [74, 74], "uv_size": [3, -5]}
							}
						},
						{
							"origin": [-2.242, 3.374, 4.832],
							"size": [4.43, 4.106, 6.32],
							"inflate": -1,
							"uv": {
								"north": {"uv": [67, 64], "uv_size": [4, 3]},
								"east": {"uv": [62, 64], "uv_size": [5, 3]},
								"south": {"uv": [76, 64], "uv_size": [4, 3]},
								"west": {"uv": [71, 64], "uv_size": [5, 3]},
								"up": {"uv": [67, 59], "uv_size": [4, 5]},
								"down": {"uv": [71, 64], "uv_size": [4, -5]}
							}
						},
						{
							"origin": [-2.15802, 5.27563, 4.832],
							"size": [4.16, 2.864, 6.32],
							"inflate": -1,
							"pivot": [0.13798, 5.30363, 6.696],
							"rotation": [0, 0, 60],
							"uv": {
								"north": {"uv": [74, 23], "uv_size": [3, 2]},
								"east": {"uv": [69, 23], "uv_size": [5, 2]},
								"south": {"uv": [82, 23], "uv_size": [3, 2]},
								"west": {"uv": [77, 23], "uv_size": [5, 2]},
								"up": {"uv": [74, 18], "uv_size": [3, 5]},
								"down": {"uv": [77, 23], "uv_size": [3, -5]}
							}
						},
						{
							"origin": [-4.64978, 3.83702, 4.832],
							"size": [4.16, 2.864, 6.32],
							"inflate": -1,
							"pivot": [-2.35378, 3.86502, 6.696],
							"rotation": [0, 0, 60],
							"uv": {
								"north": {"uv": [16, 72], "uv_size": [3, 2]},
								"east": {"uv": [11, 72], "uv_size": [5, 2]},
								"south": {"uv": [24, 72], "uv_size": [3, 2]},
								"west": {"uv": [19, 72], "uv_size": [5, 2]},
								"up": {"uv": [16, 67], "uv_size": [3, 5]},
								"down": {"uv": [19, 72], "uv_size": [3, -5]}
							}
						},
						{
							"origin": [-2.21798, 5.64975, 4.832],
							"size": [4.16, 2.864, 6.32],
							"inflate": -1,
							"pivot": [0.07802, 5.67775, 6.696],
							"rotation": [0, 0, -60],
							"uv": {
								"north": {"uv": [60, 72], "uv_size": [3, 2]},
								"east": {"uv": [55, 72], "uv_size": [5, 2]},
								"south": {"uv": [68, 72], "uv_size": [3, 2]},
								"west": {"uv": [63, 72], "uv_size": [5, 2]},
								"up": {"uv": [60, 67], "uv_size": [3, 5]},
								"down": {"uv": [63, 72], "uv_size": [3, -5]}
							}
						},
						{
							"origin": [0.27378, 4.21114, 4.832],
							"size": [4.16, 2.864, 6.32],
							"inflate": -1,
							"pivot": [2.56978, 4.23914, 6.696],
							"rotation": [0, 0, -60],
							"uv": {
								"north": {"uv": [72, 52], "uv_size": [3, 2]},
								"east": {"uv": [67, 52], "uv_size": [5, 2]},
								"south": {"uv": [80, 52], "uv_size": [3, 2]},
								"west": {"uv": [75, 52], "uv_size": [5, 2]},
								"up": {"uv": [72, 47], "uv_size": [3, 5]},
								"down": {"uv": [75, 52], "uv_size": [3, -5]}
							}
						},
						{
							"origin": [-2.0368, 3.806, 8.396],
							"size": [3.0368, 3.0368, 2.864],
							"inflate": -1,
							"pivot": [0, 4.806, 9.396],
							"rotation": [0, 0, 45],
							"uv": {
								"north": {"uv": [26, 94], "uv_size": [2, 2]},
								"east": {"uv": [24, 94], "uv_size": [2, 2]},
								"south": {"uv": [30, 94], "uv_size": [2, 2]},
								"west": {"uv": [28, 94], "uv_size": [2, 2]},
								"up": {"uv": [26, 92], "uv_size": [2, 2]},
								"down": {"uv": [28, 94], "uv_size": [2, -2]}
							}
						},
						{
							"origin": [-2.134, 4.076, 7.91],
							"size": [3.296, 3.296, 3.296],
							"inflate": -1,
							"pivot": [-0.486, 5.076, 10.098],
							"rotation": [0, 0, 45],
							"uv": {
								"north": {"uv": [20, 3], "uv_size": [3, 3]},
								"east": {"uv": [17, 3], "uv_size": [3, 3]},
								"south": {"uv": [26, 3], "uv_size": [3, 3]},
								"west": {"uv": [23, 3], "uv_size": [3, 3]},
								"up": {"uv": [20, 0], "uv_size": [3, 3]},
								"down": {"uv": [23, 3], "uv_size": [3, -3]}
							}
						},
						{
							"origin": [-2.62, 5.21, 7.91],
							"size": [2.864, 2.864, 3.296],
							"inflate": -1,
							"pivot": [-1.404, 6.21, 10.098],
							"rotation": [0, 0, 45],
							"uv": {
								"north": {"uv": [34, 88], "uv_size": [2, 2]},
								"east": {"uv": [31, 88], "uv_size": [3, 2]},
								"south": {"uv": [39, 88], "uv_size": [2, 2]},
								"west": {"uv": [36, 88], "uv_size": [3, 2]},
								"up": {"uv": [34, 85], "uv_size": [2, 3]},
								"down": {"uv": [36, 88], "uv_size": [2, -3]}
							}
						},
						{
							"origin": [-2.62, 3.536, 7.91],
							"size": [2.864, 2.864, 3.296],
							"inflate": -1,
							"pivot": [-1.404, 4.536, 10.098],
							"rotation": [0, 0, 45],
							"uv": {
								"north": {"uv": [20, 88], "uv_size": [2, 2]},
								"east": {"uv": [17, 88], "uv_size": [3, 2]},
								"south": {"uv": [25, 88], "uv_size": [2, 2]},
								"west": {"uv": [22, 88], "uv_size": [3, 2]},
								"up": {"uv": [20, 85], "uv_size": [2, 3]},
								"down": {"uv": [22, 88], "uv_size": [2, -3]}
							}
						},
						{
							"origin": [-0.838, 3.536, 7.91],
							"size": [2.864, 2.864, 3.296],
							"inflate": -1,
							"pivot": [0.378, 4.536, 10.098],
							"rotation": [0, 0, 45],
							"uv": {
								"north": {"uv": [10, 88], "uv_size": [2, 2]},
								"east": {"uv": [7, 88], "uv_size": [3, 2]},
								"south": {"uv": [15, 88], "uv_size": [2, 2]},
								"west": {"uv": [12, 88], "uv_size": [3, 2]},
								"up": {"uv": [10, 85], "uv_size": [2, 3]},
								"down": {"uv": [12, 88], "uv_size": [2, -3]}
							}
						},
						{
							"origin": [-0.838, 5.264, 7.91],
							"size": [2.864, 2.864, 3.296],
							"inflate": -1,
							"pivot": [0.378, 6.264, 10.098],
							"rotation": [0, 0, 45],
							"uv": {
								"north": {"uv": [88, 6], "uv_size": [2, 2]},
								"east": {"uv": [85, 6], "uv_size": [3, 2]},
								"south": {"uv": [93, 6], "uv_size": [2, 2]},
								"west": {"uv": [90, 6], "uv_size": [3, 2]},
								"up": {"uv": [88, 3], "uv_size": [2, 3]},
								"down": {"uv": [90, 6], "uv_size": [2, -3]}
							}
						},
						{
							"origin": [-0.568, 5.534, 8.018],
							"size": [2.324, 2.324, 3.296],
							"inflate": -1,
							"pivot": [0.378, 6.264, 10.206],
							"rotation": [0, 0, 45],
							"uv": {
								"north": {"uv": [74, 87], "uv_size": [2, 2]},
								"east": {"uv": [71, 87], "uv_size": [3, 2]},
								"south": {"uv": [79, 87], "uv_size": [2, 2]},
								"west": {"uv": [76, 87], "uv_size": [3, 2]},
								"up": {"uv": [74, 84], "uv_size": [2, 3]},
								"down": {"uv": [76, 87], "uv_size": [2, -3]}
							}
						},
						{
							"origin": [-0.568, 3.806, 8.018],
							"size": [2.324, 2.324, 3.296],
							"inflate": -1,
							"pivot": [0.378, 4.536, 10.206],
							"rotation": [0, 0, 45],
							"uv": {
								"north": {"uv": [87, 63], "uv_size": [2, 2]},
								"east": {"uv": [84, 63], "uv_size": [3, 2]},
								"south": {"uv": [92, 63], "uv_size": [2, 2]},
								"west": {"uv": [89, 63], "uv_size": [3, 2]},
								"up": {"uv": [87, 60], "uv_size": [2, 3]},
								"down": {"uv": [89, 63], "uv_size": [2, -3]}
							}
						},
						{
							"origin": [-2.35, 3.806, 8.018],
							"size": [2.324, 2.324, 3.296],
							"inflate": -1,
							"pivot": [-1.404, 4.536, 10.206],
							"rotation": [0, 0, 45],
							"uv": {
								"north": {"uv": [67, 85], "uv_size": [2, 2]},
								"east": {"uv": [64, 85], "uv_size": [3, 2]},
								"south": {"uv": [72, 85], "uv_size": [2, 2]},
								"west": {"uv": [69, 85], "uv_size": [3, 2]},
								"up": {"uv": [67, 82], "uv_size": [2, 3]},
								"down": {"uv": [69, 85], "uv_size": [2, -3]}
							}
						},
						{
							"origin": [-2.35, 5.48, 8.018],
							"size": [2.324, 2.324, 3.296],
							"inflate": -1,
							"pivot": [-1.404, 6.21, 10.206],
							"rotation": [0, 0, 45],
							"uv": {
								"north": {"uv": [57, 85], "uv_size": [2, 2]},
								"east": {"uv": [54, 85], "uv_size": [3, 2]},
								"south": {"uv": [62, 85], "uv_size": [2, 2]},
								"west": {"uv": [59, 85], "uv_size": [3, 2]},
								"up": {"uv": [57, 82], "uv_size": [2, 3]},
								"down": {"uv": [59, 85], "uv_size": [2, -3]}
							}
						}
					]
				},
				{
					"name": "QD",
					"parent": "QDD",
					"pivot": [0, 3.618, 5.076],
					"cubes": [
						{
							"origin": [-2.08, 6.506, -4.78],
							"size": [4.16, 2.54, 11.45],
							"inflate": -1,
							"uv": {
								"north": {"uv": [43, 26], "uv_size": [3, 2]},
								"east": {"uv": [34, 26], "uv_size": [9, 2]},
								"south": {"uv": [55, 26], "uv_size": [3, 2]},
								"west": {"uv": [46, 26], "uv_size": [9, 2]},
								"up": {"uv": [43, 17], "uv_size": [3, 9]},
								"down": {"uv": [46, 26], "uv_size": [3, -9]}
							}
						},
						{
							"origin": [-1.61862, 1.33941, 4.46439],
							"size": [3.242, 3.242, 2.3672],
							"inflate": -1,
							"uv": {
								"north": {"uv": [63, 89], "uv_size": [3, 3]},
								"east": {"uv": [61, 89], "uv_size": [2, 3]},
								"south": {"uv": [68, 89], "uv_size": [3, 3]},
								"west": {"uv": [66, 89], "uv_size": [2, 3]},
								"up": {"uv": [63, 87], "uv_size": [3, 2]},
								"down": {"uv": [66, 89], "uv_size": [3, -2]}
							}
						},
						{
							"origin": [-2.08, 3.104, 4.454],
							"size": [4.16, 5.402, 2.216],
							"inflate": -1,
							"uv": {
								"north": {"uv": [2, 82], "uv_size": [3, 4]},
								"east": {"uv": [0, 82], "uv_size": [2, 4]},
								"south": {"uv": [7, 82], "uv_size": [3, 4]},
								"west": {"uv": [5, 82], "uv_size": [2, 4]},
								"up": {"uv": [2, 80], "uv_size": [3, 2]},
								"down": {"uv": [5, 82], "uv_size": [3, -2]}
							}
						},
						{
							"origin": [-2.08, 6.452, 4.13],
							"size": [4.16, 2.6048, 6.914],
							"inflate": -1,
							"uv": {
								"north": {"uv": [69, 16], "uv_size": [3, 2]},
								"east": {"uv": [63, 16], "uv_size": [6, 2]},
								"south": {"uv": [78, 16], "uv_size": [3, 2]},
								"west": {"uv": [72, 16], "uv_size": [6, 2]},
								"up": {"uv": [69, 10], "uv_size": [3, 6]},
								"down": {"uv": [72, 16], "uv_size": [3, -6]}
							}
						},
						{
							"origin": [-1.54, 6.992, -4.78],
							"size": [3.08, 2.216, 15.392],
							"inflate": -1,
							"uv": {
								"north": {"uv": [13, 28], "uv_size": [2, 2]},
								"east": {"uv": [0, 28], "uv_size": [13, 2]},
								"south": {"uv": [28, 28], "uv_size": [2, 2]},
								"west": {"uv": [15, 28], "uv_size": [13, 2]},
								"up": {"uv": [13, 15], "uv_size": [2, 13]},
								"down": {"uv": [15, 28], "uv_size": [2, -13]}
							}
						},
						{
							"origin": [-1.54, 7.00928, -3.862],
							"size": [3.08, 2.216, 2.054],
							"inflate": -1,
							"uv": {
								"north": {"uv": [96, 31], "uv_size": [2, 2]},
								"east": {"uv": [94, 31], "uv_size": [2, 2]},
								"south": {"uv": [100, 31], "uv_size": [2, 2]},
								"west": {"uv": [98, 31], "uv_size": [2, 2]},
								"up": {"uv": [96, 29], "uv_size": [2, 2]},
								"down": {"uv": [98, 31], "uv_size": [2, -2]}
							}
						},
						{
							"origin": [-2.08, 7.00928, -3.862],
							"size": [4.16, 2.054, 2.054],
							"inflate": -1,
							"uv": {
								"north": {"uv": [90, 85], "uv_size": [3, 2]},
								"east": {"uv": [88, 85], "uv_size": [2, 2]},
								"south": {"uv": [95, 85], "uv_size": [3, 2]},
								"west": {"uv": [93, 85], "uv_size": [2, 2]},
								"up": {"uv": [90, 83], "uv_size": [3, 2]},
								"down": {"uv": [93, 85], "uv_size": [3, -2]}
							}
						},
						{
							"origin": [-1.54679, 7.01209, -3.862],
							"size": [2.324, 2.216, 2.054],
							"inflate": -1,
							"pivot": [-0.00679, 6.91481, -1.998],
							"rotation": [0, 0, 45],
							"uv": {
								"north": {"uv": [96, 26], "uv_size": [2, 2]},
								"east": {"uv": [94, 26], "uv_size": [2, 2]},
								"south": {"uv": [100, 26], "uv_size": [2, 2]},
								"west": {"uv": [98, 26], "uv_size": [2, 2]},
								"up": {"uv": [96, 24], "uv_size": [2, 2]},
								"down": {"uv": [98, 26], "uv_size": [2, -2]}
							}
						},
						{
							"origin": [-3.51045, 2.83444, -3.862],
							"size": [2.432, 2.216, 2.054],
							"inflate": -1,
							"pivot": [-1.97045, 2.73716, -1.998],
							"rotation": [0, 0, 45],
							"uv": {
								"north": {"uv": [95, 8], "uv_size": [2, 2]},
								"east": {"uv": [93, 8], "uv_size": [2, 2]},
								"south": {"uv": [99, 8], "uv_size": [2, 2]},
								"west": {"uv": [97, 8], "uv_size": [2, 2]},
								"up": {"uv": [95, 6], "uv_size": [2, 2]},
								"down": {"uv": [97, 8], "uv_size": [2, -2]}
							}
						},
						{
							"origin": [-1.00679, 6.85009, -3.862],
							"size": [2.702, 2.216, 2.054],
							"inflate": -1,
							"pivot": [0.53321, 6.75281, -1.998],
							"rotation": [0, 0, 45],
							"uv": {
								"north": {"uv": [70, 95], "uv_size": [2, 2]},
								"east": {"uv": [68, 95], "uv_size": [2, 2]},
								"south": {"uv": [74, 95], "uv_size": [2, 2]},
								"west": {"uv": [72, 95], "uv_size": [2, 2]},
								"up": {"uv": [70, 93], "uv_size": [2, 2]},
								"down": {"uv": [72, 95], "uv_size": [2, -2]}
							}
						},
						{
							"origin": [-0.79079, 6.85009, -3.43],
							"size": [2.27, 2.216, 3.026],
							"inflate": -1,
							"pivot": [0.53321, 6.75281, -1.566],
							"rotation": [0, 0, 45],
							"uv": {
								"north": {"uv": [49, 50], "uv_size": [2, 2]},
								"east": {"uv": [47, 50], "uv_size": [2, 2]},
								"south": {"uv": [53, 50], "uv_size": [2, 2]},
								"west": {"uv": [51, 50], "uv_size": [2, 2]},
								"up": {"uv": [49, 48], "uv_size": [2, 2]},
								"down": {"uv": [51, 50], "uv_size": [2, -2]}
							}
						},
						{
							"origin": [-0.99864, 7.54667, -3.862],
							"size": [2.324, 2.216, 2.054],
							"inflate": -1,
							"pivot": [0.54136, 7.44939, -1.998],
							"rotation": [0, 0, -45],
							"uv": {
								"north": {"uv": [18, 96], "uv_size": [2, 2]},
								"east": {"uv": [16, 96], "uv_size": [2, 2]},
								"south": {"uv": [22, 96], "uv_size": [2, 2]},
								"west": {"uv": [20, 96], "uv_size": [2, 2]},
								"up": {"uv": [18, 94], "uv_size": [2, 2]},
								"down": {"uv": [20, 96], "uv_size": [2, -2]}
							}
						},
						{
							"origin": [-1.91664, 7.38467, -3.862],
							"size": [2.702, 2.216, 2.054],
							"inflate": -1,
							"pivot": [0.00136, 7.28739, -1.998],
							"rotation": [0, 0, -45],
							"uv": {
								"north": {"uv": [10, 96], "uv_size": [2, 2]},
								"east": {"uv": [8, 96], "uv_size": [2, 2]},
								"south": {"uv": [14, 96], "uv_size": [2, 2]},
								"west": {"uv": [12, 96], "uv_size": [2, 2]},
								"up": {"uv": [10, 94], "uv_size": [2, 2]},
								"down": {"uv": [12, 96], "uv_size": [2, -2]}
							}
						},
						{
							"origin": [-1.70064, 7.38467, -3.43],
							"size": [2.27, 2.216, 3.026],
							"inflate": -1,
							"pivot": [0.00136, 7.28739, -1.458],
							"rotation": [0, 0, -45],
							"uv": {
								"north": {"uv": [49, 7], "uv_size": [2, 2]},
								"east": {"uv": [47, 7], "uv_size": [2, 2]},
								"south": {"uv": [53, 7], "uv_size": [2, 2]},
								"west": {"uv": [51, 7], "uv_size": [2, 2]},
								"up": {"uv": [49, 5], "uv_size": [2, 2]},
								"down": {"uv": [51, 7], "uv_size": [2, -2]}
							}
						},
						{
							"origin": [0.58702, 3.36901, -3.862],
							"size": [2.702, 2.216, 2.054],
							"inflate": -1,
							"pivot": [2.50502, 3.27173, -1.998],
							"rotation": [0, 0, -45],
							"uv": {
								"north": {"uv": [91, 94], "uv_size": [2, 2]},
								"east": {"uv": [89, 94], "uv_size": [2, 2]},
								"south": {"uv": [95, 94], "uv_size": [2, 2]},
								"west": {"uv": [93, 94], "uv_size": [2, 2]},
								"up": {"uv": [91, 92], "uv_size": [2, 2]},
								"down": {"uv": [93, 94], "uv_size": [2, -2]}
							}
						},
						{
							"origin": [-2.57639, 2.89489, -3.862],
							"size": [2.054, 5.672, 2.054],
							"inflate": -1,
							"uv": {
								"north": {"uv": [19, 34], "uv_size": [2, 5]},
								"east": {"uv": [17, 34], "uv_size": [2, 5]},
								"south": {"uv": [23, 34], "uv_size": [2, 5]},
								"west": {"uv": [21, 34], "uv_size": [2, 5]},
								"up": {"uv": [19, 32], "uv_size": [2, 2]},
								"down": {"uv": [21, 34], "uv_size": [2, -2]}
							}
						},
						{
							"origin": [0.52239, 2.89489, -3.862],
							"size": [2.054, 5.672, 2.054],
							"inflate": -1,
							"uv": {
								"north": {"uv": [2, 32], "uv_size": [2, 5]},
								"east": {"uv": [0, 32], "uv_size": [2, 5]},
								"south": {"uv": [6, 32], "uv_size": [2, 5]},
								"west": {"uv": [4, 32], "uv_size": [2, 5]},
								"up": {"uv": [2, 30], "uv_size": [2, 2]},
								"down": {"uv": [4, 32], "uv_size": [2, -2]}
							}
						},
						{
							"origin": [-2.55561, 5.27089, -3.862],
							"size": [5.132, 2.108, 10.607],
							"inflate": -1,
							"uv": {
								"north": {"uv": [9, 39], "uv_size": [4, 2]},
								"east": {"uv": [0, 39], "uv_size": [9, 2]},
								"south": {"uv": [22, 39], "uv_size": [4, 2]},
								"west": {"uv": [13, 39], "uv_size": [9, 2]},
								"up": {"uv": [9, 30], "uv_size": [4, 9]},
								"down": {"uv": [13, 39], "uv_size": [4, -9]}
							}
						},
						{
							"origin": [-1.54, 7.0375, -3.376],
							"size": [3.08, 2.2785, 14.42],
							"inflate": -1,
							"uv": {
								"north": {"uv": [30, 15], "uv_size": [2, 2]},
								"east": {"uv": [18, 15], "uv_size": [12, 2]},
								"south": {"uv": [44, 15], "uv_size": [2, 2]},
								"west": {"uv": [32, 15], "uv_size": [12, 2]},
								"up": {"uv": [30, 3], "uv_size": [2, 12]},
								"down": {"uv": [32, 15], "uv_size": [2, -12]}
							}
						},
						{
							"origin": [-1.54, 7.316, -3.376],
							"size": [3.08, 2.27, 3.134],
							"inflate": -1,
							"uv": {
								"north": {"uv": [72, 99], "uv_size": [2, 2]},
								"east": {"uv": [70, 99], "uv_size": [2, 2]},
								"south": {"uv": [76, 99], "uv_size": [2, 2]},
								"west": {"uv": [74, 99], "uv_size": [2, 2]},
								"up": {"uv": [72, 97], "uv_size": [2, 2]},
								"down": {"uv": [74, 99], "uv_size": [2, -2]}
							}
						},
						{
							"origin": [-1.54, 8.13143, -4.13425],
							"size": [3.08, 2.216, 2.216],
							"inflate": -1,
							"pivot": [0, 8.05143, -3.67425],
							"rotation": [-45, 0, 0],
							"uv": {
								"north": {"uv": [99, 92], "uv_size": [2, 2]},
								"east": {"uv": [97, 92], "uv_size": [2, 2]},
								"south": {"uv": [103, 92], "uv_size": [2, 2]},
								"west": {"uv": [101, 92], "uv_size": [2, 2]},
								"up": {"uv": [99, 90], "uv_size": [2, 2]},
								"down": {"uv": [101, 92], "uv_size": [2, -2]}
							}
						},
						{
							"origin": [-1.54, 8.13143, -3.00025],
							"size": [3.08, 2.216, 2.216],
							"inflate": -1,
							"pivot": [0, 8.05143, -2.54025],
							"rotation": [-45, 0, 0],
							"uv": {
								"north": {"uv": [99, 87], "uv_size": [2, 2]},
								"east": {"uv": [97, 87], "uv_size": [2, 2]},
								"south": {"uv": [103, 87], "uv_size": [2, 2]},
								"west": {"uv": [101, 87], "uv_size": [2, 2]},
								"up": {"uv": [99, 85], "uv_size": [2, 2]},
								"down": {"uv": [101, 87], "uv_size": [2, -2]}
							}
						},
						{
							"origin": [-1.54, 8.13143, 6.07175],
							"size": [3.08, 2.216, 2.216],
							"inflate": -1,
							"pivot": [0, 8.05143, 6.53175],
							"rotation": [-45, 0, 0],
							"uv": {
								"north": {"uv": [98, 82], "uv_size": [2, 2]},
								"east": {"uv": [96, 82], "uv_size": [2, 2]},
								"south": {"uv": [102, 82], "uv_size": [2, 2]},
								"west": {"uv": [100, 82], "uv_size": [2, 2]},
								"up": {"uv": [98, 80], "uv_size": [2, 2]},
								"down": {"uv": [100, 82], "uv_size": [2, -2]}
							}
						},
						{
							"origin": [-1.54, 7.316, 6.83],
							"size": [3.08, 2.27, 3.134],
							"inflate": -1,
							"uv": {
								"north": {"uv": [84, 98], "uv_size": [2, 2]},
								"east": {"uv": [82, 98], "uv_size": [2, 2]},
								"south": {"uv": [88, 98], "uv_size": [2, 2]},
								"west": {"uv": [86, 98], "uv_size": [2, 2]},
								"up": {"uv": [84, 96], "uv_size": [2, 2]},
								"down": {"uv": [86, 98], "uv_size": [2, -2]}
							}
						},
						{
							"origin": [-1.54, 7.316, 6.182],
							"size": [3.08, 2.162, 2.27],
							"inflate": -1,
							"uv": {
								"north": {"uv": [64, 98], "uv_size": [2, 2]},
								"east": {"uv": [62, 98], "uv_size": [2, 2]},
								"south": {"uv": [68, 98], "uv_size": [2, 2]},
								"west": {"uv": [66, 98], "uv_size": [2, 2]},
								"up": {"uv": [64, 96], "uv_size": [2, 2]},
								"down": {"uv": [66, 98], "uv_size": [2, -2]}
							}
						},
						{
							"origin": [-1.54, 7.316, 5.318],
							"size": [3.08, 2.162, 2.27],
							"inflate": -1,
							"uv": {
								"north": {"uv": [56, 98], "uv_size": [2, 2]},
								"east": {"uv": [54, 98], "uv_size": [2, 2]},
								"south": {"uv": [60, 98], "uv_size": [2, 2]},
								"west": {"uv": [58, 98], "uv_size": [2, 2]},
								"up": {"uv": [56, 96], "uv_size": [2, 2]},
								"down": {"uv": [58, 98], "uv_size": [2, -2]}
							}
						},
						{
							"origin": [-1.54, 7.316, 4.454],
							"size": [3.08, 2.162, 2.27],
							"inflate": -1,
							"uv": {
								"north": {"uv": [24, 98], "uv_size": [2, 2]},
								"east": {"uv": [22, 98], "uv_size": [2, 2]},
								"south": {"uv": [28, 98], "uv_size": [2, 2]},
								"west": {"uv": [26, 98], "uv_size": [2, 2]},
								"up": {"uv": [24, 96], "uv_size": [2, 2]},
								"down": {"uv": [26, 98], "uv_size": [2, -2]}
							}
						},
						{
							"origin": [-1.54, 7.316, 3.59],
							"size": [3.08, 2.162, 2.27],
							"inflate": -1,
							"uv": {
								"north": {"uv": [98, 12], "uv_size": [2, 2]},
								"east": {"uv": [96, 12], "uv_size": [2, 2]},
								"south": {"uv": [102, 12], "uv_size": [2, 2]},
								"west": {"uv": [100, 12], "uv_size": [2, 2]},
								"up": {"uv": [98, 10], "uv_size": [2, 2]},
								"down": {"uv": [100, 12], "uv_size": [2, -2]}
							}
						},
						{
							"origin": [-1.54, 7.316, 2.726],
							"size": [3.08, 2.162, 2.27],
							"inflate": -1,
							"uv": {
								"north": {"uv": [2, 98], "uv_size": [2, 2]},
								"east": {"uv": [0, 98], "uv_size": [2, 2]},
								"south": {"uv": [6, 98], "uv_size": [2, 2]},
								"west": {"uv": [4, 98], "uv_size": [2, 2]},
								"up": {"uv": [2, 96], "uv_size": [2, 2]},
								"down": {"uv": [4, 98], "uv_size": [2, -2]}
							}
						},
						{
							"origin": [-1.54, 7.316, 1.862],
							"size": [3.08, 2.162, 2.27],
							"inflate": -1,
							"uv": {
								"north": {"uv": [97, 96], "uv_size": [2, 2]},
								"east": {"uv": [95, 96], "uv_size": [2, 2]},
								"south": {"uv": [101, 96], "uv_size": [2, 2]},
								"west": {"uv": [99, 96], "uv_size": [2, 2]},
								"up": {"uv": [97, 94], "uv_size": [2, 2]},
								"down": {"uv": [99, 96], "uv_size": [2, -2]}
							}
						},
						{
							"origin": [-1.54, 7.316, 0.998],
							"size": [3.08, 2.162, 2.27],
							"inflate": -1,
							"uv": {
								"north": {"uv": [97, 71], "uv_size": [2, 2]},
								"east": {"uv": [95, 71], "uv_size": [2, 2]},
								"south": {"uv": [101, 71], "uv_size": [2, 2]},
								"west": {"uv": [99, 71], "uv_size": [2, 2]},
								"up": {"uv": [97, 69], "uv_size": [2, 2]},
								"down": {"uv": [99, 71], "uv_size": [2, -2]}
							}
						},
						{
							"origin": [-1.54, 7.316, 0.134],
							"size": [3.08, 2.162, 2.27],
							"inflate": -1,
							"uv": {
								"north": {"uv": [97, 53], "uv_size": [2, 2]},
								"east": {"uv": [95, 53], "uv_size": [2, 2]},
								"south": {"uv": [101, 53], "uv_size": [2, 2]},
								"west": {"uv": [99, 53], "uv_size": [2, 2]},
								"up": {"uv": [97, 51], "uv_size": [2, 2]},
								"down": {"uv": [99, 53], "uv_size": [2, -2]}
							}
						},
						{
							"origin": [-1.54, 7.32526, -1.58474],
							"size": [3.08, 2.162, 3.134],
							"inflate": -1,
							"uv": {
								"north": {"uv": [48, 97], "uv_size": [2, 2]},
								"east": {"uv": [46, 97], "uv_size": [2, 2]},
								"south": {"uv": [52, 97], "uv_size": [2, 2]},
								"west": {"uv": [50, 97], "uv_size": [2, 2]},
								"up": {"uv": [48, 95], "uv_size": [2, 2]},
								"down": {"uv": [50, 97], "uv_size": [2, -2]}
							}
						},
						{
							"origin": [-0.784, 7.478, -1.432],
							"size": [2.324, 2.162, 2.81],
							"inflate": -1,
							"uv": {
								"north": {"uv": [97, 40], "uv_size": [2, 2]},
								"east": {"uv": [95, 40], "uv_size": [2, 2]},
								"south": {"uv": [101, 40], "uv_size": [2, 2]},
								"west": {"uv": [99, 40], "uv_size": [2, 2]},
								"up": {"uv": [97, 38], "uv_size": [2, 2]},
								"down": {"uv": [99, 40], "uv_size": [2, -2]}
							}
						},
						{
							"origin": [-0.784, 7.478, -1.648],
							"size": [2.324, 2.162, 2.216],
							"inflate": -1,
							"pivot": [-0.54, 8.64, -0.432],
							"rotation": [45, 0, 0],
							"uv": {
								"north": {"uv": [40, 97], "uv_size": [2, 2]},
								"east": {"uv": [38, 97], "uv_size": [2, 2]},
								"south": {"uv": [44, 97], "uv_size": [2, 2]},
								"west": {"uv": [42, 97], "uv_size": [2, 2]},
								"up": {"uv": [40, 95], "uv_size": [2, 2]},
								"down": {"uv": [42, 97], "uv_size": [2, -2]}
							}
						},
						{
							"origin": [-0.784, 7.424, -0.784],
							"size": [2.324, 2.216, 2.162],
							"inflate": -1,
							"pivot": [-0.54, 8.64, 0.378],
							"rotation": [45, 0, 0],
							"uv": {
								"north": {"uv": [78, 96], "uv_size": [2, 2]},
								"east": {"uv": [76, 96], "uv_size": [2, 2]},
								"south": {"uv": [82, 96], "uv_size": [2, 2]},
								"west": {"uv": [80, 96], "uv_size": [2, 2]},
								"up": {"uv": [78, 94], "uv_size": [2, 2]},
								"down": {"uv": [80, 96], "uv_size": [2, -2]}
							}
						},
						{
							"origin": [-1.54, 7.478, -1.432],
							"size": [2.324, 2.162, 2.81],
							"inflate": -1,
							"uv": {
								"north": {"uv": [96, 49], "uv_size": [2, 2]},
								"east": {"uv": [94, 49], "uv_size": [2, 2]},
								"south": {"uv": [100, 49], "uv_size": [2, 2]},
								"west": {"uv": [98, 49], "uv_size": [2, 2]},
								"up": {"uv": [96, 47], "uv_size": [2, 2]},
								"down": {"uv": [98, 49], "uv_size": [2, -2]}
							}
						},
						{
							"origin": [-1.54, 7.424, -0.784],
							"size": [2.324, 2.216, 2.162],
							"inflate": -1,
							"pivot": [-1.296, 8.64, 0.378],
							"rotation": [45, 0, 0],
							"uv": {
								"north": {"uv": [96, 64], "uv_size": [2, 2]},
								"east": {"uv": [94, 64], "uv_size": [2, 2]},
								"south": {"uv": [100, 64], "uv_size": [2, 2]},
								"west": {"uv": [98, 64], "uv_size": [2, 2]},
								"up": {"uv": [96, 62], "uv_size": [2, 2]},
								"down": {"uv": [98, 64], "uv_size": [2, -2]}
							}
						},
						{
							"origin": [-1.54, 7.478, -1.648],
							"size": [2.324, 2.162, 2.216],
							"inflate": -1,
							"pivot": [-1.296, 8.64, -0.432],
							"rotation": [45, 0, 0],
							"uv": {
								"north": {"uv": [96, 76], "uv_size": [2, 2]},
								"east": {"uv": [94, 76], "uv_size": [2, 2]},
								"south": {"uv": [100, 76], "uv_size": [2, 2]},
								"west": {"uv": [98, 76], "uv_size": [2, 2]},
								"up": {"uv": [96, 74], "uv_size": [2, 2]},
								"down": {"uv": [98, 76], "uv_size": [2, -2]}
							}
						},
						{
							"origin": [-1.54, 8.13143, 7.20575],
							"size": [3.08, 2.216, 2.216],
							"inflate": -1,
							"pivot": [0, 8.05143, 7.66575],
							"rotation": [-45, 0, 0],
							"uv": {
								"north": {"uv": [99, 20], "uv_size": [2, 2]},
								"east": {"uv": [97, 20], "uv_size": [2, 2]},
								"south": {"uv": [103, 20], "uv_size": [2, 2]},
								"west": {"uv": [101, 20], "uv_size": [2, 2]},
								"up": {"uv": [99, 18], "uv_size": [2, 2]},
								"down": {"uv": [101, 20], "uv_size": [2, -2]}
							}
						},
						{
							"origin": [-1.54, 6.90253, -4.78],
							"size": [2.216, 2.216, 15.8295],
							"inflate": -1,
							"pivot": [-0.54, 7.90253, -3.78],
							"rotation": [0, 0, -45],
							"uv": {
								"north": {"uv": [13, 13], "uv_size": [2, 2]},
								"east": {"uv": [0, 13], "uv_size": [13, 2]},
								"south": {"uv": [28, 13], "uv_size": [2, 2]},
								"west": {"uv": [15, 13], "uv_size": [13, 2]},
								"up": {"uv": [13, 0], "uv_size": [2, 13]},
								"down": {"uv": [15, 13], "uv_size": [2, -13]}
							}
						},
						{
							"origin": [-0.46, 6.90253, -4.78],
							"size": [2.216, 2.216, 15.849],
							"inflate": -1,
							"pivot": [0.54, 7.90253, -3.78],
							"rotation": [0, 0, -45],
							"uv": {
								"north": {"uv": [30, 30], "uv_size": [2, 2]},
								"east": {"uv": [18, 30], "uv_size": [12, 2]},
								"south": {"uv": [44, 30], "uv_size": [2, 2]},
								"west": {"uv": [32, 30], "uv_size": [12, 2]},
								"up": {"uv": [30, 18], "uv_size": [2, 12]},
								"down": {"uv": [32, 30], "uv_size": [2, -12]}
							}
						},
						{
							"origin": [-2.53821, 2.91579, -4.78],
							"size": [2.648, 5.672, 11.45],
							"inflate": -1,
							"uv": {
								"north": {"uv": [43, 43], "uv_size": [2, 5]},
								"east": {"uv": [34, 43], "uv_size": [9, 5]},
								"south": {"uv": [54, 43], "uv_size": [2, 5]},
								"west": {"uv": [45, 43], "uv_size": [9, 5]},
								"up": {"uv": [43, 34], "uv_size": [2, 9]},
								"down": {"uv": [45, 43], "uv_size": [2, -9]}
							}
						},
						{
							"origin": [-0.10821, 2.91579, -4.78],
							"size": [2.648, 5.672, 11.45],
							"inflate": -1,
							"uv": {
								"north": {"uv": [43, 9], "uv_size": [2, 5]},
								"east": {"uv": [34, 9], "uv_size": [9, 5]},
								"south": {"uv": [54, 9], "uv_size": [2, 5]},
								"west": {"uv": [45, 9], "uv_size": [9, 5]},
								"up": {"uv": [43, 0], "uv_size": [2, 9]},
								"down": {"uv": [45, 9], "uv_size": [2, -9]}
							}
						},
						{
							"origin": [-2.53821, 1.99779, -0.892],
							"size": [5.078, 2.4548, 7.778],
							"inflate": -1,
							"uv": {
								"north": {"uv": [20, 64], "uv_size": [4, 2]},
								"east": {"uv": [14, 64], "uv_size": [6, 2]},
								"south": {"uv": [30, 64], "uv_size": [4, 2]},
								"west": {"uv": [24, 64], "uv_size": [6, 2]},
								"up": {"uv": [20, 58], "uv_size": [4, 6]},
								"down": {"uv": [24, 64], "uv_size": [4, -6]}
							}
						},
						{
							"origin": [-2.53821, 2.42979, -1.054],
							"size": [5.078, 2.6048, 6.86],
							"inflate": -1,
							"uv": {
								"north": {"uv": [62, 45], "uv_size": [4, 2]},
								"east": {"uv": [56, 45], "uv_size": [6, 2]},
								"south": {"uv": [72, 45], "uv_size": [4, 2]},
								"west": {"uv": [66, 45], "uv_size": [6, 2]},
								"up": {"uv": [62, 39], "uv_size": [4, 6]},
								"down": {"uv": [66, 45], "uv_size": [4, -6]}
							}
						},
						{
							"origin": [-2.53821, 1.808, -1.35021],
							"size": [5.078, 3.2528, 2.6048],
							"inflate": -1,
							"pivot": [1.53979, 3.456, -0.35021],
							"rotation": [45, 0, 0],
							"uv": {
								"north": {"uv": [79, 71], "uv_size": [4, 3]},
								"east": {"uv": [77, 71], "uv_size": [2, 3]},
								"south": {"uv": [85, 71], "uv_size": [4, 3]},
								"west": {"uv": [83, 71], "uv_size": [2, 3]},
								"up": {"uv": [79, 69], "uv_size": [4, 2]},
								"down": {"uv": [83, 71], "uv_size": [4, -2]}
							}
						},
						{
							"origin": [-2.01674, 5.97685, -4.78],
							"size": [2.648, 2.648, 11.45],
							"inflate": -1,
							"pivot": [-1.23274, 6.97685, -3.78],
							"rotation": [0, 0, -45],
							"uv": {
								"north": {"uv": [56, 37], "uv_size": [2, 2]},
								"east": {"uv": [47, 37], "uv_size": [9, 2]},
								"south": {"uv": [67, 37], "uv_size": [2, 2]},
								"west": {"uv": [58, 37], "uv_size": [9, 2]},
								"up": {"uv": [56, 28], "uv_size": [2, 9]},
								"down": {"uv": [58, 37], "uv_size": [2, -9]}
							}
						},
						{
							"origin": [-2.01674, 2.30485, -4.78],
							"size": [2.648, 2.648, 5.51],
							"inflate": -1,
							"pivot": [-1.23274, 3.30485, -3.78],
							"rotation": [0, 0, -45],
							"uv": {
								"north": {"uv": [75, 80], "uv_size": [2, 2]},
								"east": {"uv": [71, 80], "uv_size": [4, 2]},
								"south": {"uv": [81, 80], "uv_size": [2, 2]},
								"west": {"uv": [77, 80], "uv_size": [4, 2]},
								"up": {"uv": [75, 76], "uv_size": [2, 4]},
								"down": {"uv": [77, 80], "uv_size": [2, -4]}
							}
						},
						{
							"origin": [0.14485, 2.30485, -4.78],
							"size": [2.648, 2.648, 5.402],
							"inflate": -1,
							"pivot": [0.92885, 3.30485, -3.78],
							"rotation": [0, 0, -45],
							"uv": {
								"north": {"uv": [80, 67], "uv_size": [2, 2]},
								"east": {"uv": [76, 67], "uv_size": [4, 2]},
								"south": {"uv": [86, 67], "uv_size": [2, 2]},
								"west": {"uv": [82, 67], "uv_size": [4, 2]},
								"up": {"uv": [80, 63], "uv_size": [2, 4]},
								"down": {"uv": [82, 67], "uv_size": [2, -4]}
							}
						},
						{
							"origin": [0.14326, 5.97685, -4.78],
							"size": [2.648, 2.648, 11.45],
							"inflate": -1,
							"pivot": [0.92726, 6.97685, -3.78],
							"rotation": [0, 0, -45],
							"uv": {
								"north": {"uv": [56, 14], "uv_size": [2, 2]},
								"east": {"uv": [47, 14], "uv_size": [9, 2]},
								"south": {"uv": [67, 14], "uv_size": [2, 2]},
								"west": {"uv": [58, 14], "uv_size": [9, 2]},
								"up": {"uv": [56, 5], "uv_size": [2, 9]},
								"down": {"uv": [58, 14], "uv_size": [2, -9]}
							}
						},
						{
							"origin": [-2.26662, 0.85341, -4.17561],
							"size": [4.538, 2.648, 10.478],
							"inflate": -1,
							"uv": {
								"north": {"uv": [26, 41], "uv_size": [4, 2]},
								"east": {"uv": [17, 41], "uv_size": [9, 2]},
								"south": {"uv": [39, 41], "uv_size": [4, 2]},
								"west": {"uv": [30, 41], "uv_size": [9, 2]},
								"up": {"uv": [26, 32], "uv_size": [4, 9]},
								"down": {"uv": [30, 41], "uv_size": [4, -9]}
							}
						},
						{
							"origin": [-1.864, 1.592, -4.456],
							"size": [3.728, 7.184, 2.864],
							"inflate": -1,
							"uv": {
								"north": {"uv": [26, 81], "uv_size": [3, 6]},
								"east": {"uv": [24, 81], "uv_size": [2, 6]},
								"south": {"uv": [31, 81], "uv_size": [3, 6]},
								"west": {"uv": [29, 81], "uv_size": [2, 6]},
								"up": {"uv": [26, 79], "uv_size": [3, 2]},
								"down": {"uv": [29, 81], "uv_size": [3, -2]}
							}
						},
						{
							"origin": [-2.26662, 1.34979, -4.672],
							"size": [4.538, 2.702, 2.756],
							"inflate": -1,
							"uv": {
								"north": {"uv": [12, 83], "uv_size": [4, 2]},
								"east": {"uv": [10, 83], "uv_size": [2, 2]},
								"south": {"uv": [18, 83], "uv_size": [4, 2]},
								"west": {"uv": [16, 83], "uv_size": [2, 2]},
								"up": {"uv": [12, 81], "uv_size": [4, 2]},
								"down": {"uv": [16, 83], "uv_size": [4, -2]}
							}
						},
						{
							"origin": [-2.26662, 1.7992, -3.40426],
							"size": [4.538, 2.702, 2.756],
							"inflate": -1,
							"pivot": [0.02938, 1.3952, -1.64826],
							"rotation": [45, 0, 0],
							"uv": {
								"north": {"uv": [82, 18], "uv_size": [4, 2]},
								"east": {"uv": [80, 18], "uv_size": [2, 2]},
								"south": {"uv": [88, 18], "uv_size": [4, 2]},
								"west": {"uv": [86, 18], "uv_size": [2, 2]},
								"up": {"uv": [82, 16], "uv_size": [4, 2]},
								"down": {"uv": [86, 18], "uv_size": [4, -2]}
							}
						},
						{
							"origin": [-2.26662, 1.7992, 5.07374],
							"size": [4.538, 2.702, 2.756],
							"inflate": -1,
							"pivot": [0.02938, 1.3952, 6.82974],
							"rotation": [45, 0, 0],
							"uv": {
								"north": {"uv": [80, 49], "uv_size": [4, 2]},
								"east": {"uv": [78, 49], "uv_size": [2, 2]},
								"south": {"uv": [86, 49], "uv_size": [4, 2]},
								"west": {"uv": [84, 49], "uv_size": [2, 2]},
								"up": {"uv": [80, 47], "uv_size": [4, 2]},
								"down": {"uv": [84, 49], "uv_size": [4, -2]}
							}
						},
						{
							"origin": [-2.26979, 1.34979, -4.672],
							"size": [2.648, 3.566, 11.504],
							"inflate": -1,
							"uv": {
								"north": {"uv": [22, 53], "uv_size": [2, 3]},
								"east": {"uv": [13, 53], "uv_size": [9, 3]},
								"south": {"uv": [33, 53], "uv_size": [2, 3]},
								"west": {"uv": [24, 53], "uv_size": [9, 3]},
								"up": {"uv": [22, 44], "uv_size": [2, 9]},
								"down": {"uv": [24, 53], "uv_size": [2, -9]}
							}
						},
						{
							"origin": [-2.134, 5.318, -5.266],
							"size": [3.296, 3.296, 3.296],
							"inflate": -1,
							"pivot": [-0.486, 6.318, -3.078],
							"rotation": [0, 0, 45],
							"uv": {
								"north": {"uv": [62, 79], "uv_size": [3, 3]},
								"east": {"uv": [59, 79], "uv_size": [3, 3]},
								"south": {"uv": [68, 79], "uv_size": [3, 3]},
								"west": {"uv": [65, 79], "uv_size": [3, 3]},
								"up": {"uv": [62, 76], "uv_size": [3, 3]},
								"down": {"uv": [65, 79], "uv_size": [3, -3]}
							}
						},
						{
							"origin": [-1.4968, 3.698, -4.672],
							"size": [3.0368, 3.0368, 3.296],
							"inflate": -1,
							"uv": {
								"north": {"uv": [90, 80], "uv_size": [2, 2]},
								"east": {"uv": [87, 80], "uv_size": [3, 2]},
								"south": {"uv": [95, 80], "uv_size": [2, 2]},
								"west": {"uv": [92, 80], "uv_size": [3, 2]},
								"up": {"uv": [90, 77], "uv_size": [2, 3]},
								"down": {"uv": [92, 80], "uv_size": [2, -3]}
							}
						},
						{
							"origin": [-0.37662, 1.34979, -4.672],
							"size": [2.648, 3.566, 11.504],
							"inflate": -1,
							"uv": {
								"north": {"uv": [9, 50], "uv_size": [2, 3]},
								"east": {"uv": [0, 50], "uv_size": [9, 3]},
								"south": {"uv": [20, 50], "uv_size": [2, 3]},
								"west": {"uv": [11, 50], "uv_size": [9, 3]},
								"up": {"uv": [9, 41], "uv_size": [2, 9]},
								"down": {"uv": [11, 50], "uv_size": [2, -9]}
							}
						},
						{
							"origin": [-0.46, 1.7, 4.454],
							"size": [3.296, 3.296, 5.564],
							"inflate": -1,
							"pivot": [1.836, 2.7, 5.454],
							"rotation": [-90, -45, 90],
							"uv": {
								"north": {"uv": [40, 76], "uv_size": [3, 3]},
								"east": {"uv": [36, 76], "uv_size": [4, 3]},
								"south": {"uv": [47, 76], "uv_size": [3, 3]},
								"west": {"uv": [43, 76], "uv_size": [4, 3]},
								"up": {"uv": [40, 72], "uv_size": [3, 4]},
								"down": {"uv": [43, 76], "uv_size": [3, -4]}
							}
						},
						{
							"origin": [-0.1252, 1.862, 4.4864],
							"size": [3.0368, 3.0368, 5.726],
							"inflate": -1,
							"pivot": [1.9116, 2.862, 5.4864],
							"rotation": [-90, -45, 90],
							"uv": {
								"north": {"uv": [50, 79], "uv_size": [2, 2]},
								"east": {"uv": [45, 79], "uv_size": [5, 2]},
								"south": {"uv": [57, 79], "uv_size": [2, 2]},
								"west": {"uv": [52, 79], "uv_size": [5, 2]},
								"up": {"uv": [50, 74], "uv_size": [2, 5]},
								"down": {"uv": [52, 79], "uv_size": [2, -5]}
							}
						},
						{
							"origin": [-1.432, 3.752, -4.726],
							"size": [2.864, 2.864, 3.296],
							"inflate": -1,
							"uv": {
								"north": {"uv": [90, 69], "uv_size": [2, 2]},
								"east": {"uv": [87, 69], "uv_size": [3, 2]},
								"south": {"uv": [95, 69], "uv_size": [2, 2]},
								"west": {"uv": [92, 69], "uv_size": [3, 2]},
								"up": {"uv": [90, 66], "uv_size": [2, 3]},
								"down": {"uv": [92, 69], "uv_size": [2, -3]}
							}
						},
						{
							"origin": [-2.0368, 5.048, -5.32],
							"size": [3.0368, 3.0368, 2.864],
							"inflate": -1,
							"pivot": [0, 6.048, -4.32],
							"rotation": [0, 0, 45],
							"uv": {
								"north": {"uv": [22, 102], "uv_size": [2, 2]},
								"east": {"uv": [20, 102], "uv_size": [2, 2]},
								"south": {"uv": [26, 102], "uv_size": [2, 2]},
								"west": {"uv": [24, 102], "uv_size": [2, 2]},
								"up": {"uv": [22, 100], "uv_size": [2, 2]},
								"down": {"uv": [24, 102], "uv_size": [2, -2]}
							}
						},
						{
							"origin": [-2.0368, 3.806, 4.022],
							"size": [3.0368, 3.0368, 2.864],
							"inflate": -1,
							"pivot": [0, 4.806, 5.022],
							"rotation": [0, 0, 45],
							"uv": {
								"north": {"uv": [102, 16], "uv_size": [2, 2]},
								"east": {"uv": [100, 16], "uv_size": [2, 2]},
								"south": {"uv": [106, 16], "uv_size": [2, 2]},
								"west": {"uv": [104, 16], "uv_size": [2, 2]},
								"up": {"uv": [102, 14], "uv_size": [2, 2]},
								"down": {"uv": [104, 16], "uv_size": [2, -2]}
							}
						},
						{
							"origin": [-2.134, 4.076, 3.536],
							"size": [3.296, 3.296, 3.296],
							"inflate": -1,
							"pivot": [-0.486, 5.076, 5.724],
							"rotation": [0, 0, 45],
							"uv": {
								"north": {"uv": [79, 44], "uv_size": [3, 3]},
								"east": {"uv": [76, 44], "uv_size": [3, 3]},
								"south": {"uv": [85, 44], "uv_size": [3, 3]},
								"west": {"uv": [82, 44], "uv_size": [3, 3]},
								"up": {"uv": [79, 41], "uv_size": [3, 3]},
								"down": {"uv": [82, 44], "uv_size": [3, -3]}
							}
						},
						{
							"origin": [-2.566, 3.158, -3.43],
							"size": [5.132, 2.432, 2.432],
							"inflate": -1,
							"uv": {
								"north": {"uv": [77, 14], "uv_size": [4, 2]},
								"east": {"uv": [75, 14], "uv_size": [2, 2]},
								"south": {"uv": [83, 14], "uv_size": [4, 2]},
								"west": {"uv": [81, 14], "uv_size": [2, 2]},
								"up": {"uv": [77, 12], "uv_size": [4, 2]},
								"down": {"uv": [81, 14], "uv_size": [4, -2]}
							}
						},
						{
							"origin": [-2.566, 5.912, -3.43],
							"size": [5.132, 2.432, 2.432],
							"inflate": -1,
							"uv": {
								"north": {"uv": [24, 68], "uv_size": [4, 2]},
								"east": {"uv": [22, 68], "uv_size": [2, 2]},
								"south": {"uv": [30, 68], "uv_size": [4, 2]},
								"west": {"uv": [28, 68], "uv_size": [2, 2]},
								"up": {"uv": [24, 66], "uv_size": [4, 2]},
								"down": {"uv": [28, 68], "uv_size": [4, -2]}
							}
						},
						{
							"origin": [-2.566, 5.318, -0.892],
							"size": [5.132, 2.27, 3.404],
							"inflate": -1,
							"uv": {
								"north": {"uv": [70, 57], "uv_size": [4, 2]},
								"east": {"uv": [67, 57], "uv_size": [3, 2]},
								"south": {"uv": [77, 57], "uv_size": [4, 2]},
								"west": {"uv": [74, 57], "uv_size": [3, 2]},
								"up": {"uv": [70, 54], "uv_size": [4, 3]},
								"down": {"uv": [74, 57], "uv_size": [4, -3]}
							}
						},
						{
							"origin": [-2.566, 5.318, 1.484],
							"size": [5.132, 2.27, 3.404],
							"inflate": -1,
							"uv": {
								"north": {"uv": [50, 3], "uv_size": [4, 2]},
								"east": {"uv": [47, 3], "uv_size": [3, 2]},
								"south": {"uv": [57, 3], "uv_size": [4, 2]},
								"west": {"uv": [54, 3], "uv_size": [3, 2]},
								"up": {"uv": [50, 0], "uv_size": [4, 3]},
								"down": {"uv": [54, 3], "uv_size": [4, -3]}
							}
						}
					]
				},
				{
					"name": "fg_illuminated2",
					"parent": "QD",
					"pivot": [-0.378, 7.344, -1.998]
				},
				{
					"name": "fg_illuminated",
					"parent": "QD",
					"pivot": [0, 7.76449, 8.86143],
					"cubes": [
						{
							"origin": [-1.054, 7.37, -1.27],
							"size": [2.108, 2.432, 2.486],
							"inflate": -1,
							"uv": {
								"north": {"uv": [32, 96], "uv_size": [2, 2]},
								"east": {"uv": [30, 96], "uv_size": [2, 2]},
								"south": {"uv": [36, 96], "uv_size": [2, 2]},
								"west": {"uv": [34, 96], "uv_size": [2, 2]},
								"up": {"uv": [32, 94], "uv_size": [2, 2]},
								"down": {"uv": [34, 96], "uv_size": [2, -2]}
							}
						}
					]
				},
				{
					"name": "ammo_count_text_pos",
					"parent": "QDD",
					"pivot": [3.59, 7.285, 7.325]
				},
				{
					"name": "ammo_count_text_pos2",
					"parent": "QDD",
					"pivot": [3.59, 6.66, 7.325]
				},
				{
					"name": "constraint",
					"parent": "bulldog",
					"pivot": [0, 8.6875, 0]
				},
				{
					"name": "muzzle_flash",
					"parent": "root",
					"pivot": [0, 7.875, -5]
				},
				{
					"name": "positioning",
					"pivot": [0, 0, 0]
				},
				{
					"name": "ground",
					"parent": "positioning",
					"pivot": [0, 0, 8.1875]
				},
				{
					"name": "thirdperson_hand",
					"parent": "positioning",
					"pivot": [0, 1.5, 11.75],
					"rotation": [0, -15, 0]
				},
				{
					"name": "fixed",
					"parent": "positioning",
					"pivot": [2.4375, 3.625, 4.75],
					"rotation": [-2.5, 90, 0]
				},
				{
					"name": "refit_view",
					"parent": "positioning",
					"pivot": [24.0625, 6.6875, 6.5],
					"rotation": [0, 90, 0]
				},
				{
					"name": "camera",
					"pivot": [0, 0, 0]
				},
				{
					"name": "idle_view",
					"parent": "camera",
					"pivot": [7.5625, 13.4375, 26]
				},
				{
					"name": "iron_view",
					"parent": "camera",
					"pivot": [0, 8.8125, 19.5625]
				}
			]
		}
	]
}