{
	"format_version": "1.12.0",
	"minecraft:geometry": [
		{
			"description": {
				"identifier": "geometry.unknown",
				"texture_width": 128,
				"texture_height": 128,
				"visible_bounds_width": 6,
				"visible_bounds_height": 2.5,
				"visible_bounds_offset": [0, 0.75, 0]
			},
			"bones": [
				{
					"name": "root",
					"pivot": [0, 0, 0]
				},
				{
					"name": "rh_and_gun",
					"parent": "root",
					"pivot": [0, 3.5, 16.0625]
				},
				{
					"name": "rh",
					"parent": "rh_and_gun",
					"pivot": [6, 6, 0]
				},
				{
					"name": "righthand_pos",
					"parent": "rh",
					"pivot": [0, 0, 0],
					"cubes": [
						{
							"origin": [4, 0, -2],
							"size": [4, 12, 4],
							"uv": {
								"north": {"uv": [0, 0], "uv_size": [4, 12]},
								"east": {"uv": [0, 0], "uv_size": [4, 12]},
								"south": {"uv": [0, 0], "uv_size": [4, 12]},
								"west": {"uv": [0, 0], "uv_size": [4, 12]},
								"up": {"uv": [4, 4], "uv_size": [-4, -4]},
								"down": {"uv": [4, 4], "uv_size": [-4, -4]}
							}
						}
					]
				},
				{
					"name": "gk2",
					"parent": "rh_and_gun",
					"pivot": [0, 0, 0]
				},
				{
					"name": "qt",
					"parent": "gk2",
					"pivot": [0, 2.875, 16.1875],
					"cubes": [
						{
							"origin": [-0.8, 7.8, -6.7375],
							"size": [1.6, 0.4, 2.7375],
							"uv": {
								"north": {"uv": [58, 54], "uv_size": [1.5, 0.5]},
								"east": {"uv": [52, 54], "uv_size": [2.75, 0.5]},
								"south": {"uv": [59, 3], "uv_size": [1.5, 0.5]},
								"west": {"uv": [2, 55], "uv_size": [2.75, 0.5]},
								"up": {"uv": [2, 46], "uv_size": [1.5, 2.75]},
								"down": {"uv": [4, 48.75], "uv_size": [1.5, -2.75]}
							}
						},
						{
							"origin": [-0.8, 5.42872, -6.7375],
							"size": [1.6, 0.4, 2.7375],
							"uv": {
								"north": {"uv": [53, 59], "uv_size": [1.5, 0.5]},
								"east": {"uv": [55, 39], "uv_size": [2.75, 0.5]},
								"south": {"uv": [59, 53], "uv_size": [1.5, 0.5]},
								"west": {"uv": [55, 40], "uv_size": [2.75, 0.5]},
								"up": {"uv": [46, 26], "uv_size": [1.5, 2.75]},
								"down": {"uv": [46, 31.75], "uv_size": [1.5, -2.75]}
							}
						},
						{
							"origin": [-0.98564, 7.90718, -6.7375],
							"size": [1.6, 0.4, 2.7375],
							"pivot": [-0.18564, 6.70718, -6.5],
							"rotation": [0, 0, 60],
							"uv": {
								"north": {"uv": [59, 7], "uv_size": [1.5, 0.5]},
								"east": {"uv": [5, 55], "uv_size": [2.75, 0.5]},
								"south": {"uv": [59, 22], "uv_size": [1.5, 0.5]},
								"west": {"uv": [55, 18], "uv_size": [2.75, 0.5]},
								"up": {"uv": [6, 46], "uv_size": [1.5, 2.75]},
								"down": {"uv": [8, 48.75], "uv_size": [1.5, -2.75]}
							}
						},
						{
							"origin": [-3.03923, 6.72154, -6.7375],
							"size": [1.6, 0.4, 2.7375],
							"pivot": [-2.23923, 5.52154, -6.5],
							"rotation": [0, 0, 60],
							"uv": {
								"north": {"uv": [47, 59], "uv_size": [1.5, 0.5]},
								"east": {"uv": [55, 31], "uv_size": [2.75, 0.5]},
								"south": {"uv": [49, 59], "uv_size": [1.5, 0.5]},
								"west": {"uv": [55, 32], "uv_size": [2.75, 0.5]},
								"up": {"uv": [10, 46], "uv_size": [1.5, 2.75]},
								"down": {"uv": [46, 13.75], "uv_size": [1.5, -2.75]}
							}
						},
						{
							"origin": [1.43923, 6.72154, -6.7375],
							"size": [1.6, 0.4, 2.7375],
							"pivot": [2.23923, 5.52154, -6.5],
							"rotation": [0, 0, -60],
							"uv": {
								"north": {"uv": [59, 50], "uv_size": [1.5, 0.5]},
								"east": {"uv": [55, 34], "uv_size": [2.75, 0.5]},
								"south": {"uv": [51, 59], "uv_size": [1.5, 0.5]},
								"west": {"uv": [55, 35], "uv_size": [2.75, 0.5]},
								"up": {"uv": [12, 46], "uv_size": [1.5, 2.75]},
								"down": {"uv": [14, 48.75], "uv_size": [1.5, -2.75]}
							}
						},
						{
							"origin": [-0.61436, 7.90718, -6.7375],
							"size": [1.6, 0.4, 2.7375],
							"pivot": [0.18564, 6.70718, -6.5],
							"rotation": [0, 0, -60],
							"uv": {
								"north": {"uv": [59, 51], "uv_size": [1.5, 0.5]},
								"east": {"uv": [55, 36], "uv_size": [2.75, 0.5]},
								"south": {"uv": [59, 52], "uv_size": [1.5, 0.5]},
								"west": {"uv": [55, 38], "uv_size": [2.75, 0.5]},
								"up": {"uv": [46, 14], "uv_size": [1.5, 2.75]},
								"down": {"uv": [18, 48.75], "uv_size": [1.5, -2.75]}
							}
						},
						{
							"origin": [-0.24574, 10.33787, -1.7325],
							"size": [0.64, 0.16, 1.095],
							"pivot": [0.07426, 9.85787, -1.6375],
							"rotation": [0, 0, -60],
							"uv": {
								"north": {"uv": [23, 66], "uv_size": [0.75, 0.25]},
								"east": {"uv": [65, 39], "uv_size": [1, 0.25]},
								"south": {"uv": [66, 23], "uv_size": [0.75, 0.25]},
								"west": {"uv": [40, 65], "uv_size": [1, 0.25]},
								"up": {"uv": [60, 6], "uv_size": [0.75, 1]},
								"down": {"uv": [60, 15], "uv_size": [0.75, -1]}
							}
						},
						{
							"origin": [-0.32, 10.295, -1.7325],
							"size": [0.64, 0.16, 1.095],
							"uv": {
								"north": {"uv": [22, 66], "uv_size": [0.75, 0.25]},
								"east": {"uv": [65, 38], "uv_size": [1, 0.25]},
								"south": {"uv": [66, 22], "uv_size": [0.75, 0.25]},
								"west": {"uv": [39, 65], "uv_size": [1, 0.25]},
								"up": {"uv": [60, 4], "uv_size": [0.75, 1]},
								"down": {"uv": [60, 6], "uv_size": [0.75, -1]}
							}
						},
						{
							"origin": [-0.39426, 10.33787, -1.7325],
							"size": [0.64, 0.16, 1.095],
							"pivot": [-0.07426, 9.85787, -1.6375],
							"rotation": [0, 0, 60],
							"uv": {
								"north": {"uv": [21, 66], "uv_size": [0.75, 0.25]},
								"east": {"uv": [65, 37], "uv_size": [1, 0.25]},
								"south": {"uv": [66, 21], "uv_size": [0.75, 0.25]},
								"west": {"uv": [38, 65], "uv_size": [1, 0.25]},
								"up": {"uv": [60, 1], "uv_size": [0.75, 1]},
								"down": {"uv": [60, 3], "uv_size": [0.75, -1]}
							}
						},
						{
							"origin": [0.57569, 9.86362, -1.7325],
							"size": [0.64, 0.16, 1.095],
							"pivot": [0.89569, 9.38362, -1.6375],
							"rotation": [0, 0, -60],
							"uv": {
								"north": {"uv": [20, 66], "uv_size": [0.75, 0.25]},
								"east": {"uv": [35, 65], "uv_size": [1, 0.25]},
								"south": {"uv": [66, 20], "uv_size": [0.75, 0.25]},
								"west": {"uv": [36, 65], "uv_size": [1, 0.25]},
								"up": {"uv": [0, 60], "uv_size": [0.75, 1]},
								"down": {"uv": [60, 1], "uv_size": [0.75, -1]}
							}
						},
						{
							"origin": [-0.32, 9.34649, -1.7325],
							"size": [0.64, 0.16, 1.095],
							"uv": {
								"north": {"uv": [19, 66], "uv_size": [0.75, 0.25]},
								"east": {"uv": [33, 65], "uv_size": [1, 0.25]},
								"south": {"uv": [66, 19], "uv_size": [0.75, 0.25]},
								"west": {"uv": [34, 65], "uv_size": [1, 0.25]},
								"up": {"uv": [59, 58], "uv_size": [0.75, 1]},
								"down": {"uv": [59, 60], "uv_size": [0.75, -1]}
							}
						},
						{
							"origin": [-1.21569, 9.86362, -1.7325],
							"size": [0.64, 0.16, 1.095],
							"pivot": [-0.89569, 9.38362, -1.6375],
							"rotation": [0, 0, 60],
							"uv": {
								"north": {"uv": [18, 66], "uv_size": [0.75, 0.25]},
								"east": {"uv": [30, 65], "uv_size": [1, 0.25]},
								"south": {"uv": [66, 18], "uv_size": [0.75, 0.25]},
								"west": {"uv": [31, 65], "uv_size": [1, 0.25]},
								"up": {"uv": [57, 59], "uv_size": [0.75, 1]},
								"down": {"uv": [58, 60], "uv_size": [0.75, -1]}
							}
						},
						{
							"origin": [-0.72403, 7.50564, -4.16243],
							"size": [1.17533, 0.41883, 0.73661],
							"pivot": [-0.13637, 6.74914, -4.13727],
							"rotation": [0, 0, 60],
							"uv": {
								"north": {"uv": [64, 29], "uv_size": [1.25, 0.25]},
								"east": {"uv": [65, 50], "uv_size": [0.75, 0.25]},
								"south": {"uv": [30, 64], "uv_size": [1.25, 0.25]},
								"west": {"uv": [51, 65], "uv_size": [0.75, 0.25]},
								"up": {"uv": [57, 37], "uv_size": [1.25, 0.75]},
								"down": {"uv": [38, 57.75], "uv_size": [1.25, -0.75]}
							}
						},
						{
							"origin": [-0.4513, 7.38064, -4.16243],
							"size": [1.17533, 0.54383, 0.73661],
							"pivot": [0.13637, 6.74914, -4.13727],
							"rotation": [0, 0, -60],
							"uv": {
								"north": {"uv": [64, 20], "uv_size": [1.25, 0.25]},
								"east": {"uv": [21, 64], "uv_size": [1.25, 0.25]},
								"south": {"uv": [64, 27], "uv_size": [1.25, 0.25]},
								"west": {"uv": [64, 28], "uv_size": [1.25, 0.25]},
								"up": {"uv": [27, 54], "uv_size": [1.25, 1.25]},
								"down": {"uv": [54, 28.25], "uv_size": [1.25, -1.25]}
							}
						},
						{
							"origin": [-0.58766, 5.98941, -4.16243],
							"size": [1.17533, 1.85633, 0.73661],
							"uv": {
								"north": {"uv": [64, 14], "uv_size": [1.25, 0.25]},
								"east": {"uv": [15, 64], "uv_size": [1.25, 0.25]},
								"south": {"uv": [17, 64], "uv_size": [1.25, 0.25]},
								"west": {"uv": [19, 64], "uv_size": [1.25, 0.25]},
								"up": {"uv": [54, 23], "uv_size": [1.25, 1.25]},
								"down": {"uv": [54, 26.25], "uv_size": [1.25, -1.25]}
							}
						},
						{
							"origin": [-2.23256, 6.75969, -4.16243],
							"size": [1.17533, 1.73133, 0.73661],
							"pivot": [-1.64489, 5.87819, -4.13727],
							"rotation": [0, 0, 60],
							"uv": {
								"north": {"uv": [64, 11], "uv_size": [1.25, 0.25]},
								"east": {"uv": [12, 64], "uv_size": [1.25, 0.25]},
								"south": {"uv": [64, 12], "uv_size": [1.25, 0.25]},
								"west": {"uv": [64, 13], "uv_size": [1.25, 0.25]},
								"up": {"uv": [14, 54], "uv_size": [1.25, 1.25]},
								"down": {"uv": [54, 22.25], "uv_size": [1.25, -1.25]}
							}
						},
						{
							"origin": [-0.58766, 5.81001, -4.16243],
							"size": [1.17533, 0.29383, 0.73661],
							"uv": {
								"north": {"uv": [64, 7], "uv_size": [1.25, 0.25]},
								"east": {"uv": [8, 64], "uv_size": [1.25, 0.25]},
								"south": {"uv": [64, 8], "uv_size": [1.25, 0.25]},
								"west": {"uv": [10, 64], "uv_size": [1.25, 0.25]},
								"up": {"uv": [33, 53], "uv_size": [1.25, 1.25]},
								"down": {"uv": [10, 55.25], "uv_size": [1.25, -1.25]}
							}
						},
						{
							"origin": [1.05723, 6.75969, -4.09993],
							"size": [1.17533, 0.41883, 0.67411],
							"pivot": [1.64489, 5.87819, -4.13727],
							"rotation": [0, 0, -60],
							"uv": {
								"north": {"uv": [64, 5], "uv_size": [1.25, 0.25]},
								"east": {"uv": [65, 49], "uv_size": [0.75, 0.25]},
								"south": {"uv": [6, 64], "uv_size": [1.25, 0.25]},
								"west": {"uv": [50, 65], "uv_size": [0.75, 0.25]},
								"up": {"uv": [57, 29], "uv_size": [1.25, 0.75]},
								"down": {"uv": [57, 30.75], "uv_size": [1.25, -0.75]}
							}
						},
						{
							"origin": [-1.625, 2.125, -3.4375],
							"size": [3.3125, 6.1875, 0.5],
							"uv": {
								"north": {"uv": [23, 10], "uv_size": [3.25, 6.25]},
								"east": {"uv": [37, 47], "uv_size": [0.5, 6.25]},
								"south": {"uv": [23, 17], "uv_size": [3.25, 6.25]},
								"west": {"uv": [47, 45], "uv_size": [0.5, 6.25]},
								"up": {"uv": [53, 13], "uv_size": [3.25, 0.5]},
								"down": {"uv": [53, 14.5], "uv_size": [3.25, -0.5]}
							}
						},
						{
							"origin": [-1.625, 7.72389, -6.89147],
							"size": [3.3125, 0.5, 0.5],
							"pivot": [0, 3.84889, -4.45397],
							"rotation": [-45, 0, 0],
							"uv": {
								"north": {"uv": [53, 37], "uv_size": [3.25, 0.5]},
								"east": {"uv": [64, 47], "uv_size": [0.5, 0.5]},
								"south": {"uv": [38, 53], "uv_size": [3.25, 0.5]},
								"west": {"uv": [64, 48], "uv_size": [0.5, 0.5]},
								"up": {"uv": [52, 53], "uv_size": [3.25, 0.5]},
								"down": {"uv": [2, 54.5], "uv_size": [3.25, -0.5]}
							}
						},
						{
							"origin": [-1.625, 5.16139, 5.48353],
							"size": [3.3125, 1.375, 0.8125],
							"pivot": [0, 2.16139, 7.92103],
							"rotation": [-45, 0, 0],
							"uv": {
								"north": {"uv": [0, 44], "uv_size": [3.25, 1.5]},
								"east": {"uv": [56, 23], "uv_size": [0.75, 1.5]},
								"south": {"uv": [4, 44], "uv_size": [3.25, 1.5]},
								"west": {"uv": [56, 25], "uv_size": [0.75, 1.5]},
								"up": {"uv": [48, 40], "uv_size": [3.25, 0.75]},
								"down": {"uv": [49, 37.75], "uv_size": [3.25, -0.75]}
							}
						},
						{
							"origin": [-1.625, 6.34889, -3.20397],
							"size": [3.3125, 1.625, 0.75],
							"pivot": [0, 3.59889, -0.82897],
							"rotation": [-45, 0, 0],
							"uv": {
								"north": {"uv": [42, 26], "uv_size": [3.25, 1.75]},
								"east": {"uv": [38, 55], "uv_size": [0.75, 1.75]},
								"south": {"uv": [42, 28], "uv_size": [3.25, 1.75]},
								"west": {"uv": [39, 55], "uv_size": [0.75, 1.75]},
								"up": {"uv": [50, 6], "uv_size": [3.25, 0.75]},
								"down": {"uv": [50, 15.75], "uv_size": [3.25, -0.75]}
							}
						},
						{
							"origin": [-1.625, 8.09077, 1.84933],
							"size": [3.3125, 1.375, 0.8125],
							"pivot": [0, 5.27827, 4.47433],
							"rotation": [45, 0, 0],
							"uv": {
								"north": {"uv": [44, 7], "uv_size": [3.25, 1.5]},
								"east": {"uv": [26, 56], "uv_size": [0.75, 1.5]},
								"south": {"uv": [44, 9], "uv_size": [3.25, 1.5]},
								"west": {"uv": [27, 56], "uv_size": [0.75, 1.5]},
								"up": {"uv": [50, 16], "uv_size": [3.25, 0.75]},
								"down": {"uv": [22, 50.75], "uv_size": [3.25, -0.75]}
							}
						},
						{
							"origin": [-1.625, 7.72389, 7.48353],
							"size": [3.3125, 0.5, 0.5],
							"pivot": [0, 3.84889, 9.92103],
							"rotation": [-45, 0, 0],
							"uv": {
								"north": {"uv": [54, 6], "uv_size": [3.25, 0.5]},
								"east": {"uv": [51, 64], "uv_size": [0.5, 0.5]},
								"south": {"uv": [54, 15], "uv_size": [3.25, 0.5]},
								"west": {"uv": [64, 51], "uv_size": [0.5, 0.5]},
								"up": {"uv": [54, 16], "uv_size": [3.25, 0.5]},
								"down": {"uv": [54, 17.5], "uv_size": [3.25, -0.5]}
							}
						},
						{
							"origin": [-1.1875, 8.16139, 7.48353],
							"size": [2.4375, 0.5, 1.1875],
							"pivot": [0, 4.28639, 9.92103],
							"rotation": [-45, 0, 0],
							"uv": {
								"north": {"uv": [0, 56], "uv_size": [2.5, 0.5]},
								"east": {"uv": [60, 41], "uv_size": [1.25, 0.5]},
								"south": {"uv": [56, 0], "uv_size": [2.5, 0.5]},
								"west": {"uv": [60, 42], "uv_size": [1.25, 0.5]},
								"up": {"uv": [48, 0], "uv_size": [2.5, 1.25]},
								"down": {"uv": [48, 8.25], "uv_size": [2.5, -1.25]}
							}
						},
						{
							"origin": [-1.1875, 8.16139, 3.67103],
							"size": [2.4375, 0.5, 1.1875],
							"pivot": [0, 4.28639, 6.10853],
							"rotation": [-45, 0, 0],
							"uv": {
								"north": {"uv": [20, 56], "uv_size": [2.5, 0.5]},
								"east": {"uv": [60, 54], "uv_size": [1.25, 0.5]},
								"south": {"uv": [56, 21], "uv_size": [2.5, 0.5]},
								"west": {"uv": [59, 60], "uv_size": [1.25, 0.5]},
								"up": {"uv": [48, 9], "uv_size": [2.5, 1.25]},
								"down": {"uv": [48, 12.25], "uv_size": [2.5, -1.25]}
							}
						},
						{
							"origin": [-1.1875, 8.28639, -6.20397],
							"size": [2.4375, 0.375, 0.5],
							"pivot": [0, 4.28639, -3.76647],
							"rotation": [-45, 0, 0],
							"uv": {
								"north": {"uv": [56, 1], "uv_size": [2.5, 0.5]},
								"east": {"uv": [3, 65], "uv_size": [0.5, 0.5]},
								"south": {"uv": [3, 56], "uv_size": [2.5, 0.5]},
								"west": {"uv": [65, 3], "uv_size": [0.5, 0.5]},
								"up": {"uv": [56, 3], "uv_size": [2.5, 0.5]},
								"down": {"uv": [56, 7.5], "uv_size": [2.5, -0.5]}
							}
						},
						{
							"origin": [-1.1875, 8.03639, 4.79603],
							"size": [2.4375, 0.625, 0.5],
							"pivot": [0, 4.28639, 7.23353],
							"rotation": [-45, 0, 0],
							"uv": {
								"north": {"uv": [52, 49], "uv_size": [2.5, 0.75]},
								"east": {"uv": [58, 63], "uv_size": [0.5, 0.75]},
								"south": {"uv": [52, 50], "uv_size": [2.5, 0.75]},
								"west": {"uv": [63, 58], "uv_size": [0.5, 0.75]},
								"up": {"uv": [56, 22], "uv_size": [2.5, 0.5]},
								"down": {"uv": [23, 56.5], "uv_size": [2.5, -0.5]}
							}
						},
						{
							"origin": [-1.375, 1.09261, 0.70765],
							"size": [2.75, 0.375, 0.8125],
							"pivot": [0.3125, -2.90739, 3.45765],
							"rotation": [-45, 0, 0],
							"uv": {
								"north": {"uv": [55, 44], "uv_size": [2.75, 0.5]},
								"east": {"uv": [63, 35], "uv_size": [0.75, 0.5]},
								"south": {"uv": [45, 55], "uv_size": [2.75, 0.5]},
								"west": {"uv": [36, 63], "uv_size": [0.75, 0.5]},
								"up": {"uv": [5, 24], "uv_size": [2.75, 0.75]},
								"down": {"uv": [39, 26.75], "uv_size": [2.75, -0.75]}
							}
						},
						{
							"origin": [-1, 1.09261, 0.20765],
							"size": [2.0625, 0.9375, 0.375],
							"pivot": [0, -2.90739, 2.52015],
							"rotation": [-45, 0, 0],
							"uv": {
								"north": {"uv": [21, 13], "uv_size": [2, 1]},
								"east": {"uv": [62, 61], "uv_size": [0.5, 1]},
								"south": {"uv": [14, 25], "uv_size": [2, 1]},
								"west": {"uv": [62, 62], "uv_size": [0.5, 1]},
								"up": {"uv": [5, 57], "uv_size": [2, 0.5]},
								"down": {"uv": [10, 57.5], "uv_size": [2, -0.5]}
							}
						},
						{
							"origin": [-1.375, 1.09261, 7.14515],
							"size": [2.75, 1, 0.375],
							"pivot": [0.3125, -2.90739, 9.45765],
							"rotation": [-45, 0, 0],
							"uv": {
								"north": {"uv": [14, 9], "uv_size": [2.75, 1]},
								"east": {"uv": [63, 0], "uv_size": [0.5, 1]},
								"south": {"uv": [17, 14], "uv_size": [2.75, 1]},
								"west": {"uv": [1, 63], "uv_size": [0.5, 1]},
								"up": {"uv": [55, 45], "uv_size": [2.75, 0.5]},
								"down": {"uv": [55, 46.5], "uv_size": [2.75, -0.5]}
							}
						},
						{
							"origin": [-1, 2.86405, -8.5638],
							"size": [2.0625, 2.3125, 1.3125],
							"pivot": [0, -1.13595, -6.1263],
							"rotation": [-45, 0, 0],
							"uv": {
								"north": {"uv": [38, 45], "uv_size": [2, 2.25]},
								"east": {"uv": [48, 32], "uv_size": [1.25, 2.25]},
								"south": {"uv": [40, 45], "uv_size": [2, 2.25]},
								"west": {"uv": [38, 48], "uv_size": [1.25, 2.25]},
								"up": {"uv": [14, 49], "uv_size": [2, 1.25]},
								"down": {"uv": [18, 50.25], "uv_size": [2, -1.25]}
							}
						},
						{
							"origin": [-1.625, 1.556, 6.29603],
							"size": [3.3125, 3.5, 1.6875],
							"pivot": [0, -2.319, 9.92103],
							"rotation": [-45, 0, 0],
							"uv": {
								"north": {"uv": [31, 17], "uv_size": [3.25, 3.5]},
								"east": {"uv": [42, 7], "uv_size": [1.75, 3.5]},
								"south": {"uv": [0, 33], "uv_size": [3.25, 3.5]},
								"west": {"uv": [8, 42], "uv_size": [1.75, 3.5]},
								"up": {"uv": [42, 22], "uv_size": [3.25, 1.75]},
								"down": {"uv": [26, 43.75], "uv_size": [3.25, -1.75]}
							}
						},
						{
							"origin": [-1.625, 1.556, -6.89147],
							"size": [3.3125, 0.5, 0.5],
							"pivot": [0, -2.319, -4.45397],
							"rotation": [-45, 0, 0],
							"uv": {
								"north": {"uv": [54, 2], "uv_size": [3.25, 0.5]},
								"east": {"uv": [64, 49], "uv_size": [0.5, 0.5]},
								"south": {"uv": [54, 4], "uv_size": [3.25, 0.5]},
								"west": {"uv": [64, 50], "uv_size": [0.5, 0.5]},
								"up": {"uv": [54, 5], "uv_size": [3.25, 0.5]},
								"down": {"uv": [6, 54.5], "uv_size": [3.25, -0.5]}
							}
						},
						{
							"origin": [-1.625, 4.10355, 11.16605],
							"size": [3.3125, 4.25, 8.5625],
							"uv": {
								"north": {"uv": [26, 27], "uv_size": [3.25, 4.25]},
								"east": {"uv": [8, 10], "uv_size": [8.5, 4.25]},
								"south": {"uv": [18, 29], "uv_size": [3.25, 4.25]},
								"west": {"uv": [14, 0], "uv_size": [8.5, 4.25]},
								"up": {"uv": [16, 15], "uv_size": [3.25, 8.5]},
								"down": {"uv": [17, 13.5], "uv_size": [3.25, -8.5]}
							}
						},
						{
							"origin": [-1.625, 3.22855, 22.66605],
							"size": [3.3125, 5.1875, 3.5],
							"uv": {
								"north": {"uv": [0, 27], "uv_size": [3.25, 5.25]},
								"east": {"uv": [10, 25], "uv_size": [3.5, 5.25]},
								"south": {"uv": [4, 27], "uv_size": [3.25, 5.25]},
								"west": {"uv": [14, 26], "uv_size": [3.5, 5.25]},
								"up": {"uv": [4, 33], "uv_size": [3.25, 3.5]},
								"down": {"uv": [34, 11.5], "uv_size": [3.25, -3.5]}
							}
						},
						{
							"origin": [-1.625, 1.4965, 23.66605],
							"size": [3.3125, 1.75, 2.5],
							"uv": {
								"north": {"uv": [42, 30], "uv_size": [3.25, 1.75]},
								"east": {"uv": [44, 20], "uv_size": [2.5, 1.75]},
								"south": {"uv": [42, 32], "uv_size": [3.25, 1.75]},
								"west": {"uv": [44, 41], "uv_size": [2.5, 1.75]},
								"up": {"uv": [38, 15], "uv_size": [3.25, 2.5]},
								"down": {"uv": [38, 20.5], "uv_size": [3.25, -2.5]}
							}
						},
						{
							"origin": [-1.625, 3.22855, 22.66605],
							"size": [3.3125, 2, 2],
							"pivot": [-1.625, 3.22855, 22.66605],
							"rotation": [-60, 0, 0],
							"uv": {
								"north": {"uv": [0, 42], "uv_size": [3.25, 2]},
								"east": {"uv": [46, 17], "uv_size": [2, 2]},
								"south": {"uv": [42, 0], "uv_size": [3.25, 2]},
								"west": {"uv": [46, 22], "uv_size": [2, 2]},
								"up": {"uv": [42, 2], "uv_size": [3.25, 2]},
								"down": {"uv": [4, 44], "uv_size": [3.25, -2]}
							}
						},
						{
							"origin": [-0.6875, -3.58395, 23.16605],
							"size": [1.375, 6.875, 1.5],
							"pivot": [-1.625, 3.22855, 22.66605],
							"rotation": [-60, 0, 0],
							"uv": {
								"north": {"uv": [23, 34], "uv_size": [1.5, 7]},
								"east": {"uv": [8, 35], "uv_size": [1.5, 7]},
								"south": {"uv": [10, 35], "uv_size": [1.5, 7]},
								"west": {"uv": [12, 35], "uv_size": [1.5, 7]},
								"up": {"uv": [16, 50], "uv_size": [1.5, 1.5]},
								"down": {"uv": [35, 51.5], "uv_size": [1.5, -1.5]}
							}
						},
						{
							"origin": [-0.8125, -2.14645, 23.79105],
							"size": [1.625, 4.6875, 1.6875],
							"pivot": [-1.625, 3.22855, 22.66605],
							"rotation": [-60, 0, 0],
							"uv": {
								"north": {"uv": [18, 37], "uv_size": [1.75, 4.75]},
								"east": {"uv": [20, 37], "uv_size": [1.75, 4.75]},
								"south": {"uv": [38, 0], "uv_size": [1.75, 4.75]},
								"west": {"uv": [38, 7], "uv_size": [1.75, 4.75]},
								"up": {"uv": [48, 13], "uv_size": [1.75, 1.75]},
								"down": {"uv": [48, 16.75], "uv_size": [1.75, -1.75]}
							}
						},
						{
							"origin": [-0.8125, -1.31097, 21.56488],
							"size": [1.625, 0.9375, 1.4375],
							"pivot": [-1.625, 0.56403, 20.50238],
							"rotation": [-93, 0, 0],
							"uv": {
								"north": {"uv": [36, 7], "uv_size": [1.75, 1]},
								"east": {"uv": [42, 54], "uv_size": [1.5, 1]},
								"south": {"uv": [40, 11], "uv_size": [1.75, 1]},
								"west": {"uv": [54, 42], "uv_size": [1.5, 1]},
								"up": {"uv": [2, 49], "uv_size": [1.75, 1.5]},
								"down": {"uv": [4, 50.5], "uv_size": [1.75, -1.5]}
							}
						},
						{
							"origin": [-0.6875, -2.39645, 19.16605],
							"size": [1.375, 1.625, 3.3125],
							"pivot": [-1.625, 2.79105, 21.91605],
							"rotation": [-60, 0, 0],
							"uv": {
								"north": {"uv": [52, 4], "uv_size": [1.5, 1.25]},
								"east": {"uv": [45, 36], "uv_size": [3.25, 1.25]},
								"south": {"uv": [52, 20], "uv_size": [1.5, 1.25]},
								"west": {"uv": [46, 5], "uv_size": [3.25, 1.25]},
								"up": {"uv": [44, 11], "uv_size": [1.5, 3.25]},
								"down": {"uv": [44, 18.25], "uv_size": [1.5, -3.25]}
							}
						},
						{
							"origin": [-0.6875, 2.57887, 16.04855],
							"size": [1.375, 1.75, 1.4375],
							"uv": {
								"north": {"uv": [48, 38], "uv_size": [1.5, 1.75]},
								"east": {"uv": [50, 38], "uv_size": [1.25, 1.75]},
								"south": {"uv": [40, 48], "uv_size": [1.5, 1.75]},
								"west": {"uv": [51, 0], "uv_size": [1.25, 1.75]},
								"up": {"uv": [52, 24], "uv_size": [1.5, 1.25]},
								"down": {"uv": [52, 31.25], "uv_size": [1.5, -1.25]}
							}
						},
						{
							"origin": [-0.6875, 3.26637, 16.17355],
							"size": [1.375, 1.0625, 0.25],
							"pivot": [-1.625, 8.39137, 15.98605],
							"rotation": [-10, 0, 0],
							"uv": {
								"north": {"uv": [48, 38], "uv_size": [1.5, 1.75]},
								"east": {"uv": [50, 38], "uv_size": [1.25, 1.75]},
								"south": {"uv": [40, 48], "uv_size": [1.5, 1.75]},
								"west": {"uv": [51, 0], "uv_size": [1.25, 1.75]},
								"up": {"uv": [52, 24], "uv_size": [1.5, 1.25]},
								"down": {"uv": [52, 31.25], "uv_size": [1.5, -1.25]}
							}
						},
						{
							"origin": [-0.9375, 2.76637, 12.17355],
							"size": [1.9375, 1.5625, 1.25],
							"uv": {
								"north": {"uv": [16, 48], "uv_size": [2, 1.5]},
								"east": {"uv": [52, 42], "uv_size": [1.25, 1.5]},
								"south": {"uv": [22, 48], "uv_size": [2, 1.5]},
								"west": {"uv": [44, 52], "uv_size": [1.25, 1.5]},
								"up": {"uv": [50, 4], "uv_size": [2, 1.25]},
								"down": {"uv": [50, 14.25], "uv_size": [2, -1.25]}
							}
						},
						{
							"origin": [-0.76072, 2.76637, 13.41282],
							"size": [0.8125, 1.375, 0.1875],
							"uv": {
								"north": {"uv": [40, 56], "uv_size": [0.75, 1.5]},
								"east": {"uv": [63, 51], "uv_size": [0.25, 1.5]},
								"south": {"uv": [41, 56], "uv_size": [0.75, 1.5]},
								"west": {"uv": [53, 63], "uv_size": [0.25, 1.5]},
								"up": {"uv": [65, 55], "uv_size": [0.75, 0.25]},
								"down": {"uv": [56, 65.25], "uv_size": [0.75, -0.25]}
							}
						},
						{
							"origin": [0.01072, 2.76637, 13.41282],
							"size": [0.8125, 1.375, 0.1875],
							"uv": {
								"north": {"uv": [42, 56], "uv_size": [0.75, 1.5]},
								"east": {"uv": [54, 63], "uv_size": [0.25, 1.5]},
								"south": {"uv": [56, 42], "uv_size": [0.75, 1.5]},
								"west": {"uv": [63, 54], "uv_size": [0.25, 1.5]},
								"up": {"uv": [65, 56], "uv_size": [0.75, 0.25]},
								"down": {"uv": [57, 65.25], "uv_size": [0.75, -0.25]}
							}
						},
						{
							"origin": [0.94432, 2.76637, 11.32942],
							"size": [0.25, 1.5625, 0.25],
							"pivot": [-1.43068, 8.39137, 12.14192],
							"rotation": [0, -45, 0],
							"uv": {
								"north": {"uv": [43, 63], "uv_size": [0.25, 1.5]},
								"east": {"uv": [63, 43], "uv_size": [0.25, 1.5]},
								"south": {"uv": [44, 63], "uv_size": [0.25, 1.5]},
								"west": {"uv": [45, 63], "uv_size": [0.25, 1.5]},
								"up": {"uv": [67, 17], "uv_size": [0.25, 0.25]},
								"down": {"uv": [18, 67.25], "uv_size": [0.25, -0.25]}
							}
						},
						{
							"origin": [1.38182, 4.10355, 17.63442],
							"size": [0.5, 4.25, 0.4375],
							"pivot": [-0.74318, 9.72855, 18.44692],
							"rotation": [0, -45, 0],
							"uv": {
								"north": {"uv": [19, 51], "uv_size": [0.5, 4.25]},
								"east": {"uv": [20, 51], "uv_size": [0.5, 4.25]},
								"south": {"uv": [21, 51], "uv_size": [0.5, 4.25]},
								"west": {"uv": [22, 51], "uv_size": [0.5, 4.25]},
								"up": {"uv": [8, 65], "uv_size": [0.5, 0.5]},
								"down": {"uv": [9, 65.5], "uv_size": [0.5, -0.5]}
							}
						},
						{
							"origin": [-1.32713, 4.10355, 17.32192],
							"size": [0.5, 4.25, 0.5625],
							"pivot": [-3.70213, 9.72855, 18.44692],
							"rotation": [0, -45, 0],
							"uv": {
								"north": {"uv": [23, 51], "uv_size": [0.5, 4.25]},
								"east": {"uv": [24, 51], "uv_size": [0.5, 4.25]},
								"south": {"uv": [25, 51], "uv_size": [0.5, 4.25]},
								"west": {"uv": [26, 51], "uv_size": [0.5, 4.25]},
								"up": {"uv": [65, 9], "uv_size": [0.5, 0.5]},
								"down": {"uv": [10, 65.5], "uv_size": [0.5, -0.5]}
							}
						},
						{
							"origin": [-0.63963, 2.76637, 11.32942],
							"size": [0.25, 1.5625, 0.25],
							"pivot": [-3.01463, 8.39137, 12.14192],
							"rotation": [0, -45, 0],
							"uv": {
								"north": {"uv": [63, 45], "uv_size": [0.25, 1.5]},
								"east": {"uv": [46, 63], "uv_size": [0.25, 1.5]},
								"south": {"uv": [63, 47], "uv_size": [0.25, 1.5]},
								"west": {"uv": [63, 49], "uv_size": [0.25, 1.5]},
								"up": {"uv": [67, 18], "uv_size": [0.25, 0.25]},
								"down": {"uv": [19, 67.25], "uv_size": [0.25, -0.25]}
							}
						},
						{
							"origin": [-0.6875, 2.57887, 11.98605],
							"size": [1.375, 0.3125, 4.0625],
							"uv": {
								"north": {"uv": [63, 41], "uv_size": [1.5, 0.25]},
								"east": {"uv": [12, 57], "uv_size": [4, 0.25]},
								"south": {"uv": [63, 42], "uv_size": [1.5, 0.25]},
								"west": {"uv": [57, 13], "uv_size": [4, 0.25]},
								"up": {"uv": [18, 42], "uv_size": [1.5, 4]},
								"down": {"uv": [42, 22], "uv_size": [1.5, -4]}
							}
						},
						{
							"origin": [-0.875, 5.16605, 14.29105],
							"size": [1.875, 3.25, 8.375],
							"uv": {
								"north": {"uv": [36, 40], "uv_size": [2, 3.25]},
								"east": {"uv": [14, 5], "uv_size": [3, 3.25]},
								"south": {"uv": [40, 39], "uv_size": [2, 3.25]},
								"west": {"uv": [35, 15], "uv_size": [3, 3.25]},
								"up": {"uv": [42, 15], "uv_size": [2, 3]},
								"down": {"uv": [16, 45], "uv_size": [2, -3]}
							}
						},
						{
							"origin": [-1.625, 7.79105, -3.08395],
							"size": [3.3125, 0.875, 4.3125],
							"uv": {
								"north": {"uv": [47, 24], "uv_size": [3.25, 1]},
								"east": {"uv": [47, 25], "uv_size": [3.25, 1]},
								"south": {"uv": [47, 41], "uv_size": [3.25, 1]},
								"west": {"uv": [47, 42], "uv_size": [3.25, 1]},
								"up": {"uv": [34, 27], "uv_size": [3.25, 3.25]},
								"down": {"uv": [34, 34.25], "uv_size": [3.25, -3.25]}
							}
						},
						{
							"origin": [-1.1875, 8.66605, -2.39645],
							"size": [2.4375, 0.4375, 9.875],
							"uv": {
								"north": {"uv": [53, 55], "uv_size": [2.5, 0.5]},
								"east": {"uv": [40, 4], "uv_size": [9.25, 0.5]},
								"south": {"uv": [55, 54], "uv_size": [2.5, 0.5]},
								"west": {"uv": [44, 19], "uv_size": [9.25, 0.5]},
								"up": {"uv": [20, 14], "uv_size": [2.5, 9.25]}
							}
						},
						{
							"origin": [-1.1875, 8.66605, 8.60355],
							"size": [2.4375, 0.4375, 2.6875],
							"uv": {
								"north": {"uv": [14, 56], "uv_size": [2.5, 0.5]},
								"east": {"uv": [55, 47], "uv_size": [2.75, 0.5]},
								"south": {"uv": [17, 56], "uv_size": [2.5, 0.5]},
								"west": {"uv": [48, 55], "uv_size": [2.75, 0.5]},
								"up": {"uv": [38, 36], "uv_size": [2.5, 2.75]}
							}
						},
						{
							"origin": [-1, 1.29105, -5.02145],
							"size": [2.0625, 2.125, 9],
							"uv": {
								"north": {"uv": [44, 38], "uv_size": [2, 2.25]},
								"east": {"uv": [18, 26], "uv_size": [8, 2.25]},
								"south": {"uv": [16, 45], "uv_size": [2, 2.25]},
								"west": {"uv": [26, 24], "uv_size": [8, 2.25]},
								"up": {"uv": [21, 5], "uv_size": [2, 8]},
								"down": {"uv": [8, 35], "uv_size": [2, -8]}
							}
						},
						{
							"origin": [-1.375, 1.29105, 4.91605],
							"size": [2.75, 0.5625, 6],
							"uv": {
								"north": {"uv": [55, 41], "uv_size": [2.75, 0.5]},
								"east": {"uv": [48, 2], "uv_size": [6, 0.5]},
								"south": {"uv": [42, 55], "uv_size": [2.75, 0.5]},
								"west": {"uv": [48, 17], "uv_size": [6, 0.5]},
								"up": {"uv": [27, 8], "uv_size": [2.75, 6]},
								"down": {"uv": [27, 20], "uv_size": [2.75, -6]}
							}
						},
						{
							"origin": [-1.625, 7.79105, 2.04105],
							"size": [3.3125, 0.875, 9.25],
							"uv": {
								"north": {"uv": [47, 43], "uv_size": [3.25, 1]},
								"east": {"uv": [36, 5], "uv_size": [9.25, 1]},
								"south": {"uv": [47, 44], "uv_size": [3.25, 1]},
								"west": {"uv": [36, 6], "uv_size": [9.25, 1]},
								"up": {"uv": [8, 15], "uv_size": [3.25, 9.25]},
								"down": {"uv": [12, 24.25], "uv_size": [3.25, -9.25]}
							}
						},
						{
							"origin": [-1.625, 7.79105, 1.22855],
							"size": [3.3125, 0.4375, 0.8125],
							"uv": {
								"north": {"uv": [54, 19], "uv_size": [3.25, 0.5]},
								"east": {"uv": [63, 27], "uv_size": [0.75, 0.5]},
								"south": {"uv": [54, 20], "uv_size": [3.25, 0.5]},
								"west": {"uv": [63, 29], "uv_size": [0.75, 0.5]},
								"up": {"uv": [50, 22], "uv_size": [3.25, 0.75]},
								"down": {"uv": [50, 23.75], "uv_size": [3.25, -0.75]}
							}
						},
						{
							"origin": [0.94064, 7.91919, 1.22855],
							"size": [0.4375, 0.4375, 0.8125],
							"pivot": [1.37814, 7.91919, 1.22855],
							"rotation": [0, 0, 45],
							"uv": {
								"north": {"uv": [52, 64], "uv_size": [0.5, 0.5]},
								"east": {"uv": [30, 63], "uv_size": [0.75, 0.5]},
								"south": {"uv": [64, 52], "uv_size": [0.5, 0.5]},
								"west": {"uv": [63, 30], "uv_size": [0.75, 0.5]},
								"up": {"uv": [31, 63], "uv_size": [0.5, 0.75]},
								"down": {"uv": [63, 31.75], "uv_size": [0.5, -0.75]}
							}
						},
						{
							"origin": [0.94064, 8.16605, 1.53791],
							"size": [0.4375, 0.4375, 0.5],
							"pivot": [1.37814, 8.16605, 1.53791],
							"rotation": [90, -45, 0],
							"uv": {
								"north": {"uv": [55, 64], "uv_size": [0.5, 0.5]},
								"east": {"uv": [64, 55], "uv_size": [0.5, 0.5]},
								"south": {"uv": [56, 64], "uv_size": [0.5, 0.5]},
								"west": {"uv": [64, 56], "uv_size": [0.5, 0.5]},
								"up": {"uv": [57, 64], "uv_size": [0.5, 0.5]},
								"down": {"uv": [64, 57.5], "uv_size": [0.5, -0.5]}
							}
						},
						{
							"origin": [-1.75314, 8.16605, 1.53791],
							"size": [0.4375, 0.4375, 0.5],
							"pivot": [-1.31564, 8.16605, 1.53791],
							"rotation": [90, -45, 0],
							"uv": {
								"north": {"uv": [58, 64], "uv_size": [0.5, 0.5]},
								"east": {"uv": [64, 58], "uv_size": [0.5, 0.5]},
								"south": {"uv": [59, 64], "uv_size": [0.5, 0.5]},
								"west": {"uv": [64, 59], "uv_size": [0.5, 0.5]},
								"up": {"uv": [60, 64], "uv_size": [0.5, 0.5]},
								"down": {"uv": [64, 60.5], "uv_size": [0.5, -0.5]}
							}
						},
						{
							"origin": [0.94064, 8.16605, 2.35041],
							"size": [0.4375, 0.4375, 0.5],
							"pivot": [1.37814, 8.16605, 2.35041],
							"rotation": [90, -45, 0],
							"uv": {
								"north": {"uv": [61, 64], "uv_size": [0.5, 0.5]},
								"east": {"uv": [62, 64], "uv_size": [0.5, 0.5]},
								"south": {"uv": [64, 62], "uv_size": [0.5, 0.5]},
								"west": {"uv": [63, 64], "uv_size": [0.5, 0.5]},
								"up": {"uv": [64, 63], "uv_size": [0.5, 0.5]},
								"down": {"uv": [64, 64.5], "uv_size": [0.5, -0.5]}
							}
						},
						{
							"origin": [-1.75314, 8.16605, 2.35041],
							"size": [0.4375, 0.4375, 0.5],
							"pivot": [-1.31564, 8.16605, 2.35041],
							"rotation": [90, -45, 0],
							"uv": {
								"north": {"uv": [0, 65], "uv_size": [0.5, 0.5]},
								"east": {"uv": [65, 0], "uv_size": [0.5, 0.5]},
								"south": {"uv": [1, 65], "uv_size": [0.5, 0.5]},
								"west": {"uv": [65, 1], "uv_size": [0.5, 0.5]},
								"up": {"uv": [2, 65], "uv_size": [0.5, 0.5]},
								"down": {"uv": [65, 2.5], "uv_size": [0.5, -0.5]}
							}
						},
						{
							"origin": [-1.75314, 7.91919, 1.22855],
							"size": [0.4375, 0.4375, 0.8125],
							"pivot": [-1.31564, 7.91919, 1.22855],
							"rotation": [0, 0, 45],
							"uv": {
								"north": {"uv": [64, 53], "uv_size": [0.5, 0.5]},
								"east": {"uv": [32, 63], "uv_size": [0.75, 0.5]},
								"south": {"uv": [64, 54], "uv_size": [0.5, 0.5]},
								"west": {"uv": [63, 32], "uv_size": [0.75, 0.5]},
								"up": {"uv": [63, 34], "uv_size": [0.5, 0.75]},
								"down": {"uv": [35, 63.75], "uv_size": [0.5, -0.75]}
							}
						},
						{
							"origin": [-1.625, 5.66605, 9.29105],
							"size": [3.3125, 2.1875, 2],
							"uv": {
								"north": {"uv": [38, 21], "uv_size": [3.25, 2.25]},
								"east": {"uv": [26, 44], "uv_size": [2, 2.25]},
								"south": {"uv": [38, 27], "uv_size": [3.25, 2.25]},
								"west": {"uv": [28, 44], "uv_size": [2, 2.25]},
								"up": {"uv": [39, 24], "uv_size": [3.25, 2]},
								"down": {"uv": [22, 43], "uv_size": [3.25, -2]}
							}
						},
						{
							"origin": [-1.625, 5.66605, -2.95895],
							"size": [3.3125, 2.125, 3],
							"uv": {
								"north": {"uv": [38, 30], "uv_size": [3.25, 2.25]},
								"east": {"uv": [34, 44], "uv_size": [2, 2.25]},
								"south": {"uv": [38, 33], "uv_size": [3.25, 2.25]},
								"west": {"uv": [36, 44], "uv_size": [2, 2.25]},
								"up": {"uv": [30, 41], "uv_size": [3.25, 2]},
								"down": {"uv": [41, 38], "uv_size": [3.25, -2]}
							}
						},
						{
							"origin": [-1.625, 1.79105, -3.08395],
							"size": [3.3125, 4.25, 14.375],
							"uv": {
								"north": {"uv": [22, 29], "uv_size": [3.25, 4.25]},
								"east": {"uv": [0, 0], "uv_size": [13.5, 4.25]},
								"south": {"uv": [30, 8], "uv_size": [3.25, 4.25]},
								"west": {"uv": [0, 5], "uv_size": [13.5, 4.25]},
								"up": {"uv": [0, 10], "uv_size": [3.25, 13.5]},
								"down": {"uv": [4, 23.5], "uv_size": [3.25, -13.5]}
							}
						}
					]
				},
				{
					"name": "fg_illuminated",
					"parent": "qt",
					"pivot": [0, 8.86649, -0.95],
					"cubes": [
						{
							"origin": [-0.55, 8.40762, 12.24105],
							"size": [1.1375, 0.7, 0.05],
							"uv": {
								"north": {"uv": [58, 6], "uv_size": [1.25, 0.75]},
								"east": {"uv": [30, 66], "uv_size": [0.25, 0.75]},
								"south": {"uv": [8, 58], "uv_size": [1.25, 0.75]},
								"west": {"uv": [66, 30], "uv_size": [0.25, 0.75]},
								"up": {"uv": [64, 45], "uv_size": [1.25, 0.25]},
								"down": {"uv": [64, 46.25], "uv_size": [1.25, -0.25]}
							}
						},
						{
							"origin": [-0.07, 9.51, -1.7325],
							"size": [0.14, 0.3475, 1.095],
							"uv": {
								"north": {"uv": [65, 66], "uv_size": [0.25, 0.5]},
								"east": {"uv": [18, 63], "uv_size": [1, 0.5]},
								"south": {"uv": [66, 65], "uv_size": [0.25, 0.5]},
								"west": {"uv": [19, 63], "uv_size": [1, 0.5]},
								"up": {"uv": [65, 40], "uv_size": [0.25, 1]},
								"down": {"uv": [41, 66], "uv_size": [0.25, -1]}
							}
						}
					]
				},
				{
					"name": "md",
					"parent": "qt",
					"pivot": [0.8733, 3.75465, -3.2075],
					"cubes": [
						{
							"origin": [-1.1853, 4.53515, -4.61263],
							"size": [0.624, 1.0935, 1.25513],
							"pivot": [-0.8733, 4.06715, -4.395],
							"rotation": [0, 0, 60],
							"uv": {
								"north": {"uv": [63, 2], "uv_size": [0.5, 1]},
								"east": {"uv": [56, 9], "uv_size": [1.25, 1]},
								"south": {"uv": [3, 63], "uv_size": [0.5, 1]},
								"west": {"uv": [10, 56], "uv_size": [1.25, 1]},
								"up": {"uv": [60, 45], "uv_size": [0.5, 1.25]},
								"down": {"uv": [47, 61.25], "uv_size": [0.5, -1.25]}
							}
						},
						{
							"origin": [-0.312, 4.01825, -4.61263],
							"size": [0.624, 1.0935, 1.25513],
							"uv": {
								"north": {"uv": [63, 3], "uv_size": [0.5, 1]},
								"east": {"uv": [56, 10], "uv_size": [1.25, 1]},
								"south": {"uv": [4, 63], "uv_size": [0.5, 1]},
								"west": {"uv": [56, 11], "uv_size": [1.25, 1]},
								"up": {"uv": [60, 47], "uv_size": [0.5, 1.25]},
								"down": {"uv": [48, 61.25], "uv_size": [0.5, -1.25]}
							}
						},
						{
							"origin": [0.5613, 4.53515, -4.61263],
							"size": [0.624, 1.0935, 1.25513],
							"pivot": [0.8733, 4.06715, -4.395],
							"rotation": [0, 0, -60],
							"uv": {
								"north": {"uv": [63, 1], "uv_size": [0.5, 1]},
								"east": {"uv": [6, 56], "uv_size": [1.25, 1]},
								"south": {"uv": [2, 63], "uv_size": [0.5, 1]},
								"west": {"uv": [56, 8], "uv_size": [1.25, 1]},
								"up": {"uv": [42, 60], "uv_size": [0.5, 1.25]},
								"down": {"uv": [60, 44.25], "uv_size": [0.5, -1.25]}
							}
						}
					]
				},
				{
					"name": "md6",
					"parent": "md",
					"pivot": [-2.94781, 5.33837, 11.51683],
					"rotation": [0, 90, 0],
					"cubes": [
						{
							"origin": [-6.79955, 0.23046, 12.49775],
							"size": [0.50629, 0.76632, 3.95584],
							"pivot": [-3.59328, 4.96571, 11.51683],
							"rotation": [0, 0, 60],
							"uv": {
								"north": {"uv": [55, 63], "uv_size": [0.5, 0.75]},
								"east": {"uv": [48, 18], "uv_size": [4, 0.75]},
								"south": {"uv": [63, 56], "uv_size": [0.5, 0.75]},
								"west": {"uv": [30, 48], "uv_size": [4, 0.75]},
								"up": {"uv": [51, 43], "uv_size": [0.5, 4]},
								"down": {"uv": [46, 55], "uv_size": [0.5, -4]}
							}
						},
						{
							"origin": [-5.37351, 11.18063, 12.49775],
							"size": [0.50629, 0.16182, 3.95584],
							"pivot": [-2.16724, 4.96056, 11.51683],
							"rotation": [0, 0, -60],
							"uv": {
								"north": {"uv": [51, 66], "uv_size": [0.5, 0.25]},
								"east": {"uv": [18, 57], "uv_size": [4, 0.25]},
								"south": {"uv": [66, 51], "uv_size": [0.5, 0.25]},
								"west": {"uv": [22, 57], "uv_size": [4, 0.25]},
								"up": {"uv": [51, 47], "uv_size": [0.5, 4]},
								"down": {"uv": [48, 55], "uv_size": [0.5, -4]}
							}
						},
						{
							"origin": [-9.04412, 5.10738, 12.49775],
							"size": [0.50629, 0.70587, 3.95584],
							"uv": {
								"north": {"uv": [57, 63], "uv_size": [0.5, 0.75]},
								"east": {"uv": [48, 30], "uv_size": [4, 0.75]},
								"south": {"uv": [63, 57], "uv_size": [0.5, 0.75]},
								"west": {"uv": [48, 31], "uv_size": [4, 0.75]},
								"up": {"uv": [49, 51], "uv_size": [0.5, 4]},
								"down": {"uv": [51, 55], "uv_size": [0.5, -4]}
							}
						},
						{
							"origin": [-9.04412, 4.93634, 12.49775],
							"size": [0.50629, 0.19204, 3.95584],
							"uv": {
								"north": {"uv": [52, 66], "uv_size": [0.5, 0.25]},
								"east": {"uv": [57, 23], "uv_size": [4, 0.25]},
								"south": {"uv": [66, 52], "uv_size": [0.5, 0.25]},
								"west": {"uv": [57, 24], "uv_size": [4, 0.25]},
								"up": {"uv": [52, 7], "uv_size": [0.5, 4]},
								"down": {"uv": [52, 15], "uv_size": [0.5, -4]}
							}
						},
						{
							"origin": [-4.75422, 10.82309, 12.49775],
							"size": [0.50629, 0.16182, 3.95584],
							"pivot": [-1.54795, 4.60301, 11.51683],
							"rotation": [0, 0, -60],
							"uv": {
								"north": {"uv": [53, 66], "uv_size": [0.5, 0.25]},
								"east": {"uv": [57, 25], "uv_size": [4, 0.25]},
								"south": {"uv": [66, 53], "uv_size": [0.5, 0.25]},
								"west": {"uv": [57, 26], "uv_size": [4, 0.25]},
								"up": {"uv": [16, 52], "uv_size": [0.5, 4]},
								"down": {"uv": [17, 56], "uv_size": [0.5, -4]}
							}
						},
						{
							"origin": [-6.15408, 0.60312, 12.49775],
							"size": [0.50629, 0.13159, 3.95584],
							"pivot": [-2.94781, 5.33837, 11.51683],
							"rotation": [0, 0, 60],
							"uv": {
								"north": {"uv": [54, 66], "uv_size": [0.5, 0.25]},
								"east": {"uv": [57, 27], "uv_size": [4, 0.25]},
								"south": {"uv": [66, 54], "uv_size": [0.5, 0.25]},
								"west": {"uv": [57, 28], "uv_size": [4, 0.25]},
								"up": {"uv": [35, 52], "uv_size": [0.5, 4]},
								"down": {"uv": [36, 56], "uv_size": [0.5, -4]}
							}
						},
						{
							"origin": [-14.16912, 0.60738, 13.56025],
							"size": [0.50629, 0.70587, 1.76834],
							"uv": {
								"north": {"uv": [64, 2], "uv_size": [0.5, 0.75]},
								"east": {"uv": [55, 50], "uv_size": [1.75, 0.75]},
								"south": {"uv": [3, 64], "uv_size": [0.5, 0.75]},
								"west": {"uv": [51, 55], "uv_size": [1.75, 0.75]},
								"up": {"uv": [58, 57], "uv_size": [0.5, 1.75]},
								"down": {"uv": [59, 1.75], "uv_size": [0.5, -1.75]}
							}
						},
						{
							"origin": [-11.83313, 13.36901, 13.56025],
							"size": [0.50629, 0.16182, 1.76834],
							"pivot": [-2.16724, 4.96056, 11.51683],
							"rotation": [0, 0, -60],
							"uv": {
								"north": {"uv": [67, 8], "uv_size": [0.5, 0.25]},
								"east": {"uv": [63, 25], "uv_size": [1.75, 0.25]},
								"south": {"uv": [9, 67], "uv_size": [0.5, 0.25]},
								"west": {"uv": [63, 26], "uv_size": [1.75, 0.25]},
								"up": {"uv": [58, 50], "uv_size": [0.5, 1.75]},
								"down": {"uv": [58, 53.75], "uv_size": [0.5, -1.75]}
							}
						},
						{
							"origin": [-5.46493, -6.45792, 13.56025],
							"size": [0.50629, 0.76632, 1.76834],
							"pivot": [-3.59328, 4.96571, 11.51683],
							"rotation": [0, 0, 60],
							"uv": {
								"north": {"uv": [64, 1], "uv_size": [0.5, 0.75]},
								"east": {"uv": [55, 48], "uv_size": [1.75, 0.75]},
								"south": {"uv": [2, 64], "uv_size": [0.5, 0.75]},
								"west": {"uv": [55, 49], "uv_size": [1.75, 0.75]},
								"up": {"uv": [58, 46], "uv_size": [0.5, 1.75]},
								"down": {"uv": [58, 49.75], "uv_size": [0.5, -1.75]}
							}
						},
						{
							"origin": [-14.16912, 0.43634, 13.56025],
							"size": [0.50629, 0.19204, 1.76834],
							"uv": {
								"north": {"uv": [67, 7], "uv_size": [0.5, 0.25]},
								"east": {"uv": [63, 23], "uv_size": [1.75, 0.25]},
								"south": {"uv": [8, 67], "uv_size": [0.5, 0.25]},
								"west": {"uv": [63, 24], "uv_size": [1.75, 0.25]},
								"up": {"uv": [58, 42], "uv_size": [0.5, 1.75]},
								"down": {"uv": [58, 45.75], "uv_size": [0.5, -1.75]}
							}
						},
						{
							"origin": [-11.21383, 13.01147, 13.56025],
							"size": [0.50629, 0.16182, 1.76834],
							"pivot": [-1.54795, 4.60301, 11.51683],
							"rotation": [0, 0, -60],
							"uv": {
								"north": {"uv": [67, 6], "uv_size": [0.5, 0.25]},
								"east": {"uv": [22, 63], "uv_size": [1.75, 0.25]},
								"south": {"uv": [7, 67], "uv_size": [0.5, 0.25]},
								"west": {"uv": [63, 22], "uv_size": [1.75, 0.25]},
								"up": {"uv": [58, 34], "uv_size": [0.5, 1.75]},
								"down": {"uv": [42, 59.75], "uv_size": [0.5, -1.75]}
							}
						},
						{
							"origin": [-4.81947, -6.08526, 13.56025],
							"size": [0.50629, 0.13159, 1.76834],
							"pivot": [-2.94781, 5.33837, 11.51683],
							"rotation": [0, 0, 60],
							"uv": {
								"north": {"uv": [67, 5], "uv_size": [0.5, 0.25]},
								"east": {"uv": [20, 63], "uv_size": [1.75, 0.25]},
								"south": {"uv": [6, 67], "uv_size": [0.5, 0.25]},
								"west": {"uv": [63, 21], "uv_size": [1.75, 0.25]},
								"up": {"uv": [58, 19], "uv_size": [0.5, 1.75]},
								"down": {"uv": [58, 32.75], "uv_size": [0.5, -1.75]}
							}
						},
						{
							"origin": [12.51838, 2.16988, 13.37275],
							"size": [0.50629, 0.70587, 2.26834],
							"uv": {
								"north": {"uv": [64, 4], "uv_size": [0.5, 0.75]},
								"east": {"uv": [53, 11], "uv_size": [2.25, 0.75]},
								"south": {"uv": [5, 64], "uv_size": [0.5, 0.75]},
								"west": {"uv": [53, 12], "uv_size": [2.25, 0.75]},
								"up": {"uv": [52, 56], "uv_size": [0.5, 2.25]},
								"down": {"uv": [53, 58.25], "uv_size": [0.5, -2.25]}
							}
						},
						{
							"origin": [2.86379, -8.96179, 13.37275],
							"size": [0.50629, 0.16182, 2.26834],
							"pivot": [-2.16724, 4.96056, 11.51683],
							"rotation": [0, 0, -60],
							"uv": {
								"north": {"uv": [67, 12], "uv_size": [0.5, 0.25]},
								"east": {"uv": [62, 19], "uv_size": [2.25, 0.25]},
								"south": {"uv": [13, 67], "uv_size": [0.5, 0.25]},
								"west": {"uv": [21, 62], "uv_size": [2.25, 0.25]},
								"up": {"uv": [51, 56], "uv_size": [0.5, 2.25]},
								"down": {"uv": [56, 53.25], "uv_size": [0.5, -2.25]}
							}
						},
						{
							"origin": [6.52565, 17.43538, 13.37275],
							"size": [0.50629, 0.76632, 2.26834],
							"pivot": [-3.59328, 4.96571, 11.51683],
							"rotation": [0, 0, 60],
							"uv": {
								"north": {"uv": [64, 3], "uv_size": [0.5, 0.75]},
								"east": {"uv": [53, 9], "uv_size": [2.25, 0.75]},
								"south": {"uv": [4, 64], "uv_size": [0.5, 0.75]},
								"west": {"uv": [53, 10], "uv_size": [2.25, 0.75]},
								"up": {"uv": [49, 56], "uv_size": [0.5, 2.25]},
								"down": {"uv": [50, 58.25], "uv_size": [0.5, -2.25]}
							}
						},
						{
							"origin": [12.51838, 1.99884, 13.37275],
							"size": [0.50629, 0.19204, 2.26834],
							"uv": {
								"north": {"uv": [67, 11], "uv_size": [0.5, 0.25]},
								"east": {"uv": [18, 62], "uv_size": [2.25, 0.25]},
								"south": {"uv": [12, 67], "uv_size": [0.5, 0.25]},
								"west": {"uv": [62, 18], "uv_size": [2.25, 0.25]},
								"up": {"uv": [47, 56], "uv_size": [0.5, 2.25]},
								"down": {"uv": [48, 58.25], "uv_size": [0.5, -2.25]}
							}
						},
						{
							"origin": [3.48308, -9.31934, 13.37275],
							"size": [0.50629, 0.16182, 2.26834],
							"pivot": [-1.54795, 4.60301, 11.51683],
							"rotation": [0, 0, -60],
							"uv": {
								"north": {"uv": [67, 10], "uv_size": [0.5, 0.25]},
								"east": {"uv": [62, 16], "uv_size": [2.25, 0.25]},
								"south": {"uv": [11, 67], "uv_size": [0.5, 0.25]},
								"west": {"uv": [62, 17], "uv_size": [2.25, 0.25]},
								"up": {"uv": [45, 56], "uv_size": [0.5, 2.25]},
								"down": {"uv": [46, 58.25], "uv_size": [0.5, -2.25]}
							}
						},
						{
							"origin": [7.17112, 17.80804, 13.37275],
							"size": [0.50629, 0.13159, 2.26834],
							"pivot": [-2.94781, 5.33837, 11.51683],
							"rotation": [0, 0, 60],
							"uv": {
								"north": {"uv": [67, 9], "uv_size": [0.5, 0.25]},
								"east": {"uv": [15, 62], "uv_size": [2.25, 0.25]},
								"south": {"uv": [10, 67], "uv_size": [0.5, 0.25]},
								"west": {"uv": [62, 15], "uv_size": [2.25, 0.25]},
								"up": {"uv": [43, 56], "uv_size": [0.5, 2.25]},
								"down": {"uv": [44, 58.25], "uv_size": [0.5, -2.25]}
							}
						}
					]
				},
				{
					"name": "md2",
					"parent": "qt",
					"pivot": [1.4983, 8.44215, 2.1675],
					"rotation": [0, -90, 0],
					"cubes": [
						{
							"origin": [0.30431, 8.71359, 2.04128],
							"size": [0.36192, 0.63423, 3.22797],
							"pivot": [0.48527, 8.44215, 2.1675],
							"rotation": [0, 0, 60],
							"uv": {
								"north": {"uv": [65, 51], "uv_size": [0.25, 0.75]},
								"east": {"uv": [50, 26], "uv_size": [3.25, 0.75]},
								"south": {"uv": [52, 65], "uv_size": [0.25, 0.75]},
								"west": {"uv": [50, 27], "uv_size": [3.25, 0.75]},
								"up": {"uv": [59, 42], "uv_size": [0.25, 3.25]},
								"down": {"uv": [43, 62.25], "uv_size": [0.25, -3.25]}
							}
						},
						{
							"origin": [1.31734, 8.71359, 2.04128],
							"size": [0.36192, 0.63423, 3.22797],
							"pivot": [1.4983, 8.44215, 2.1675],
							"rotation": [0, 0, -60],
							"uv": {
								"north": {"uv": [65, 53], "uv_size": [0.25, 0.75]},
								"east": {"uv": [50, 32], "uv_size": [3.25, 0.75]},
								"south": {"uv": [54, 65], "uv_size": [0.25, 0.75]},
								"west": {"uv": [50, 33], "uv_size": [3.25, 0.75]},
								"up": {"uv": [46, 59], "uv_size": [0.25, 3.25]},
								"down": {"uv": [59, 49.25], "uv_size": [0.25, -3.25]}
							}
						},
						{
							"origin": [0.81721, 8.41747, 2.04128],
							"size": [0.36192, 0.63423, 3.22797],
							"uv": {
								"north": {"uv": [65, 53], "uv_size": [0.25, 0.75]},
								"east": {"uv": [50, 32], "uv_size": [3.25, 0.75]},
								"south": {"uv": [54, 65], "uv_size": [0.25, 0.75]},
								"west": {"uv": [50, 33], "uv_size": [3.25, 0.75]},
								"up": {"uv": [46, 59], "uv_size": [0.25, 3.25]},
								"down": {"uv": [59, 49.25], "uv_size": [0.25, -3.25]}
							}
						},
						{
							"origin": [7.12333, 8.66379, 2.29128],
							"size": [0.36192, 0.63423, 2.60297],
							"uv": {
								"north": {"uv": [14, 66], "uv_size": [0.25, 0.75]},
								"east": {"uv": [52, 47], "uv_size": [2.5, 0.75]},
								"south": {"uv": [66, 14], "uv_size": [0.25, 0.75]},
								"west": {"uv": [52, 48], "uv_size": [2.5, 0.75]},
								"up": {"uv": [57, 60], "uv_size": [0.25, 2.5]},
								"down": {"uv": [58, 62.5], "uv_size": [0.25, -2.5]}
							}
						},
						{
							"origin": [4.6901, 3.3718, 2.29128],
							"size": [0.36192, 0.63423, 2.60297],
							"pivot": [1.4983, 8.44215, 2.1675],
							"rotation": [0, 0, -60],
							"uv": {
								"north": {"uv": [13, 66], "uv_size": [0.25, 0.75]},
								"east": {"uv": [52, 45], "uv_size": [2.5, 0.75]},
								"south": {"uv": [66, 13], "uv_size": [0.25, 0.75]},
								"west": {"uv": [52, 46], "uv_size": [2.5, 0.75]},
								"up": {"uv": [55, 60], "uv_size": [0.25, 2.5]},
								"down": {"uv": [60, 58.5], "uv_size": [0.25, -2.5]}
							}
						},
						{
							"origin": [3.24406, 14.30538, 2.29128],
							"size": [0.36192, 0.63423, 2.60297],
							"pivot": [0.48527, 8.44215, 2.1675],
							"rotation": [0, 0, 60],
							"uv": {
								"north": {"uv": [12, 66], "uv_size": [0.25, 0.75]},
								"east": {"uv": [52, 18], "uv_size": [2.5, 0.75]},
								"south": {"uv": [66, 12], "uv_size": [0.25, 0.75]},
								"west": {"uv": [52, 44], "uv_size": [2.5, 0.75]},
								"up": {"uv": [53, 60], "uv_size": [0.25, 2.5]},
								"down": {"uv": [54, 62.5], "uv_size": [0.25, -2.5]}
							}
						},
						{
							"origin": [10.49833, 8.78879, 2.29128],
							"size": [0.36192, 0.63423, 1.35297],
							"uv": {
								"north": {"uv": [26, 66], "uv_size": [0.25, 0.75]},
								"east": {"uv": [5, 58], "uv_size": [1.25, 0.75]},
								"south": {"uv": [66, 26], "uv_size": [0.25, 0.75]},
								"west": {"uv": [58, 5], "uv_size": [1.25, 0.75]},
								"up": {"uv": [64, 39], "uv_size": [0.25, 1.25]},
								"down": {"uv": [64, 44.25], "uv_size": [0.25, -1.25]}
							}
						},
						{
							"origin": [6.48585, 0.51147, 2.29128],
							"size": [0.36192, 0.63423, 1.35297],
							"pivot": [1.4983, 8.44215, 2.1675],
							"rotation": [0, 0, -60],
							"uv": {
								"north": {"uv": [25, 66], "uv_size": [0.25, 0.75]},
								"east": {"uv": [3, 58], "uv_size": [1.25, 0.75]},
								"south": {"uv": [66, 25], "uv_size": [0.25, 0.75]},
								"west": {"uv": [58, 4], "uv_size": [1.25, 0.75]},
								"up": {"uv": [37, 64], "uv_size": [0.25, 1.25]},
								"down": {"uv": [64, 38.25], "uv_size": [0.25, -1.25]}
							}
						},
						{
							"origin": [4.8233, 17.29071, 2.29128],
							"size": [0.36192, 0.63423, 1.35297],
							"pivot": [0.48527, 8.44215, 2.1675],
							"rotation": [0, 0, 60],
							"uv": {
								"north": {"uv": [24, 66], "uv_size": [0.25, 0.75]},
								"east": {"uv": [1, 58], "uv_size": [1.25, 0.75]},
								"south": {"uv": [66, 24], "uv_size": [0.25, 0.75]},
								"west": {"uv": [58, 2], "uv_size": [1.25, 0.75]},
								"up": {"uv": [23, 64], "uv_size": [0.25, 1.25]},
								"down": {"uv": [32, 65.25], "uv_size": [0.25, -1.25]}
							}
						}
					]
				},
				{
					"name": "bone",
					"parent": "qt",
					"pivot": [1.54754, 6.88112, 1.01682],
					"rotation": [0, -90, 0],
					"cubes": [
						{
							"origin": [1.18644, 6.44224, 0.74309],
							"size": [0.96194, 1.34114, 3.54734],
							"uv": {
								"north": {"uv": [54, 35], "uv_size": [1, 1.5]},
								"east": {"uv": [38, 43], "uv_size": [3.5, 1.5]},
								"south": {"uv": [37, 54], "uv_size": [1, 1.5]},
								"west": {"uv": [42, 43], "uv_size": [3.5, 1.5]},
								"up": {"uv": [47, 32], "uv_size": [1, 3.5]},
								"down": {"uv": [34, 50.5], "uv_size": [1, -3.5]}
							}
						},
						{
							"origin": [2.54965, 8.26299, 0.74309],
							"size": [0.96194, 0.30745, 3.54734],
							"pivot": [3.03062, 6.16327, 1.01682],
							"rotation": [0, 0, -60],
							"uv": {
								"north": {"uv": [4, 65], "uv_size": [1, 0.25]},
								"east": {"uv": [58, 8], "uv_size": [3.5, 0.25]},
								"south": {"uv": [65, 4], "uv_size": [1, 0.25]},
								"west": {"uv": [58, 9], "uv_size": [3.5, 0.25]},
								"up": {"uv": [25, 34], "uv_size": [1, 3.5]},
								"down": {"uv": [22, 40.5], "uv_size": [1, -3.5]}
							}
						},
						{
							"origin": [-0.15982, 6.89452, 0.74309],
							"size": [0.96194, 1.456, 3.54734],
							"pivot": [0.32115, 6.17306, 1.01682],
							"rotation": [0, 0, 60],
							"uv": {
								"north": {"uv": [18, 54], "uv_size": [1, 1.5]},
								"east": {"uv": [42, 34], "uv_size": [3.5, 1.5]},
								"south": {"uv": [54, 31], "uv_size": [1, 1.5]},
								"west": {"uv": [43, 24], "uv_size": [3.5, 1.5]},
								"up": {"uv": [46, 32], "uv_size": [1, 3.5]},
								"down": {"uv": [46, 46.5], "uv_size": [1, -3.5]}
							}
						},
						{
							"origin": [1.18644, 6.11726, 0.74309],
							"size": [0.96194, 0.36488, 3.54734],
							"uv": {
								"north": {"uv": [63, 5], "uv_size": [1, 0.5]},
								"east": {"uv": [52, 51], "uv_size": [3.5, 0.5]},
								"south": {"uv": [6, 63], "uv_size": [1, 0.5]},
								"west": {"uv": [52, 52], "uv_size": [3.5, 0.5]},
								"up": {"uv": [20, 47], "uv_size": [1, 3.5]},
								"down": {"uv": [21, 50.5], "uv_size": [1, -3.5]}
							}
						},
						{
							"origin": [3.7263, 7.58365, 0.74309],
							"size": [0.96194, 0.30745, 3.54734],
							"pivot": [4.20727, 5.48393, 1.01682],
							"rotation": [0, 0, -60],
							"uv": {
								"north": {"uv": [5, 65], "uv_size": [1, 0.25]},
								"east": {"uv": [10, 58], "uv_size": [3.5, 0.25]},
								"south": {"uv": [6, 65], "uv_size": [1, 0.25]},
								"west": {"uv": [58, 10], "uv_size": [3.5, 0.25]},
								"up": {"uv": [26, 47], "uv_size": [1, 3.5]},
								"down": {"uv": [27, 50.5], "uv_size": [1, -3.5]}
							}
						},
						{
							"origin": [1.06657, 7.60257, 0.74309],
							"size": [0.96194, 0.25002, 3.54734],
							"pivot": [1.54754, 6.88112, 1.01682],
							"rotation": [0, 0, 60],
							"uv": {
								"north": {"uv": [65, 6], "uv_size": [1, 0.25]},
								"east": {"uv": [58, 11], "uv_size": [3.5, 0.25]},
								"south": {"uv": [7, 65], "uv_size": [1, 0.25]},
								"west": {"uv": [58, 12], "uv_size": [3.5, 0.25]},
								"up": {"uv": [28, 47], "uv_size": [1, 3.5]},
								"down": {"uv": [29, 50.5], "uv_size": [1, -3.5]}
							}
						}
					]
				},
				{
					"name": "qt2",
					"parent": "qt",
					"pivot": [1.4983, 0.75465, 13.0425]
				},
				{
					"name": "qj",
					"parent": "qt2",
					"pivot": [0, 6.80025, 1.98],
					"rotation": [0, 0, 30],
					"cubes": [
						{
							"origin": [-2.1607, 6.88666, 0.18704],
							"size": [1.1375, 1.99336, 9.96986],
							"pivot": [-1.59195, 6.03353, 1.98],
							"rotation": [0, 0, 60],
							"uv": {
								"north": {"uv": [49, 47], "uv_size": [1.25, 2]},
								"east": {"uv": [26, 4], "uv_size": [10, 2]},
								"south": {"uv": [48, 49], "uv_size": [1.25, 2]},
								"west": {"uv": [26, 6], "uv_size": [10, 2]},
								"up": {"uv": [28, 32], "uv_size": [1.25, 10]},
								"down": {"uv": [32, 41], "uv_size": [1.25, -10]}
							}
						},
						{
							"origin": [1.0232, 6.88666, 0.18704],
							"size": [1.1375, 1.99336, 9.96986],
							"pivot": [1.59195, 6.03353, 1.98],
							"rotation": [0, 0, -60],
							"uv": {
								"north": {"uv": [49, 35], "uv_size": [1.25, 2]},
								"east": {"uv": [26, 0], "uv_size": [10, 2]},
								"south": {"uv": [49, 45], "uv_size": [1.25, 2]},
								"west": {"uv": [26, 2], "uv_size": [10, 2]},
								"up": {"uv": [16, 32], "uv_size": [1.25, 10]},
								"down": {"uv": [26, 42], "uv_size": [1.25, -10]}
							}
						},
						{
							"origin": [-0.56875, 5.94439, 0.18704],
							"size": [1.1375, 1.99336, 9.96986],
							"uv": {
								"north": {"uv": [30, 49], "uv_size": [1.25, 2]},
								"east": {"uv": [16, 24], "uv_size": [10, 2]},
								"south": {"uv": [32, 49], "uv_size": [1.25, 2]},
								"west": {"uv": [0, 25], "uv_size": [10, 2]},
								"up": {"uv": [30, 31], "uv_size": [1.25, 10]},
								"down": {"uv": [14, 42], "uv_size": [1.25, -10]}
							}
						}
					]
				},
				{
					"name": "bone2",
					"parent": "qj",
					"pivot": [1.59195, 6.03353, 1.98],
					"cubes": [
						{
							"origin": [-2.1607, 8.94916, 1.81204],
							"size": [1.1375, 0.43086, 4.21986],
							"pivot": [-1.59195, 6.03353, 1.98],
							"rotation": [0, 0, 60],
							"uv": {
								"north": {"uv": [60, 49], "uv_size": [1.25, 0.5]},
								"east": {"uv": [50, 34], "uv_size": [4.25, 0.5]},
								"south": {"uv": [51, 60], "uv_size": [1.25, 0.5]},
								"west": {"uv": [51, 3], "uv_size": [4.25, 0.5]},
								"up": {"uv": [22, 43], "uv_size": [1.25, 4.25]},
								"down": {"uv": [24, 47.25], "uv_size": [1.25, -4.25]}
							}
						},
						{
							"origin": [-2.1607, 8.94916, 4.81204],
							"size": [1.075, 2.24336, 0.59486],
							"pivot": [-1.59195, 6.03353, 1.98],
							"rotation": [0, 0, 60],
							"uv": {
								"north": {"uv": [60, 49], "uv_size": [1.25, 0.5]},
								"east": {"uv": [50, 34], "uv_size": [4.25, 0.5]},
								"south": {"uv": [51, 60], "uv_size": [1.25, 0.5]},
								"west": {"uv": [51, 3], "uv_size": [4.25, 0.5]},
								"up": {"uv": [22, 43], "uv_size": [1.25, 4.25]},
								"down": {"uv": [24, 47.25], "uv_size": [1.25, -4.25]}
							}
						},
						{
							"origin": [1.45622, 6.63666, 1.81204],
							"size": [1.1375, 0.30586, 4.21986],
							"pivot": [1.59195, 6.03353, 1.98],
							"rotation": [0, 0, -60],
							"uv": {
								"north": {"uv": [64, 32], "uv_size": [1.25, 0.25]},
								"east": {"uv": [56, 33], "uv_size": [4.25, 0.25]},
								"south": {"uv": [64, 33], "uv_size": [1.25, 0.25]},
								"west": {"uv": [54, 56], "uv_size": [4.25, 0.25]},
								"up": {"uv": [20, 42], "uv_size": [1.25, 4.25]},
								"down": {"uv": [42, 42.25], "uv_size": [1.25, -4.25]}
							}
						}
					]
				},
				{
					"name": "md5",
					"parent": "bone2",
					"pivot": [-0.99827, 5.41001, -0.04568],
					"rotation": [0, 90, -30],
					"cubes": [
						{
							"origin": [-5.4541, 2.72641, 1.16618],
							"size": [1.01257, 0.26318, 2.03667],
							"pivot": [-2.54156, 6.13472, -0.04567],
							"rotation": [0, 0, 60],
							"uv": {
								"north": {"uv": [65, 18], "uv_size": [1, 0.25]},
								"east": {"uv": [63, 10], "uv_size": [2, 0.25]},
								"south": {"uv": [19, 65], "uv_size": [1, 0.25]},
								"west": {"uv": [11, 63], "uv_size": [2, 0.25]},
								"up": {"uv": [39, 51], "uv_size": [1, 2]},
								"down": {"uv": [51, 43], "uv_size": [1, -2]}
							}
						},
						{
							"origin": [-2.65438, 11.04198, 1.16618],
							"size": [1.01257, 0.32363, 2.03667],
							"pivot": [0.25816, 4.664, -0.04568],
							"rotation": [0, 0, -60],
							"uv": {
								"north": {"uv": [65, 17], "uv_size": [1, 0.25]},
								"east": {"uv": [9, 63], "uv_size": [2, 0.25]},
								"south": {"uv": [18, 65], "uv_size": [1, 0.25]},
								"west": {"uv": [63, 9], "uv_size": [2, 0.25]},
								"up": {"uv": [51, 35], "uv_size": [1, 2]},
								"down": {"uv": [38, 53], "uv_size": [1, -2]}
							}
						},
						{
							"origin": [-7.73417, 5.33066, 1.16618],
							"size": [1.01257, 0.38408, 2.03667],
							"uv": {
								"north": {"uv": [63, 7], "uv_size": [1, 0.5]},
								"east": {"uv": [57, 14], "uv_size": [2, 0.5]},
								"south": {"uv": [63, 8], "uv_size": [1, 0.5]},
								"west": {"uv": [16, 57], "uv_size": [2, 0.5]},
								"up": {"uv": [33, 51], "uv_size": [1, 2]},
								"down": {"uv": [34, 53], "uv_size": [1, -2]}
							}
						},
						{
							"origin": [-7.73417, 5.67275, 1.16618],
							"size": [1.01257, 1.41173, 2.03667],
							"uv": {
								"north": {"uv": [54, 40], "uv_size": [1, 1.5]},
								"east": {"uv": [48, 26], "uv_size": [2, 1.5]},
								"south": {"uv": [41, 54], "uv_size": [1, 1.5]},
								"west": {"uv": [48, 28], "uv_size": [2, 1.5]},
								"up": {"uv": [31, 51], "uv_size": [1, 2]},
								"down": {"uv": [32, 53], "uv_size": [1, -2]}
							}
						},
						{
							"origin": [-3.89296, 11.75707, 1.16618],
							"size": [1.01257, 0.32363, 2.03667],
							"pivot": [-0.98043, 5.3791, -0.04568],
							"rotation": [0, 0, -60],
							"uv": {
								"north": {"uv": [65, 16], "uv_size": [1, 0.25]},
								"east": {"uv": [63, 6], "uv_size": [2, 0.25]},
								"south": {"uv": [17, 65], "uv_size": [1, 0.25]},
								"west": {"uv": [7, 63], "uv_size": [2, 0.25]},
								"up": {"uv": [35, 19], "uv_size": [1, 2]},
								"down": {"uv": [51, 26], "uv_size": [1, -2]}
							}
						},
						{
							"origin": [-6.74503, 1.98108, 1.16618],
							"size": [1.01257, 1.53263, 2.03667],
							"pivot": [-3.8325, 5.3894, -0.04568],
							"rotation": [0, 0, 60],
							"uv": {
								"north": {"uv": [54, 38], "uv_size": [1, 1.5]},
								"east": {"uv": [48, 22], "uv_size": [2, 1.5]},
								"south": {"uv": [40, 54], "uv_size": [1, 1.5]},
								"west": {"uv": [24, 48], "uv_size": [2, 1.5]},
								"up": {"uv": [26, 8], "uv_size": [1, 2]},
								"down": {"uv": [34, 17], "uv_size": [1, -2]}
							}
						}
					]
				},
				{
					"name": "hd",
					"parent": "qt",
					"pivot": [1.4983, 0.75465, 13.0425]
				},
				{
					"name": "md3",
					"parent": "hd",
					"pivot": [1.4983, 0.75465, 13.0425],
					"rotation": [0, -90, 0],
					"cubes": [
						{
							"origin": [-1.24071, 1.56483, 14.00295],
							"size": [0.83024, 1.26742, 1.26159],
							"pivot": [-0.82559, 0.75465, 13.0425],
							"rotation": [0, 0, 60],
							"uv": {
								"north": {"uv": [7, 57], "uv_size": [0.75, 1.25]},
								"east": {"uv": [29, 54], "uv_size": [1.25, 1.25]},
								"south": {"uv": [57, 42], "uv_size": [0.75, 1.25]},
								"west": {"uv": [54, 29], "uv_size": [1.25, 1.25]},
								"up": {"uv": [57, 48], "uv_size": [0.75, 1.25]},
								"down": {"uv": [57, 51.25], "uv_size": [0.75, -1.25]}
							}
						},
						{
							"origin": [-1.38845, 1.46263, 14.00295],
							"size": [0.83024, 0.20492, 1.26159],
							"pivot": [-0.97333, 0.65245, 13.0425],
							"rotation": [0, 0, 60],
							"uv": {
								"north": {"uv": [65, 54], "uv_size": [0.75, 0.25]},
								"east": {"uv": [64, 30], "uv_size": [1.25, 0.25]},
								"south": {"uv": [55, 65], "uv_size": [0.75, 0.25]},
								"west": {"uv": [64, 31], "uv_size": [1.25, 0.25]},
								"up": {"uv": [57, 57], "uv_size": [0.75, 1.25]},
								"down": {"uv": [0, 59.25], "uv_size": [0.75, -1.25]}
							}
						},
						{
							"origin": [-0.06413, 0.69804, 14.00295],
							"size": [0.83024, 1.45492, 1.26159],
							"uv": {
								"north": {"uv": [56, 27], "uv_size": [0.75, 1.5]},
								"east": {"uv": [52, 35], "uv_size": [1.25, 1.5]},
								"south": {"uv": [28, 56], "uv_size": [0.75, 1.5]},
								"west": {"uv": [52, 38], "uv_size": [1.25, 1.5]},
								"up": {"uv": [57, 52], "uv_size": [0.75, 1.25]},
								"down": {"uv": [54, 58.25], "uv_size": [0.75, -1.25]}
							}
						},
						{
							"origin": [1.09781, 1.38578, 14.00295],
							"size": [0.83024, 1.45492, 1.26159],
							"pivot": [1.51293, 0.7631, 13.0425],
							"rotation": [0, 0, -60],
							"uv": {
								"north": {"uv": [29, 56], "uv_size": [0.75, 1.5]},
								"east": {"uv": [52, 40], "uv_size": [1.25, 1.5]},
								"south": {"uv": [56, 29], "uv_size": [0.75, 1.5]},
								"west": {"uv": [42, 52], "uv_size": [1.25, 1.5]},
								"up": {"uv": [55, 57], "uv_size": [0.75, 1.25]},
								"down": {"uv": [56, 58.25], "uv_size": [0.75, -1.25]}
							}
						},
						{
							"origin": [2.02068, 1.12733, 14.06545],
							"size": [0.39274, 0.89242, 1.13659],
							"pivot": [2.3733, 0.00465, 13.0425],
							"rotation": [0, 0, -60],
							"uv": {
								"north": {"uv": [63, 4], "uv_size": [0.5, 1]},
								"east": {"uv": [12, 56], "uv_size": [1.25, 1]},
								"south": {"uv": [5, 63], "uv_size": [0.5, 1]},
								"west": {"uv": [56, 12], "uv_size": [1.25, 1]},
								"up": {"uv": [49, 60], "uv_size": [0.5, 1.25]},
								"down": {"uv": [50, 61.25], "uv_size": [0.5, -1.25]}
							}
						}
					]
				},
				{
					"name": "md4",
					"parent": "hd",
					"pivot": [1.4983, 1.19215, 12.73],
					"rotation": [0, -90, 0],
					"cubes": [
						{
							"origin": [-0.23888, 1.37116, 13.18852],
							"size": [0.48868, 0.85637, 2.26511],
							"pivot": [0.00546, 1.00465, 12.73],
							"rotation": [0, 0, 60],
							"uv": {
								"north": {"uv": [63, 36], "uv_size": [0.5, 0.75]},
								"east": {"uv": [53, 0], "uv_size": [2.25, 0.75]},
								"south": {"uv": [37, 63], "uv_size": [0.5, 0.75]},
								"west": {"uv": [53, 1], "uv_size": [2.25, 0.75]},
								"up": {"uv": [30, 56], "uv_size": [0.5, 2.25]},
								"down": {"uv": [31, 58.25], "uv_size": [0.5, -2.25]}
							}
						},
						{
							"origin": [0.44504, 0.96635, 13.18852],
							"size": [0.48868, 0.85637, 2.26511],
							"uv": {
								"north": {"uv": [63, 37], "uv_size": [0.5, 0.75]},
								"east": {"uv": [6, 53], "uv_size": [2.25, 0.75]},
								"south": {"uv": [63, 38], "uv_size": [0.5, 0.75]},
								"west": {"uv": [53, 7], "uv_size": [2.25, 0.75]},
								"up": {"uv": [32, 56], "uv_size": [0.5, 2.25]},
								"down": {"uv": [35, 58.25], "uv_size": [0.5, -2.25]}
							}
						},
						{
							"origin": [1.12896, 1.37116, 13.18852],
							"size": [0.48868, 0.85637, 2.26511],
							"pivot": [1.3733, 1.00465, 12.73],
							"rotation": [0, 0, -60],
							"uv": {
								"north": {"uv": [63, 39], "uv_size": [0.5, 0.75]},
								"east": {"uv": [53, 8], "uv_size": [2.25, 0.75]},
								"south": {"uv": [63, 40], "uv_size": [0.5, 0.75]},
								"west": {"uv": [9, 53], "uv_size": [2.25, 0.75]},
								"up": {"uv": [36, 56], "uv_size": [0.5, 2.25]},
								"down": {"uv": [37, 58.25], "uv_size": [0.5, -2.25]}
							}
						}
					]
				},
				{
					"name": "xsq",
					"parent": "qt",
					"pivot": [0.3125, 7.86373, 12.35355],
					"cubes": [
						{
							"origin": [0.29767, 9.22637, 9.55355],
							"size": [0.7125, 0.2625, 2.8],
							"pivot": [0.29767, 9.22637, 12.35355],
							"rotation": [0, 0, 60],
							"uv": {
								"north": {"uv": [16, 66], "uv_size": [0.75, 0.25]},
								"east": {"uv": [60, 32], "uv_size": [2.75, 0.25]},
								"south": {"uv": [66, 16], "uv_size": [0.75, 0.25]},
								"west": {"uv": [60, 34], "uv_size": [2.75, 0.25]},
								"up": {"uv": [29, 51], "uv_size": [0.75, 2.75]},
								"down": {"uv": [30, 53.75], "uv_size": [0.75, -2.75]}
							}
						},
						{
							"origin": [-0.4875, 9.09512, 9.55355],
							"size": [1.0125, 0.2625, 2.8],
							"uv": {
								"north": {"uv": [65, 19], "uv_size": [1, 0.25]},
								"east": {"uv": [60, 21], "uv_size": [2.75, 0.25]},
								"south": {"uv": [20, 65], "uv_size": [1, 0.25]},
								"west": {"uv": [60, 29], "uv_size": [2.75, 0.25]},
								"up": {"uv": [30, 17], "uv_size": [1, 2.75]},
								"down": {"uv": [25, 40.75], "uv_size": [1, -2.75]}
							}
						},
						{
							"origin": [-0.4875, 9.09512, 6.86605],
							"size": [1.0125, 0.2625, 2.2375],
							"uv": {
								"north": {"uv": [21, 65], "uv_size": [1, 0.25]},
								"east": {"uv": [61, 20], "uv_size": [2.25, 0.25]},
								"south": {"uv": [65, 21], "uv_size": [1, 0.25]},
								"west": {"uv": [61, 28], "uv_size": [2.25, 0.25]},
								"up": {"uv": [3, 51], "uv_size": [1, 2.25]},
								"down": {"uv": [4, 53.25], "uv_size": [1, -2.25]}
							}
						},
						{
							"origin": [-0.475, 10.63145, 3.47937],
							"size": [1, 0.45, 0.2625],
							"pivot": [0, 6.13145, 3.09187],
							"rotation": [-45, 0, 0],
							"uv": {
								"north": {"uv": [63, 11], "uv_size": [1, 0.5]},
								"east": {"uv": [57, 66], "uv_size": [0.25, 0.5]},
								"south": {"uv": [63, 12], "uv_size": [1, 0.5]},
								"west": {"uv": [66, 57], "uv_size": [0.25, 0.5]},
								"up": {"uv": [22, 65], "uv_size": [1, 0.25]},
								"down": {"uv": [65, 22.25], "uv_size": [1, -0.25]}
							}
						},
						{
							"origin": [-0.475, 10.81895, 5.72937],
							"size": [1, 0.2625, 0.45],
							"pivot": [0, 6.13145, 5.34187],
							"rotation": [-45, 0, 0],
							"uv": {
								"north": {"uv": [65, 23], "uv_size": [1, 0.25]},
								"east": {"uv": [58, 66], "uv_size": [0.5, 0.25]},
								"south": {"uv": [24, 65], "uv_size": [1, 0.25]},
								"west": {"uv": [66, 58], "uv_size": [0.5, 0.25]},
								"up": {"uv": [13, 63], "uv_size": [1, 0.5]},
								"down": {"uv": [63, 13.5], "uv_size": [1, -0.5]}
							}
						},
						{
							"origin": [-0.1625, 11.00645, 8.41687],
							"size": [0.625, 0.2625, 0.45],
							"pivot": [-0.0625, 6.31895, 8.02937],
							"rotation": [-45, 0, 0],
							"uv": {
								"north": {"uv": [29, 66], "uv_size": [0.75, 0.25]},
								"east": {"uv": [67, 4], "uv_size": [0.5, 0.25]},
								"south": {"uv": [66, 29], "uv_size": [0.75, 0.25]},
								"west": {"uv": [5, 67], "uv_size": [0.5, 0.25]},
								"up": {"uv": [64, 0], "uv_size": [0.75, 0.5]},
								"down": {"uv": [1, 64.5], "uv_size": [0.75, -0.5]}
							}
						},
						{
							"origin": [-0.175, 9.28262, 10.86605],
							"size": [0.6375, 0.2625, 0.925],
							"uv": {
								"north": {"uv": [28, 66], "uv_size": [0.75, 0.25]},
								"east": {"uv": [65, 41], "uv_size": [1, 0.25]},
								"south": {"uv": [66, 28], "uv_size": [0.75, 0.25]},
								"west": {"uv": [42, 65], "uv_size": [1, 0.25]},
								"up": {"uv": [60, 15], "uv_size": [0.75, 1]},
								"down": {"uv": [60, 17], "uv_size": [0.75, -1]}
							}
						},
						{
							"origin": [-0.1625, 10.81895, 7.47937],
							"size": [0.625, 0.45, 0.2625],
							"pivot": [-0.0625, 6.31895, 7.09187],
							"rotation": [-45, 0, 0],
							"uv": {
								"north": {"uv": [63, 62], "uv_size": [0.75, 0.5]},
								"east": {"uv": [67, 3], "uv_size": [0.25, 0.5]},
								"south": {"uv": [0, 64], "uv_size": [0.75, 0.5]},
								"west": {"uv": [4, 67], "uv_size": [0.25, 0.5]},
								"up": {"uv": [27, 66], "uv_size": [0.75, 0.25]},
								"down": {"uv": [66, 27.25], "uv_size": [0.75, -0.25]}
							}
						},
						{
							"origin": [-0.55, 9.09512, -2.07145],
							"size": [1.0125, 0.2625, 2.2375],
							"uv": {
								"north": {"uv": [28, 65], "uv_size": [1, 0.25]},
								"east": {"uv": [61, 33], "uv_size": [2.25, 0.25]},
								"south": {"uv": [29, 65], "uv_size": [1, 0.25]},
								"west": {"uv": [61, 53], "uv_size": [2.25, 0.25]},
								"up": {"uv": [5, 51], "uv_size": [1, 2.25]},
								"down": {"uv": [51, 9.25], "uv_size": [1, -2.25]}
							}
						},
						{
							"origin": [-0.54, 10.81895, -3.22063],
							"size": [1, 0.2625, 0.45],
							"pivot": [-0.075, 6.13145, -3.60813],
							"rotation": [-45, 0, 0],
							"uv": {
								"north": {"uv": [65, 26], "uv_size": [1, 0.25]},
								"east": {"uv": [64, 66], "uv_size": [0.5, 0.25]},
								"south": {"uv": [27, 65], "uv_size": [1, 0.25]},
								"west": {"uv": [66, 64], "uv_size": [0.5, 0.25]},
								"up": {"uv": [16, 63], "uv_size": [1, 0.5]},
								"down": {"uv": [17, 63.5], "uv_size": [1, -0.5]}
							}
						},
						{
							"origin": [-0.5375, 10.63145, -5.45813],
							"size": [1, 0.45, 0.2625],
							"pivot": [-0.0625, 6.13145, -5.84563],
							"rotation": [-45, 0, 0],
							"uv": {
								"north": {"uv": [63, 14], "uv_size": [1, 0.5]},
								"east": {"uv": [63, 66], "uv_size": [0.25, 0.5]},
								"south": {"uv": [15, 63], "uv_size": [1, 0.5]},
								"west": {"uv": [66, 63], "uv_size": [0.25, 0.5]},
								"up": {"uv": [65, 25], "uv_size": [1, 0.25]},
								"down": {"uv": [26, 65.25], "uv_size": [1, -0.25]}
							}
						},
						{
							"origin": [-0.2375, 9.34512, 6.86605],
							"size": [0.5125, 0.2625, 1.55],
							"uv": {
								"north": {"uv": [62, 66], "uv_size": [0.5, 0.25]},
								"east": {"uv": [63, 61], "uv_size": [1.5, 0.25]},
								"south": {"uv": [66, 62], "uv_size": [0.5, 0.25]},
								"west": {"uv": [62, 63], "uv_size": [1.5, 0.25]},
								"up": {"uv": [56, 59], "uv_size": [0.5, 1.5]},
								"down": {"uv": [59, 57.5], "uv_size": [0.5, -1.5]}
							}
						},
						{
							"origin": [0.14755, 9.57012, 7.69105],
							"size": [0.075, 0.2625, 0.55],
							"uv": {
								"north": {"uv": [67, 31], "uv_size": [0.25, 0.25]},
								"east": {"uv": [66, 66], "uv_size": [0.5, 0.25]},
								"south": {"uv": [32, 67], "uv_size": [0.25, 0.25]},
								"west": {"uv": [0, 67], "uv_size": [0.5, 0.25]},
								"up": {"uv": [67, 0], "uv_size": [0.25, 0.5]},
								"down": {"uv": [1, 67.5], "uv_size": [0.25, -0.5]}
							}
						},
						{
							"origin": [-0.22745, 9.57012, 7.69105],
							"size": [0.075, 0.2625, 0.55],
							"uv": {
								"north": {"uv": [67, 31], "uv_size": [0.25, 0.25]},
								"east": {"uv": [66, 66], "uv_size": [0.5, 0.25]},
								"south": {"uv": [32, 67], "uv_size": [0.25, 0.25]},
								"west": {"uv": [0, 67], "uv_size": [0.5, 0.25]},
								"up": {"uv": [67, 0], "uv_size": [0.25, 0.5]},
								"down": {"uv": [1, 67.5], "uv_size": [0.25, -0.5]}
							}
						},
						{
							"origin": [-0.225, 11.06895, 5.04187],
							"size": [0.5, 0.2625, 0.45],
							"pivot": [0, 6.38145, 4.65437],
							"rotation": [-45, 0, 0],
							"uv": {
								"north": {"uv": [60, 66], "uv_size": [0.5, 0.25]},
								"east": {"uv": [66, 60], "uv_size": [0.5, 0.25]},
								"south": {"uv": [61, 66], "uv_size": [0.5, 0.25]},
								"west": {"uv": [66, 61], "uv_size": [0.5, 0.25]},
								"up": {"uv": [65, 24], "uv_size": [0.5, 0.5]},
								"down": {"uv": [25, 65.5], "uv_size": [0.5, -0.5]}
							}
						},
						{
							"origin": [-0.225, 10.50645, 3.47937],
							"size": [0.5, 0.825, 0.2625],
							"pivot": [0, 6.38145, 3.09187],
							"rotation": [-45, 0, 0],
							"uv": {
								"north": {"uv": [63, 59], "uv_size": [0.5, 0.75]},
								"east": {"uv": [17, 66], "uv_size": [0.25, 0.75]},
								"south": {"uv": [63, 60], "uv_size": [0.5, 0.75]},
								"west": {"uv": [66, 17], "uv_size": [0.25, 0.75]},
								"up": {"uv": [59, 66], "uv_size": [0.5, 0.25]},
								"down": {"uv": [66, 59.25], "uv_size": [0.5, -0.25]}
							}
						},
						{
							"origin": [-0.46642, 8.34952, 9.55355],
							"size": [0.7125, 0.2625, 2.8],
							"pivot": [-0.76642, 8.34952, 12.35355],
							"rotation": [0, 0, -60],
							"uv": {
								"north": {"uv": [15, 66], "uv_size": [0.75, 0.25]},
								"east": {"uv": [60, 30], "uv_size": [2.75, 0.25]},
								"south": {"uv": [66, 15], "uv_size": [0.75, 0.25]},
								"west": {"uv": [60, 31], "uv_size": [2.75, 0.25]},
								"up": {"uv": [27, 51], "uv_size": [0.75, 2.75]},
								"down": {"uv": [28, 53.75], "uv_size": [0.75, -2.75]}
							}
						},
						{
							"origin": [-0.5625, 8.25344, 9.55355],
							"size": [1.1625, 0.2625, 2.8],
							"uv": {
								"north": {"uv": [64, 35], "uv_size": [1.25, 0.25]},
								"east": {"uv": [60, 39], "uv_size": [2.75, 0.25]},
								"south": {"uv": [64, 36], "uv_size": [1.25, 0.25]},
								"west": {"uv": [60, 40], "uv_size": [2.75, 0.25]},
								"up": {"uv": [46, 38], "uv_size": [1.25, 2.75]},
								"down": {"uv": [35, 49.75], "uv_size": [1.25, -2.75]}
							}
						},
						{
							"origin": [-0.5, 8.69094, 10.99105],
							"size": [0.4125, 0.2625, 0.425],
							"pivot": [-0.325, 4.00344, 9.91605],
							"rotation": [-15, 0, 0],
							"uv": {
								"north": {"uv": [67, 13], "uv_size": [0.5, 0.25]},
								"east": {"uv": [14, 67], "uv_size": [0.5, 0.25]},
								"south": {"uv": [67, 14], "uv_size": [0.5, 0.25]},
								"west": {"uv": [15, 67], "uv_size": [0.5, 0.25]},
								"up": {"uv": [65, 47], "uv_size": [0.5, 0.5]},
								"down": {"uv": [48, 65.5], "uv_size": [0.5, -0.5]}
							}
						},
						{
							"origin": [0.125, 8.69094, 10.99105],
							"size": [0.4125, 0.2625, 0.425],
							"pivot": [0.3, 4.00344, 9.91605],
							"rotation": [-15, 0, 0],
							"uv": {
								"north": {"uv": [67, 15], "uv_size": [0.5, 0.25]},
								"east": {"uv": [16, 67], "uv_size": [0.5, 0.25]},
								"south": {"uv": [67, 16], "uv_size": [0.5, 0.25]},
								"west": {"uv": [17, 67], "uv_size": [0.5, 0.25]},
								"up": {"uv": [65, 48], "uv_size": [0.5, 0.5]},
								"down": {"uv": [49, 65.5], "uv_size": [0.5, -0.5]}
							}
						},
						{
							"origin": [-1.14142, 7.76496, 9.55355],
							"size": [0.5625, 0.2625, 2.8],
							"pivot": [-0.14767, 7.99498, 12.35355],
							"rotation": [0, 0, 60],
							"uv": {
								"north": {"uv": [56, 66], "uv_size": [0.5, 0.25]},
								"east": {"uv": [60, 37], "uv_size": [2.75, 0.25]},
								"south": {"uv": [66, 56], "uv_size": [0.5, 0.25]},
								"west": {"uv": [60, 38], "uv_size": [2.75, 0.25]},
								"up": {"uv": [33, 55], "uv_size": [0.5, 2.75]},
								"down": {"uv": [34, 57.75], "uv_size": [0.5, -2.75]}
							}
						},
						{
							"origin": [0.825, 7.86373, 9.55355],
							"size": [0.5625, 0.2625, 2.8],
							"pivot": [0.375, 7.86373, 12.35355],
							"rotation": [0, 0, -60],
							"uv": {
								"north": {"uv": [55, 66], "uv_size": [0.5, 0.25]},
								"east": {"uv": [60, 35], "uv_size": [2.75, 0.25]},
								"south": {"uv": [66, 55], "uv_size": [0.5, 0.25]},
								"west": {"uv": [60, 36], "uv_size": [2.75, 0.25]},
								"up": {"uv": [8, 55], "uv_size": [0.5, 2.75]},
								"down": {"uv": [9, 57.75], "uv_size": [0.5, -2.75]}
							}
						}
					]
				},
				{
					"name": "muzzle_flash",
					"parent": "gk2",
					"pivot": [0, 6.75, -6.625]
				},
				{
					"name": "ammo_count_text_pos2",
					"parent": "gk2",
					"pivot": [0, 8.625, 12.375]
				},
				{
					"name": "ammo_count_text_pos",
					"parent": "gk2",
					"pivot": [0, 8.875, 12.375]
				},
				{
					"name": "constraint",
					"parent": "gk2",
					"pivot": [0, 9.75, -1.5625]
				},
				{
					"name": "additional_magazine",
					"parent": "rh_and_gun",
					"pivot": [0, 1, 8.125]
				},
				{
					"name": "lf_and_mag",
					"parent": "root",
					"pivot": [0, 0, 0]
				},
				{
					"name": "lh",
					"parent": "lf_and_mag",
					"pivot": [-6, 6, 0]
				},
				{
					"name": "lefthand_pos",
					"parent": "lh",
					"pivot": [0, 0, 0],
					"cubes": [
						{
							"origin": [-8, 0, -2],
							"size": [4, 12, 4],
							"uv": {
								"north": {"uv": [0, 0], "uv_size": [4, 12]},
								"east": {"uv": [0, 0], "uv_size": [4, 12]},
								"south": {"uv": [0, 0], "uv_size": [4, 12]},
								"west": {"uv": [0, 0], "uv_size": [4, 12]},
								"up": {"uv": [4, 4], "uv_size": [-4, -4]},
								"down": {"uv": [4, 4], "uv_size": [-4, -4]}
							}
						}
					]
				},
				{
					"name": "magazine",
					"parent": "lf_and_mag",
					"pivot": [0, 1, 8.125]
				},
				{
					"name": "mag_standard",
					"parent": "magazine",
					"pivot": [0, 1, 8.125],
					"rotation": [30, 0, 0],
					"cubes": [
						{
							"origin": [-0.9775, 0.50127, 5.90877],
							"size": [2.12, 2.22, 4.8425],
							"uv": {
								"north": {"uv": [42, 45], "uv_size": [2, 2.25]},
								"east": {"uv": [31, 21], "uv_size": [4.75, 2.25]},
								"south": {"uv": [44, 45], "uv_size": [2, 2.25]},
								"west": {"uv": [34, 12], "uv_size": [4.75, 2.25]},
								"up": {"uv": [34, 35], "uv_size": [2, 4.75]},
								"down": {"uv": [36, 4.75], "uv_size": [2, -4.75]}
							}
						},
						{
							"origin": [-0.75123, 0.50127, 5.6825],
							"size": [0.9325, 2.22, 0.28],
							"uv": {
								"north": {"uv": [40, 50], "uv_size": [1, 2.25]},
								"east": {"uv": [60, 61], "uv_size": [0.25, 2.25]},
								"south": {"uv": [41, 50], "uv_size": [1, 2.25]},
								"west": {"uv": [61, 61], "uv_size": [0.25, 2.25]},
								"up": {"uv": [65, 10], "uv_size": [1, 0.25]},
								"down": {"uv": [11, 65.25], "uv_size": [1, -0.25]}
							}
						},
						{
							"origin": [0.10873, 0.50127, 5.6825],
							"size": [0.8075, 2.22, 0.28],
							"uv": {
								"north": {"uv": [47, 52], "uv_size": [0.75, 2.25]},
								"east": {"uv": [62, 0], "uv_size": [0.25, 2.25]},
								"south": {"uv": [50, 52], "uv_size": [0.75, 2.25]},
								"west": {"uv": [62, 3], "uv_size": [0.25, 2.25]},
								"up": {"uv": [65, 57], "uv_size": [0.75, 0.25]},
								"down": {"uv": [58, 65.25], "uv_size": [0.75, -0.25]}
							}
						},
						{
							"origin": [-0.75123, 0.50127, 10.69755],
							"size": [0.9325, 2.22, 0.28],
							"uv": {
								"north": {"uv": [50, 49], "uv_size": [1, 2.25]},
								"east": {"uv": [62, 12], "uv_size": [0.25, 2.25]},
								"south": {"uv": [2, 51], "uv_size": [1, 2.25]},
								"west": {"uv": [14, 62], "uv_size": [0.25, 2.25]},
								"up": {"uv": [12, 65], "uv_size": [1, 0.25]},
								"down": {"uv": [13, 65.25], "uv_size": [1, -0.25]}
							}
						},
						{
							"origin": [0.10873, 0.50127, 10.69755],
							"size": [0.8075, 2.22, 0.28],
							"uv": {
								"north": {"uv": [0, 53], "uv_size": [0.75, 2.25]},
								"east": {"uv": [62, 6], "uv_size": [0.25, 2.25]},
								"south": {"uv": [1, 53], "uv_size": [0.75, 2.25]},
								"west": {"uv": [62, 9], "uv_size": [0.25, 2.25]},
								"up": {"uv": [65, 58], "uv_size": [0.75, 0.25]},
								"down": {"uv": [59, 65.25], "uv_size": [0.75, -0.25]}
							}
						},
						{
							"origin": [0.94687, 0.50127, 9.41103],
							"size": [0.32, 2.22, 0.32],
							"pivot": [-0.41313, 3.28877, 9.93103],
							"rotation": [0, -45, 0],
							"uv": {
								"north": {"uv": [0, 61], "uv_size": [0.25, 2.25]},
								"east": {"uv": [61, 0], "uv_size": [0.25, 2.25]},
								"south": {"uv": [61, 3], "uv_size": [0.25, 2.25]},
								"west": {"uv": [61, 13], "uv_size": [0.25, 2.25]},
								"up": {"uv": [67, 19], "uv_size": [0.25, 0.25]},
								"down": {"uv": [20, 67.25], "uv_size": [0.25, -0.25]}
							}
						},
						{
							"origin": [-0.72059, 0.50127, 9.41103],
							"size": [0.32, 2.22, 0.32],
							"pivot": [-2.08059, 3.28877, 9.93103],
							"rotation": [0, -45, 0],
							"uv": {
								"north": {"uv": [61, 16], "uv_size": [0.25, 2.25]},
								"east": {"uv": [61, 22], "uv_size": [0.25, 2.25]},
								"south": {"uv": [61, 25], "uv_size": [0.25, 2.25]},
								"west": {"uv": [61, 43], "uv_size": [0.25, 2.25]},
								"up": {"uv": [67, 20], "uv_size": [0.25, 0.25]},
								"down": {"uv": [21, 67.25], "uv_size": [0.25, -0.25]}
							}
						},
						{
							"origin": [-0.72059, 0.50127, 4.56853],
							"size": [0.32, 2.22, 0.32],
							"pivot": [-2.08059, 3.28877, 5.08853],
							"rotation": [0, -45, 0],
							"uv": {
								"north": {"uv": [61, 55], "uv_size": [0.25, 2.25]},
								"east": {"uv": [56, 61], "uv_size": [0.25, 2.25]},
								"south": {"uv": [61, 58], "uv_size": [0.25, 2.25]},
								"west": {"uv": [59, 61], "uv_size": [0.25, 2.25]},
								"up": {"uv": [67, 22], "uv_size": [0.25, 0.25]},
								"down": {"uv": [23, 67.25], "uv_size": [0.25, -0.25]}
							}
						},
						{
							"origin": [0.94687, 0.50127, 4.56853],
							"size": [0.32, 2.22, 0.32],
							"pivot": [-0.41313, 3.28877, 5.08853],
							"rotation": [0, -45, 0],
							"uv": {
								"north": {"uv": [61, 46], "uv_size": [0.25, 2.25]},
								"east": {"uv": [61, 50], "uv_size": [0.25, 2.25]},
								"south": {"uv": [51, 61], "uv_size": [0.25, 2.25]},
								"west": {"uv": [52, 61], "uv_size": [0.25, 2.25]},
								"up": {"uv": [67, 21], "uv_size": [0.25, 0.25]},
								"down": {"uv": [22, 67.25], "uv_size": [0.25, -0.25]}
							}
						},
						{
							"origin": [-0.9775, -3.74873, 6.09627],
							"size": [2.12, 0.845, 4.4675],
							"uv": {
								"north": {"uv": [54, 33], "uv_size": [2, 0.75]},
								"east": {"uv": [0, 24], "uv_size": [4.5, 0.75]},
								"south": {"uv": [38, 54], "uv_size": [2, 0.75]},
								"west": {"uv": [46, 3], "uv_size": [4.5, 0.75]},
								"up": {"uv": [0, 37], "uv_size": [2, 4.5]},
								"down": {"uv": [2, 41.5], "uv_size": [2, -4.5]}
							}
						},
						{
							"origin": [-0.72059, -3.74873, 4.75603],
							"size": [0.32, 0.845, 0.32],
							"pivot": [-2.08059, 3.28877, 5.27603],
							"rotation": [0, -45, 0],
							"uv": {
								"north": {"uv": [10, 66], "uv_size": [0.25, 0.75]},
								"east": {"uv": [66, 10], "uv_size": [0.25, 0.75]},
								"south": {"uv": [11, 66], "uv_size": [0.25, 0.75]},
								"west": {"uv": [66, 11], "uv_size": [0.25, 0.75]},
								"up": {"uv": [67, 30], "uv_size": [0.25, 0.25]},
								"down": {"uv": [31, 67.25], "uv_size": [0.25, -0.25]}
							}
						},
						{
							"origin": [-0.75123, -3.74873, 5.87],
							"size": [0.9325, 0.845, 0.28],
							"uv": {
								"north": {"uv": [58, 36], "uv_size": [1, 0.75]},
								"east": {"uv": [9, 66], "uv_size": [0.25, 0.75]},
								"south": {"uv": [55, 59], "uv_size": [1, 0.75]},
								"west": {"uv": [66, 9], "uv_size": [0.25, 0.75]},
								"up": {"uv": [65, 15], "uv_size": [1, 0.25]},
								"down": {"uv": [16, 65.25], "uv_size": [1, -0.25]}
							}
						},
						{
							"origin": [0.10873, -3.74873, 5.87],
							"size": [0.8075, 0.845, 0.28],
							"uv": {
								"north": {"uv": [61, 7], "uv_size": [0.75, 0.75]},
								"east": {"uv": [7, 66], "uv_size": [0.25, 0.75]},
								"south": {"uv": [61, 19], "uv_size": [0.75, 0.75]},
								"west": {"uv": [66, 7], "uv_size": [0.25, 0.75]},
								"up": {"uv": [8, 66], "uv_size": [0.75, 0.25]},
								"down": {"uv": [66, 8.25], "uv_size": [0.75, -0.25]}
							}
						},
						{
							"origin": [0.94687, -3.74873, 4.75603],
							"size": [0.32, 0.845, 0.32],
							"pivot": [-0.41313, 3.28877, 5.27603],
							"rotation": [0, -45, 0],
							"uv": {
								"north": {"uv": [5, 66], "uv_size": [0.25, 0.75]},
								"east": {"uv": [66, 5], "uv_size": [0.25, 0.75]},
								"south": {"uv": [6, 66], "uv_size": [0.25, 0.75]},
								"west": {"uv": [66, 6], "uv_size": [0.25, 0.75]},
								"up": {"uv": [67, 29], "uv_size": [0.25, 0.25]},
								"down": {"uv": [30, 67.25], "uv_size": [0.25, -0.25]}
							}
						},
						{
							"origin": [0.94687, -3.74873, 9.22353],
							"size": [0.32, 0.845, 0.32],
							"pivot": [-0.41313, 3.28877, 9.74353],
							"rotation": [0, -45, 0],
							"uv": {
								"north": {"uv": [3, 66], "uv_size": [0.25, 0.75]},
								"east": {"uv": [66, 3], "uv_size": [0.25, 0.75]},
								"south": {"uv": [4, 66], "uv_size": [0.25, 0.75]},
								"west": {"uv": [66, 4], "uv_size": [0.25, 0.75]},
								"up": {"uv": [67, 28], "uv_size": [0.25, 0.25]},
								"down": {"uv": [29, 67.25], "uv_size": [0.25, -0.25]}
							}
						},
						{
							"origin": [0.10873, -3.74873, 10.51005],
							"size": [0.8075, 0.845, 0.28],
							"uv": {
								"north": {"uv": [60, 59], "uv_size": [0.75, 0.75]},
								"east": {"uv": [1, 66], "uv_size": [0.25, 0.75]},
								"south": {"uv": [61, 6], "uv_size": [0.75, 0.75]},
								"west": {"uv": [66, 1], "uv_size": [0.25, 0.75]},
								"up": {"uv": [2, 66], "uv_size": [0.75, 0.25]},
								"down": {"uv": [66, 2.25], "uv_size": [0.75, -0.25]}
							}
						},
						{
							"origin": [-0.75123, -3.74873, 10.51005],
							"size": [0.9325, 0.845, 0.28],
							"uv": {
								"north": {"uv": [41, 38], "uv_size": [1, 0.75]},
								"east": {"uv": [0, 66], "uv_size": [0.25, 0.75]},
								"south": {"uv": [48, 35], "uv_size": [1, 0.75]},
								"west": {"uv": [66, 0], "uv_size": [0.25, 0.75]},
								"up": {"uv": [14, 65], "uv_size": [1, 0.25]},
								"down": {"uv": [15, 65.25], "uv_size": [1, -0.25]}
							}
						},
						{
							"origin": [-0.72059, -3.74873, 9.22353],
							"size": [0.32, 0.845, 0.32],
							"pivot": [-2.08059, 3.28877, 9.74353],
							"rotation": [0, -45, 0],
							"uv": {
								"north": {"uv": [65, 63], "uv_size": [0.25, 0.75]},
								"east": {"uv": [64, 65], "uv_size": [0.25, 0.75]},
								"south": {"uv": [65, 64], "uv_size": [0.25, 0.75]},
								"west": {"uv": [65, 65], "uv_size": [0.25, 0.75]},
								"up": {"uv": [67, 27], "uv_size": [0.25, 0.25]},
								"down": {"uv": [28, 67.25], "uv_size": [0.25, -0.25]}
							}
						},
						{
							"origin": [-0.80587, -2.91623, 6.38823],
							"size": [1.696, 3.4635, 3.874],
							"uv": {
								"north": {"uv": [10, 42], "uv_size": [1.75, 3.5]},
								"east": {"uv": [27, 20], "uv_size": [3.75, 3.5]},
								"south": {"uv": [42, 11], "uv_size": [1.75, 3.5]},
								"west": {"uv": [30, 13], "uv_size": [3.75, 3.5]},
								"up": {"uv": [38, 39], "uv_size": [1.75, 3.75]},
								"down": {"uv": [40, 3.75], "uv_size": [1.75, -3.75]}
							}
						},
						{
							"origin": [-0.62485, -2.91623, 6.20721],
							"size": [0.746, 3.4635, 0.224],
							"uv": {
								"north": {"uv": [46, 47], "uv_size": [0.75, 3.5]},
								"east": {"uv": [14, 58], "uv_size": [0.25, 3.5]},
								"south": {"uv": [42, 48], "uv_size": [0.75, 3.5]},
								"west": {"uv": [15, 58], "uv_size": [0.25, 3.5]},
								"up": {"uv": [65, 59], "uv_size": [0.75, 0.25]},
								"down": {"uv": [60, 65.25], "uv_size": [0.75, -0.25]}
							}
						},
						{
							"origin": [0.06311, -2.91623, 6.20721],
							"size": [0.646, 3.4635, 0.224],
							"uv": {
								"north": {"uv": [43, 48], "uv_size": [0.75, 3.5]},
								"east": {"uv": [58, 15], "uv_size": [0.25, 3.5]},
								"south": {"uv": [44, 48], "uv_size": [0.75, 3.5]},
								"west": {"uv": [16, 58], "uv_size": [0.25, 3.5]},
								"up": {"uv": [65, 60], "uv_size": [0.75, 0.25]},
								"down": {"uv": [61, 65.25], "uv_size": [0.75, -0.25]}
							}
						},
						{
							"origin": [-0.62485, -2.91623, 10.21925],
							"size": [0.746, 3.4635, 0.224],
							"uv": {
								"north": {"uv": [45, 48], "uv_size": [0.75, 3.5]},
								"east": {"uv": [17, 58], "uv_size": [0.25, 3.5]},
								"south": {"uv": [48, 45], "uv_size": [0.75, 3.5]},
								"west": {"uv": [18, 58], "uv_size": [0.25, 3.5]},
								"up": {"uv": [65, 61], "uv_size": [0.75, 0.25]},
								"down": {"uv": [62, 65.25], "uv_size": [0.75, -0.25]}
							}
						},
						{
							"origin": [0.06311, -2.91623, 10.21924],
							"size": [0.646, 3.4635, 0.224],
							"uv": {
								"north": {"uv": [0, 49], "uv_size": [0.75, 3.5]},
								"east": {"uv": [19, 58], "uv_size": [0.25, 3.5]},
								"south": {"uv": [1, 49], "uv_size": [0.75, 3.5]},
								"west": {"uv": [20, 58], "uv_size": [0.25, 3.5]},
								"up": {"uv": [65, 62], "uv_size": [0.75, 0.25]},
								"down": {"uv": [63, 65.25], "uv_size": [0.75, -0.25]}
							}
						},
						{
							"origin": [0.73362, -2.91623, 9.19003],
							"size": [0.256, 3.4635, 0.256],
							"pivot": [-0.35438, 2.56377, 9.60603],
							"rotation": [0, -45, 0],
							"uv": {
								"north": {"uv": [21, 58], "uv_size": [0.25, 3.5]},
								"east": {"uv": [22, 58], "uv_size": [0.25, 3.5]},
								"south": {"uv": [23, 58], "uv_size": [0.25, 3.5]},
								"west": {"uv": [24, 58], "uv_size": [0.25, 3.5]},
								"up": {"uv": [67, 23], "uv_size": [0.25, 0.25]},
								"down": {"uv": [24, 67.25], "uv_size": [0.25, -0.25]}
							}
						},
						{
							"origin": [-0.60034, -2.91623, 9.19003],
							"size": [0.256, 3.4635, 0.256],
							"pivot": [-1.68834, 2.56377, 9.60603],
							"rotation": [0, -45, 0],
							"uv": {
								"north": {"uv": [25, 58], "uv_size": [0.25, 3.5]},
								"east": {"uv": [26, 58], "uv_size": [0.25, 3.5]},
								"south": {"uv": [27, 58], "uv_size": [0.25, 3.5]},
								"west": {"uv": [28, 58], "uv_size": [0.25, 3.5]},
								"up": {"uv": [67, 24], "uv_size": [0.25, 0.25]},
								"down": {"uv": [25, 67.25], "uv_size": [0.25, -0.25]}
							}
						},
						{
							"origin": [-0.60034, -2.91623, 5.31603],
							"size": [0.256, 3.4635, 0.256],
							"pivot": [-1.68834, 2.56377, 5.73203],
							"rotation": [0, -45, 0],
							"uv": {
								"north": {"uv": [29, 58], "uv_size": [0.25, 3.5]},
								"east": {"uv": [33, 58], "uv_size": [0.25, 3.5]},
								"south": {"uv": [34, 58], "uv_size": [0.25, 3.5]},
								"west": {"uv": [38, 58], "uv_size": [0.25, 3.5]},
								"up": {"uv": [67, 25], "uv_size": [0.25, 0.25]},
								"down": {"uv": [26, 67.25], "uv_size": [0.25, -0.25]}
							}
						},
						{
							"origin": [0.73362, -2.91623, 5.31603],
							"size": [0.256, 3.4635, 0.256],
							"pivot": [-0.35438, 2.56377, 5.73203],
							"rotation": [0, -45, 0],
							"uv": {
								"north": {"uv": [58, 38], "uv_size": [0.25, 3.5]},
								"east": {"uv": [39, 58], "uv_size": [0.25, 3.5]},
								"south": {"uv": [40, 58], "uv_size": [0.25, 3.5]},
								"west": {"uv": [41, 58], "uv_size": [0.25, 3.5]},
								"up": {"uv": [67, 26], "uv_size": [0.25, 0.25]},
								"down": {"uv": [27, 67.25], "uv_size": [0.25, -0.25]}
							}
						}
					]
				},
				{
					"name": "shell",
					"parent": "root",
					"pivot": [0.9375, 6.875, 1.5625],
					"rotation": [0, 180, 0]
				},
				{
					"name": "positioning",
					"pivot": [0, 0, 0]
				},
				{
					"name": "idle_view",
					"parent": "positioning",
					"pivot": [5.545, 11.7268, 24.0795]
				},
				{
					"name": "fixed",
					"parent": "positioning",
					"pivot": [2.75, 7.5625, 10.875],
					"rotation": [0, 90, 0]
				},
				{
					"name": "ground",
					"parent": "positioning",
					"pivot": [0, 0, 12.25]
				},
				{
					"name": "refit_view",
					"parent": "positioning",
					"pivot": [24.6875, 5.6875, 9.8125],
					"rotation": [0, 90, 0]
				},
				{
					"name": "thirdperson_hand",
					"parent": "positioning",
					"pivot": [-0.21029, 3.0625, 16.28481],
					"rotation": [0, -15, 0]
				},
				{
					"name": "iron_view",
					"parent": "positioning",
					"pivot": [0, 9.75, 17.375]
				},
				{
					"name": "camera",
					"pivot": [5.875, 11.6875, 24.1875]
				}
			]
		}
	]
}