{
	"format_version": "1.12.0",
	"minecraft:geometry": [
		{
			"description": {
				"identifier": "geometry.unknown",
				"texture_width": 64,
				"texture_height": 64,
				"visible_bounds_width": 4,
				"visible_bounds_height": 3,
				"visible_bounds_offset": [0, 0.5, 0]
			},
			"bones": [
				{
					"name": "positioning",
					"pivot": [0, 0, 0]
				},
				{
					"name": "idle_view",
					"parent": "positioning",
					"pivot": [5.9375, 14.6875, 15.25]
				},
				{
					"name": "iron_view",
					"parent": "positioning",
					"pivot": [0.125, 12.8125, 7.625]
				},
				{
					"name": "thridperson_hand",
					"parent": "positioning",
					"pivot": [1.375, 6.6875, 2],
					"rotation": [0, -15, 0]
				},
				{
					"name": "fixed",
					"parent": "positioning",
					"pivot": [1.375, 8.9375, 0],
					"rotation": [0, 90, 0]
				},
				{
					"name": "ground",
					"parent": "positioning",
					"pivot": [0, 0, 0]
				},
				{
					"name": "refit_view",
					"parent": "positioning",
					"pivot": [16.625, 7.375, 0],
					"rotation": [0, 90, 0]
				},
				{
					"name": "root",
					"pivot": [0, 6.4375, 2.3125]
				},
				{
					"name": "rh_and_gun",
					"parent": "root",
					"pivot": [0, 0, 0]
				},
				{
					"name": "subata",
					"parent": "rh_and_gun",
					"pivot": [0.20152, 5.90471, 2.66979],
					"rotation": [0, 180, 0]
				},
				{
					"name": "qt",
					"parent": "subata",
					"pivot": [0.20152, 5.90471, 2.61479],
					"cubes": [
						{
							"origin": [-0.15848, 10.13471, 12.25479],
							"size": [0.72, 0.18, 0.405],
							"uv": {
								"north": {"uv": [4, 48], "uv_size": [0.75, 0.25]},
								"east": {"uv": [49, 16], "uv_size": [0.5, 0.25]},
								"south": {"uv": [48, 4], "uv_size": [0.75, 0.25]},
								"west": {"uv": [17, 49], "uv_size": [0.5, 0.25]},
								"up": {"uv": [40, 44], "uv_size": [0.75, 0.5]},
								"down": {"uv": [2, 45.5], "uv_size": [0.75, -0.5]}
							}
						},
						{
							"origin": [-0.51848, 6.51221, 11.53479],
							"size": [1.44, 3.9825, 0.72],
							"uv": {
								"north": {"uv": [23, 4], "uv_size": [1.5, 4]},
								"east": {"uv": [2, 29], "uv_size": [0.75, 4]},
								"south": {"uv": [23, 8], "uv_size": [1.5, 4]},
								"west": {"uv": [3, 29], "uv_size": [0.75, 4]},
								"up": {"uv": [36, 30], "uv_size": [1.5, 0.75]},
								"down": {"uv": [31, 36.75], "uv_size": [1.5, -0.75]}
							}
						},
						{
							"origin": [-0.51848, 5.22971, 11.57979],
							"size": [1.44, 1.2825, 0.765],
							"uv": {
								"north": {"uv": [32, 3], "uv_size": [1.5, 1.25]},
								"east": {"uv": [38, 30], "uv_size": [0.75, 1.25]},
								"south": {"uv": [32, 5], "uv_size": [1.5, 1.25]},
								"west": {"uv": [6, 39], "uv_size": [0.75, 1.25]},
								"up": {"uv": [36, 31], "uv_size": [1.5, 0.75]},
								"down": {"uv": [33, 36.75], "uv_size": [1.5, -0.75]}
							}
						},
						{
							"origin": [-0.51848, 5.29721, 11.44479],
							"size": [1.44, 1.215, 0.135],
							"uv": {
								"north": {"uv": [6, 33], "uv_size": [1.5, 1.25]},
								"east": {"uv": [24, 46], "uv_size": [0.25, 1.25]},
								"south": {"uv": [16, 33], "uv_size": [1.5, 1.25]},
								"west": {"uv": [25, 46], "uv_size": [0.25, 1.25]},
								"up": {"uv": [45, 18], "uv_size": [1.5, 0.25]},
								"down": {"uv": [19, 45.25], "uv_size": [1.5, -0.25]}
							}
						},
						{
							"origin": [0.81608, 5.48427, 11.57979],
							"size": [0.36, 0.945, 0.765],
							"uv": {
								"north": {"uv": [28, 46], "uv_size": [0.25, 1]},
								"east": {"uv": [24, 26], "uv_size": [0.75, 1]},
								"south": {"uv": [46, 28], "uv_size": [0.25, 1]},
								"west": {"uv": [29, 31], "uv_size": [0.75, 1]},
								"up": {"uv": [32, 48], "uv_size": [0.25, 0.75]},
								"down": {"uv": [48, 32.75], "uv_size": [0.25, -0.75]}
							}
						},
						{
							"origin": [-0.77304, 5.48427, 11.57979],
							"size": [0.36, 0.9675, 0.765],
							"uv": {
								"north": {"uv": [29, 46], "uv_size": [0.25, 1]},
								"east": {"uv": [41, 18], "uv_size": [0.75, 1]},
								"south": {"uv": [46, 29], "uv_size": [0.25, 1]},
								"west": {"uv": [41, 19], "uv_size": [0.75, 1]},
								"up": {"uv": [33, 48], "uv_size": [0.25, 0.75]},
								"down": {"uv": [48, 33.75], "uv_size": [0.25, -0.75]}
							}
						},
						{
							"origin": [-0.63098, 10.49471, 11.57979],
							"size": [1.665, 0.36, 0.855],
							"uv": {
								"north": {"uv": [44, 16], "uv_size": [1.75, 0.25]},
								"east": {"uv": [10, 48], "uv_size": [0.75, 0.25]},
								"south": {"uv": [44, 17], "uv_size": [1.75, 0.25]},
								"west": {"uv": [48, 10], "uv_size": [0.75, 0.25]},
								"up": {"uv": [34, 16], "uv_size": [1.75, 0.75]},
								"down": {"uv": [34, 17.75], "uv_size": [1.75, -0.75]}
							}
						},
						{
							"origin": [-0.63098, 10.85471, 11.57979],
							"size": [1.665, 0.18, 0.855],
							"uv": {
								"north": {"uv": [44, 41], "uv_size": [1.75, 0.25]},
								"east": {"uv": [49, 12], "uv_size": [0.75, 0.25]},
								"south": {"uv": [42, 44], "uv_size": [1.75, 0.25]},
								"west": {"uv": [13, 49], "uv_size": [0.75, 0.25]},
								"up": {"uv": [35, 13], "uv_size": [1.75, 0.75]},
								"down": {"uv": [35, 14.75], "uv_size": [1.75, -0.75]}
							}
						},
						{
							"origin": [-0.41417, 10.70314, 11.57979],
							"size": [0.36, 0.36, 0.855],
							"pivot": [-0.77417, 11.22064, 12.74979],
							"rotation": [0, 0, 45],
							"uv": {
								"north": {"uv": [49, 29], "uv_size": [0.25, 0.25]},
								"east": {"uv": [11, 48], "uv_size": [0.75, 0.25]},
								"south": {"uv": [30, 49], "uv_size": [0.25, 0.25]},
								"west": {"uv": [48, 11], "uv_size": [0.75, 0.25]},
								"up": {"uv": [12, 48], "uv_size": [0.25, 0.75]},
								"down": {"uv": [48, 12.75], "uv_size": [0.25, -0.75]}
							}
						},
						{
							"origin": [1.25083, 10.70314, 11.57979],
							"size": [0.36, 0.36, 0.855],
							"pivot": [0.89083, 11.22064, 12.74979],
							"rotation": [0, 0, 45],
							"uv": {
								"north": {"uv": [49, 30], "uv_size": [0.25, 0.25]},
								"east": {"uv": [13, 48], "uv_size": [0.75, 0.25]},
								"south": {"uv": [31, 49], "uv_size": [0.25, 0.25]},
								"west": {"uv": [48, 13], "uv_size": [0.75, 0.25]},
								"up": {"uv": [14, 48], "uv_size": [0.25, 0.75]},
								"down": {"uv": [48, 14.75], "uv_size": [0.25, -0.75]}
							}
						},
						{
							"origin": [0.88377, 10.06995, 7.97165],
							"size": [0.36, 0.36, 3.555],
							"pivot": [0.52377, 10.58745, 9.14165],
							"rotation": [0, 0, 45],
							"uv": {
								"north": {"uv": [5, 50], "uv_size": [0.25, 0.25]},
								"east": {"uv": [40, 34], "uv_size": [3.5, 0.25]},
								"south": {"uv": [50, 5], "uv_size": [0.25, 0.25]},
								"west": {"uv": [40, 35], "uv_size": [3.5, 0.25]},
								"up": {"uv": [40, 36], "uv_size": [0.25, 3.5]},
								"down": {"uv": [40, 43.5], "uv_size": [0.25, -3.5]}
							}
						},
						{
							"origin": [-0.04711, 10.06995, 7.97165],
							"size": [0.36, 0.36, 3.555],
							"pivot": [-0.40711, 10.58745, 9.14165],
							"rotation": [0, 0, 45],
							"uv": {
								"north": {"uv": [4, 50], "uv_size": [0.25, 0.25]},
								"east": {"uv": [40, 32], "uv_size": [3.5, 0.25]},
								"south": {"uv": [50, 4], "uv_size": [0.25, 0.25]},
								"west": {"uv": [40, 33], "uv_size": [3.5, 0.25]},
								"up": {"uv": [30, 40], "uv_size": [0.25, 3.5]},
								"down": {"uv": [34, 43.5], "uv_size": [0.25, -3.5]}
							}
						},
						{
							"origin": [-0.30167, 5.58726, 11.57979],
							"size": [0.36, 0.36, 0.765],
							"pivot": [-0.66167, 6.10476, 12.65979],
							"rotation": [0, 0, 45],
							"uv": {
								"north": {"uv": [49, 42], "uv_size": [0.25, 0.25]},
								"east": {"uv": [36, 48], "uv_size": [0.75, 0.25]},
								"south": {"uv": [43, 49], "uv_size": [0.25, 0.25]},
								"west": {"uv": [48, 36], "uv_size": [0.75, 0.25]},
								"up": {"uv": [37, 48], "uv_size": [0.25, 0.75]},
								"down": {"uv": [48, 37.75], "uv_size": [0.25, -0.75]}
							}
						},
						{
							"origin": [1.13833, 5.58726, 11.57979],
							"size": [0.36, 0.36, 0.765],
							"pivot": [0.77833, 6.10476, 12.65979],
							"rotation": [0, 0, 45],
							"uv": {
								"north": {"uv": [49, 41], "uv_size": [0.25, 0.25]},
								"east": {"uv": [34, 48], "uv_size": [0.75, 0.25]},
								"south": {"uv": [42, 49], "uv_size": [0.25, 0.25]},
								"west": {"uv": [48, 34], "uv_size": [0.75, 0.25]},
								"up": {"uv": [35, 48], "uv_size": [0.25, 0.75]},
								"down": {"uv": [48, 35.75], "uv_size": [0.25, -0.75]}
							}
						},
						{
							"origin": [-0.51848, 5.22971, 10.72479],
							"size": [1.44, 1.2825, 0.765],
							"uv": {
								"north": {"uv": [32, 7], "uv_size": [1.5, 1.25]},
								"east": {"uv": [39, 12], "uv_size": [0.75, 1.25]},
								"south": {"uv": [32, 9], "uv_size": [1.5, 1.25]},
								"west": {"uv": [39, 14], "uv_size": [0.75, 1.25]},
								"up": {"uv": [36, 35], "uv_size": [1.5, 0.75]},
								"down": {"uv": [36, 36.75], "uv_size": [1.5, -0.75]}
							}
						},
						{
							"origin": [-0.77304, 5.48427, 10.72479],
							"size": [0.36, 1.125, 0.765],
							"uv": {
								"north": {"uv": [46, 8], "uv_size": [0.25, 1.25]},
								"east": {"uv": [7, 39], "uv_size": [0.75, 1.25]},
								"south": {"uv": [9, 46], "uv_size": [0.25, 1.25]},
								"west": {"uv": [39, 10], "uv_size": [0.75, 1.25]},
								"up": {"uv": [43, 48], "uv_size": [0.25, 0.75]},
								"down": {"uv": [48, 43.75], "uv_size": [0.25, -0.75]}
							}
						},
						{
							"origin": [0.81608, 5.48427, 10.72479],
							"size": [0.36, 1.1025, 0.765],
							"uv": {
								"north": {"uv": [30, 46], "uv_size": [0.25, 1]},
								"east": {"uv": [41, 22], "uv_size": [0.75, 1]},
								"south": {"uv": [46, 30], "uv_size": [0.25, 1]},
								"west": {"uv": [41, 26], "uv_size": [0.75, 1]},
								"up": {"uv": [42, 48], "uv_size": [0.25, 0.75]},
								"down": {"uv": [48, 42.75], "uv_size": [0.25, -0.75]}
							}
						},
						{
							"origin": [-0.30167, 5.58726, 10.28729],
							"size": [0.36, 0.36, 1.2025],
							"pivot": [-0.66167, 6.10476, 11.80479],
							"rotation": [0, 0, 45],
							"uv": {
								"north": {"uv": [49, 44], "uv_size": [0.25, 0.25]},
								"east": {"uv": [40, 48], "uv_size": [0.75, 0.25]},
								"south": {"uv": [45, 49], "uv_size": [0.25, 0.25]},
								"west": {"uv": [48, 40], "uv_size": [0.75, 0.25]},
								"up": {"uv": [41, 48], "uv_size": [0.25, 0.75]},
								"down": {"uv": [48, 41.75], "uv_size": [0.25, -0.75]}
							}
						},
						{
							"origin": [1.13833, 5.58726, 10.28729],
							"size": [0.36, 0.36, 1.2025],
							"pivot": [0.77833, 6.10476, 11.80479],
							"rotation": [0, 0, 45],
							"uv": {
								"north": {"uv": [49, 43], "uv_size": [0.25, 0.25]},
								"east": {"uv": [38, 48], "uv_size": [0.75, 0.25]},
								"south": {"uv": [44, 49], "uv_size": [0.25, 0.25]},
								"west": {"uv": [48, 38], "uv_size": [0.75, 0.25]},
								"up": {"uv": [39, 48], "uv_size": [0.25, 0.75]},
								"down": {"uv": [48, 39.75], "uv_size": [0.25, -0.75]}
							}
						},
						{
							"origin": [-0.77304, 5.09152, 6.14915],
							"size": [0.36, 1.125, 4.095],
							"uv": {
								"north": {"uv": [20, 46], "uv_size": [0.25, 1.25]},
								"east": {"uv": [25, 12], "uv_size": [4, 1.25]},
								"south": {"uv": [21, 46], "uv_size": [0.25, 1.25]},
								"west": {"uv": [25, 14], "uv_size": [4, 1.25]},
								"up": {"uv": [4, 39], "uv_size": [0.25, 4]},
								"down": {"uv": [5, 43], "uv_size": [0.25, -4]}
							}
						},
						{
							"origin": [-0.30167, 5.19451, 6.14915],
							"size": [0.36, 0.36, 4.095],
							"pivot": [-0.66167, 5.71201, 10.55915],
							"rotation": [0, 0, 45],
							"uv": {
								"north": {"uv": [1, 50], "uv_size": [0.25, 0.25]},
								"east": {"uv": [38, 21], "uv_size": [4, 0.25]},
								"south": {"uv": [50, 1], "uv_size": [0.25, 0.25]},
								"west": {"uv": [38, 27], "uv_size": [4, 0.25]},
								"up": {"uv": [39, 2], "uv_size": [0.25, 4]},
								"down": {"uv": [3, 43], "uv_size": [0.25, -4]}
							}
						},
						{
							"origin": [-0.51848, 8.18946, -0.98335],
							"size": [1.44, 0.72, 5.355],
							"uv": {
								"north": {"uv": [37, 2], "uv_size": [1.5, 0.75]},
								"east": {"uv": [27, 22], "uv_size": [5.25, 0.75]},
								"south": {"uv": [37, 3], "uv_size": [1.5, 0.75]},
								"west": {"uv": [27, 23], "uv_size": [5.25, 0.75]},
								"up": {"uv": [8, 20], "uv_size": [1.5, 5.25]},
								"down": {"uv": [10, 25.25], "uv_size": [1.5, -5.25]}
							}
						},
						{
							"origin": [-0.51848, 7.58196, -0.98335],
							"size": [1.44, 0.6075, 5.355],
							"uv": {
								"north": {"uv": [41, 30], "uv_size": [1.5, 0.5]},
								"east": {"uv": [29, 14], "uv_size": [5.25, 0.5]},
								"south": {"uv": [41, 31], "uv_size": [1.5, 0.5]},
								"west": {"uv": [29, 15], "uv_size": [5.25, 0.5]},
								"up": {"uv": [20, 14], "uv_size": [1.5, 5.25]},
								"down": {"uv": [20, 25.25], "uv_size": [1.5, -5.25]}
							}
						},
						{
							"origin": [-0.51848, 7.10946, -0.30835],
							"size": [1.44, 0.4725, 6.4575],
							"uv": {
								"north": {"uv": [41, 36], "uv_size": [1.5, 0.5]},
								"east": {"uv": [28, 27], "uv_size": [6.5, 0.5]},
								"south": {"uv": [41, 37], "uv_size": [1.5, 0.5]},
								"west": {"uv": [28, 28], "uv_size": [6.5, 0.5]},
								"up": {"uv": [2, 18], "uv_size": [1.5, 6.5]},
								"down": {"uv": [18, 20.5], "uv_size": [1.5, -6.5]}
							}
						},
						{
							"origin": [-0.51848, -3.30845, -3.01542],
							"size": [1.44, 9.405, 1.2375],
							"pivot": [0.20152, 1.03405, 2.15958],
							"rotation": [-30, 0, 0],
							"uv": {
								"north": {"uv": [8, 10], "uv_size": [1.5, 9.5]},
								"east": {"uv": [12, 14], "uv_size": [1.25, 9.5]},
								"south": {"uv": [10, 10], "uv_size": [1.5, 9.5]},
								"west": {"uv": [14, 14], "uv_size": [1.25, 9.5]},
								"up": {"uv": [18, 33], "uv_size": [1.5, 1.25]},
								"down": {"uv": [33, 21.25], "uv_size": [1.5, -1.25]}
							}
						},
						{
							"origin": [-0.51848, -0.75792, -3.42165],
							"size": [1.44, 0.855, 2.9475],
							"uv": {
								"north": {"uv": [37, 6], "uv_size": [1.5, 0.75]},
								"east": {"uv": [26, 31], "uv_size": [3, 0.75]},
								"south": {"uv": [37, 11], "uv_size": [1.5, 0.75]},
								"west": {"uv": [31, 30], "uv_size": [3, 0.75]},
								"up": {"uv": [4, 26], "uv_size": [1.5, 3]},
								"down": {"uv": [6, 29], "uv_size": [1.5, -3]}
							}
						},
						{
							"origin": [-0.15848, -0.70662, -5.70593],
							"size": [0.72, 0.495, 2.1825],
							"uv": {
								"north": {"uv": [27, 45], "uv_size": [0.75, 0.5]},
								"east": {"uv": [37, 23], "uv_size": [2.25, 0.5]},
								"south": {"uv": [45, 28], "uv_size": [0.75, 0.5]},
								"west": {"uv": [37, 24], "uv_size": [2.25, 0.5]},
								"up": {"uv": [28, 34], "uv_size": [0.75, 2.25]},
								"down": {"uv": [29, 36.25], "uv_size": [0.75, -2.25]}
							}
						},
						{
							"origin": [-0.15848, 0.97458, -5.22165],
							"size": [0.72, 0.495, 1.8225],
							"uv": {
								"north": {"uv": [45, 29], "uv_size": [0.75, 0.5]},
								"east": {"uv": [7, 41], "uv_size": [1.75, 0.5]},
								"south": {"uv": [31, 45], "uv_size": [0.75, 0.5]},
								"west": {"uv": [41, 8], "uv_size": [1.75, 0.5]},
								"up": {"uv": [7, 35], "uv_size": [0.75, 1.75]},
								"down": {"uv": [18, 36.75], "uv_size": [0.75, -1.75]}
							}
						},
						{
							"origin": [-0.15848, 0.94465, -6.66084],
							"size": [0.72, 0.495, 1.5075],
							"pivot": [0.20152, 1.32715, -5.24334],
							"rotation": [30, 0, 0],
							"uv": {
								"north": {"uv": [45, 31], "uv_size": [0.75, 0.5]},
								"east": {"uv": [42, 23], "uv_size": [1.5, 0.5]},
								"south": {"uv": [32, 45], "uv_size": [0.75, 0.5]},
								"west": {"uv": [42, 24], "uv_size": [1.5, 0.5]},
								"up": {"uv": [2, 37], "uv_size": [0.75, 1.5]},
								"down": {"uv": [7, 38.5], "uv_size": [0.75, -1.5]}
							}
						},
						{
							"origin": [-0.15848, -0.11704, -7.19475],
							"size": [0.72, 0.495, 1.1475],
							"pivot": [0.20152, 0.26546, -6.13725],
							"rotation": [120, 0, 0],
							"uv": {
								"north": {"uv": [45, 32], "uv_size": [0.75, 0.5]},
								"east": {"uv": [43, 19], "uv_size": [1.25, 0.5]},
								"south": {"uv": [33, 45], "uv_size": [0.75, 0.5]},
								"west": {"uv": [43, 20], "uv_size": [1.25, 0.5]},
								"up": {"uv": [39, 30], "uv_size": [0.75, 1.25]},
								"down": {"uv": [40, 19.25], "uv_size": [0.75, -1.25]}
							}
						},
						{
							"origin": [-0.51848, -1.31227, -1.74027],
							"size": [1.44, 0.765, 2.43],
							"pivot": [0.20152, 3.03023, 1.67973],
							"rotation": [-20, 0, 0],
							"uv": {
								"north": {"uv": [37, 12], "uv_size": [1.5, 0.75]},
								"east": {"uv": [32, 11], "uv_size": [2.5, 0.75]},
								"south": {"uv": [37, 13], "uv_size": [1.5, 0.75]},
								"west": {"uv": [33, 22], "uv_size": [2.5, 0.75]},
								"up": {"uv": [24, 27], "uv_size": [1.5, 2.5]},
								"down": {"uv": [27, 26.5], "uv_size": [1.5, -2.5]}
							}
						},
						{
							"origin": [-2.01183, -0.75792, -2.13653],
							"size": [0.36, 0.855, 0.36],
							"pivot": [-2.37183, 3.58458, 1.80097],
							"rotation": [0, -45, 0],
							"uv": {
								"north": {"uv": [49, 4], "uv_size": [0.25, 0.75]},
								"east": {"uv": [5, 49], "uv_size": [0.25, 0.75]},
								"south": {"uv": [49, 5], "uv_size": [0.25, 0.75]},
								"west": {"uv": [6, 49], "uv_size": [0.25, 0.75]},
								"up": {"uv": [6, 50], "uv_size": [0.25, 0.25]},
								"down": {"uv": [50, 6.25], "uv_size": [0.25, -0.25]}
							}
						},
						{
							"origin": [-2.93433, -0.75792, -2.13653],
							"size": [0.36, 0.855, 0.36],
							"pivot": [-3.29433, 3.58458, 1.80097],
							"rotation": [0, -45, 0],
							"uv": {
								"north": {"uv": [49, 6], "uv_size": [0.25, 0.75]},
								"east": {"uv": [7, 49], "uv_size": [0.25, 0.75]},
								"south": {"uv": [49, 7], "uv_size": [0.25, 0.75]},
								"west": {"uv": [8, 49], "uv_size": [0.25, 0.75]},
								"up": {"uv": [7, 50], "uv_size": [0.25, 0.25]},
								"down": {"uv": [50, 7.25], "uv_size": [0.25, -0.25]}
							}
						},
						{
							"origin": [-0.17392, 4.88958, 1.84291],
							"size": [0.7425, 0.5625, 3.63],
							"uv": {
								"north": {"uv": [21, 45], "uv_size": [0.75, 0.5]},
								"east": {"uv": [31, 31], "uv_size": [4.5, 0.5]},
								"south": {"uv": [45, 21], "uv_size": [0.75, 0.5]},
								"west": {"uv": [32, 2], "uv_size": [4.5, 0.5]},
								"up": {"uv": [18, 28], "uv_size": [0.75, 4.5]},
								"down": {"uv": [19, 32.5], "uv_size": [0.75, -4.5]}
							}
						},
						{
							"origin": [0.00608, 5.45208, 0.90541],
							"size": [0.3825, 1.7775, 2.52],
							"uv": {
								"north": {"uv": [41, 5], "uv_size": [0.5, 1.75]},
								"east": {"uv": [27, 16], "uv_size": [2.5, 1.75]},
								"south": {"uv": [6, 41], "uv_size": [0.5, 1.75]},
								"west": {"uv": [27, 18], "uv_size": [2.5, 1.75]},
								"up": {"uv": [3, 36], "uv_size": [0.5, 2.5]},
								"down": {"uv": [4, 38.5], "uv_size": [0.5, -2.5]}
							}
						},
						{
							"origin": [0.00608, 7.36458, 4.23541],
							"size": [0.3825, 1.4175, 0.54],
							"pivot": [-0.06142, 5.13708, 8.30791],
							"rotation": [30, 0, 0],
							"uv": {
								"north": {"uv": [42, 5], "uv_size": [0.5, 1.5]},
								"east": {"uv": [7, 42], "uv_size": [0.5, 1.5]},
								"south": {"uv": [8, 42], "uv_size": [0.5, 1.5]},
								"west": {"uv": [9, 42], "uv_size": [0.5, 1.5]},
								"up": {"uv": [0, 47], "uv_size": [0.5, 0.5]},
								"down": {"uv": [1, 47.5], "uv_size": [0.5, -0.5]}
							}
						},
						{
							"origin": [-0.17392, 4.892, 5.61695],
							"size": [0.7425, 0.495, 1.035],
							"pivot": [-0.06142, 4.622, 5.54945],
							"rotation": [30, 0, 0],
							"uv": {
								"north": {"uv": [45, 22], "uv_size": [0.75, 0.5]},
								"east": {"uv": [1, 44], "uv_size": [1, 0.5]},
								"south": {"uv": [45, 23], "uv_size": [0.75, 0.5]},
								"west": {"uv": [2, 44], "uv_size": [1, 0.5]},
								"up": {"uv": [42, 3], "uv_size": [0.75, 1]},
								"down": {"uv": [42, 5], "uv_size": [0.75, -1]}
							}
						},
						{
							"origin": [-0.17392, 4.217, 1.40695],
							"size": [0.7425, 0.495, 1.35],
							"pivot": [-0.06142, 3.947, 1.33945],
							"rotation": [30, 0, 0],
							"uv": {
								"north": {"uv": [45, 24], "uv_size": [0.75, 0.5]},
								"east": {"uv": [43, 8], "uv_size": [1.25, 0.5]},
								"south": {"uv": [26, 45], "uv_size": [0.75, 0.5]},
								"west": {"uv": [43, 18], "uv_size": [1.25, 0.5]},
								"up": {"uv": [16, 39], "uv_size": [0.75, 1.25]},
								"down": {"uv": [39, 17.25], "uv_size": [0.75, -1.25]}
							}
						},
						{
							"origin": [-0.25554, -0.75792, -0.46709],
							"size": [0.9225, 0.855, 0.2475],
							"uv": {
								"north": {"uv": [39, 41], "uv_size": [1, 0.75]},
								"east": {"uv": [49, 8], "uv_size": [0.25, 0.75]},
								"south": {"uv": [42, 2], "uv_size": [1, 0.75]},
								"west": {"uv": [9, 49], "uv_size": [0.25, 0.75]},
								"up": {"uv": [34, 46], "uv_size": [1, 0.25]},
								"down": {"uv": [46, 34.25], "uv_size": [1, -0.25]}
							}
						},
						{
							"origin": [-0.51848, 7.10946, -1.11835],
							"size": [1.44, 0.4725, 0.81],
							"pivot": [-0.51848, 7.10946, -0.30835],
							"rotation": [-35, 0, 0],
							"uv": {
								"north": {"uv": [41, 38], "uv_size": [1.5, 0.5]},
								"east": {"uv": [45, 15], "uv_size": [0.75, 0.5]},
								"south": {"uv": [41, 39], "uv_size": [1.5, 0.5]},
								"west": {"uv": [18, 45], "uv_size": [0.75, 0.5]},
								"up": {"uv": [37, 4], "uv_size": [1.5, 0.75]},
								"down": {"uv": [37, 5.75], "uv_size": [1.5, -0.75]}
							}
						},
						{
							"origin": [-0.51848, 6.72696, -1.11835],
							"size": [1.44, 0.2025, 0.6075],
							"pivot": [-0.51848, 6.72696, -0.30835],
							"rotation": [-59, 0, 0],
							"uv": {
								"north": {"uv": [45, 19], "uv_size": [1.5, 0.25]},
								"east": {"uv": [49, 24], "uv_size": [0.5, 0.25]},
								"south": {"uv": [45, 20], "uv_size": [1.5, 0.25]},
								"west": {"uv": [25, 49], "uv_size": [0.5, 0.25]},
								"up": {"uv": [0, 42], "uv_size": [1.5, 0.5]},
								"down": {"uv": [42, 1.5], "uv_size": [1.5, -0.5]}
							}
						},
						{
							"origin": [-0.26392, 8.18946, -1.23791],
							"size": [0.9225, 0.72, 0.2475],
							"uv": {
								"north": {"uv": [41, 28], "uv_size": [1, 0.75]},
								"east": {"uv": [49, 3], "uv_size": [0.25, 0.75]},
								"south": {"uv": [41, 29], "uv_size": [1, 0.75]},
								"west": {"uv": [4, 49], "uv_size": [0.25, 0.75]},
								"up": {"uv": [33, 46], "uv_size": [1, 0.25]},
								"down": {"uv": [46, 33.25], "uv_size": [1, -0.25]}
							}
						},
						{
							"origin": [-3.36417, 8.18946, -3.2059],
							"size": [0.36, 0.72, 0.36],
							"pivot": [-3.72417, 4.72446, 2.6441],
							"rotation": [0, -45, 0],
							"uv": {
								"north": {"uv": [48, 48], "uv_size": [0.25, 0.75]},
								"east": {"uv": [0, 49], "uv_size": [0.25, 0.75]},
								"south": {"uv": [49, 0], "uv_size": [0.25, 0.75]},
								"west": {"uv": [1, 49], "uv_size": [0.25, 0.75]},
								"up": {"uv": [2, 50], "uv_size": [0.25, 0.25]},
								"down": {"uv": [50, 2.25], "uv_size": [0.25, -0.25]}
							}
						},
						{
							"origin": [-4.29505, 8.18946, -3.2059],
							"size": [0.36, 0.72, 0.36],
							"pivot": [-4.65505, 4.72446, 2.6441],
							"rotation": [0, -45, 0],
							"uv": {
								"north": {"uv": [49, 1], "uv_size": [0.25, 0.75]},
								"east": {"uv": [2, 49], "uv_size": [0.25, 0.75]},
								"south": {"uv": [49, 2], "uv_size": [0.25, 0.75]},
								"west": {"uv": [3, 49], "uv_size": [0.25, 0.75]},
								"up": {"uv": [3, 50], "uv_size": [0.25, 0.25]},
								"down": {"uv": [50, 3.25], "uv_size": [0.25, -0.25]}
							}
						},
						{
							"origin": [-0.51848, 4.83696, 6.14915],
							"size": [1.44, 3.06, 4.095],
							"uv": {
								"north": {"uv": [25, 16], "uv_size": [1.5, 3]},
								"east": {"uv": [14, 2], "uv_size": [4, 3]},
								"south": {"uv": [25, 24], "uv_size": [1.5, 3]},
								"west": {"uv": [14, 5], "uv_size": [4, 3]},
								"up": {"uv": [23, 12], "uv_size": [1.5, 4]},
								"down": {"uv": [23, 20], "uv_size": [1.5, -4]}
							}
						},
						{
							"origin": [-0.51848, 8.34696, 6.14915],
							"size": [1.44, 0.45, 5.445],
							"uv": {
								"north": {"uv": [41, 40], "uv_size": [1.5, 0.5]},
								"east": {"uv": [29, 12], "uv_size": [5.5, 0.5]},
								"south": {"uv": [41, 41], "uv_size": [1.5, 0.5]},
								"west": {"uv": [29, 13], "uv_size": [5.5, 0.5]},
								"up": {"uv": [4, 20], "uv_size": [1.5, 5.5]},
								"down": {"uv": [6, 25.5], "uv_size": [1.5, -5.5]}
							}
						},
						{
							"origin": [-0.51848, 8.79696, 7.97165],
							"size": [0.36, 1.17, 3.6225],
							"uv": {
								"north": {"uv": [46, 21], "uv_size": [0.25, 1.25]},
								"east": {"uv": [8, 26], "uv_size": [3.5, 1.25]},
								"south": {"uv": [22, 46], "uv_size": [0.25, 1.25]},
								"west": {"uv": [20, 26], "uv_size": [3.5, 1.25]},
								"up": {"uv": [25, 40], "uv_size": [0.25, 3.5]},
								"down": {"uv": [28, 43.5], "uv_size": [0.25, -3.5]}
							}
						},
						{
							"origin": [0.56152, 8.79696, 7.97165],
							"size": [0.36, 1.17, 3.6225],
							"uv": {
								"north": {"uv": [23, 46], "uv_size": [0.25, 1.25]},
								"east": {"uv": [27, 8], "uv_size": [3.5, 1.25]},
								"south": {"uv": [46, 23], "uv_size": [0.25, 1.25]},
								"west": {"uv": [27, 10], "uv_size": [3.5, 1.25]},
								"up": {"uv": [40, 28], "uv_size": [0.25, 3.5]},
								"down": {"uv": [29, 43.5], "uv_size": [0.25, -3.5]}
							}
						},
						{
							"origin": [1.13833, 5.19451, 6.14915],
							"size": [0.36, 0.36, 4.095],
							"pivot": [0.77833, 5.71201, 10.55915],
							"rotation": [0, 0, 45],
							"uv": {
								"north": {"uv": [0, 50], "uv_size": [0.25, 0.25]},
								"east": {"uv": [38, 7], "uv_size": [4, 0.25]},
								"south": {"uv": [50, 0], "uv_size": [0.25, 0.25]},
								"west": {"uv": [38, 20], "uv_size": [4, 0.25]},
								"up": {"uv": [38, 38], "uv_size": [0.25, 4]},
								"down": {"uv": [2, 43], "uv_size": [0.25, -4]}
							}
						},
						{
							"origin": [0.81608, 5.09152, 6.14915],
							"size": [0.36, 1.1025, 4.095],
							"uv": {
								"north": {"uv": [32, 46], "uv_size": [0.25, 1]},
								"east": {"uv": [27, 20], "uv_size": [4, 1]},
								"south": {"uv": [46, 32], "uv_size": [0.25, 1]},
								"west": {"uv": [27, 21], "uv_size": [4, 1]},
								"up": {"uv": [36, 38], "uv_size": [0.25, 4]},
								"down": {"uv": [37, 42], "uv_size": [0.25, -4]}
							}
						},
						{
							"origin": [1.25083, 6.65314, 10.57979],
							"size": [0.36, 0.36, 1.855],
							"pivot": [0.89083, 7.17064, 12.74979],
							"rotation": [0, 0, 45],
							"uv": {
								"north": {"uv": [49, 38], "uv_size": [0.25, 0.25]},
								"east": {"uv": [26, 48], "uv_size": [0.75, 0.25]},
								"south": {"uv": [39, 49], "uv_size": [0.25, 0.25]},
								"west": {"uv": [48, 26], "uv_size": [0.75, 0.25]},
								"up": {"uv": [27, 48], "uv_size": [0.25, 0.75]},
								"down": {"uv": [48, 27.75], "uv_size": [0.25, -0.75]}
							}
						},
						{
							"origin": [-0.41417, 6.65314, 10.57979],
							"size": [0.36, 0.36, 1.855],
							"pivot": [-0.77417, 7.17064, 12.74979],
							"rotation": [0, 0, 45],
							"uv": {
								"north": {"uv": [49, 37], "uv_size": [0.25, 0.25]},
								"east": {"uv": [24, 48], "uv_size": [0.75, 0.25]},
								"south": {"uv": [38, 49], "uv_size": [0.25, 0.25]},
								"west": {"uv": [48, 24], "uv_size": [0.75, 0.25]},
								"up": {"uv": [25, 48], "uv_size": [0.25, 0.75]},
								"down": {"uv": [48, 25.75], "uv_size": [0.25, -0.75]}
							}
						},
						{
							"origin": [0.92858, 6.55016, 11.57979],
							"size": [0.36, 4.05, 0.855],
							"uv": {
								"north": {"uv": [19, 38], "uv_size": [0.25, 4]},
								"east": {"uv": [4, 29], "uv_size": [0.75, 4]},
								"south": {"uv": [26, 38], "uv_size": [0.25, 4]},
								"west": {"uv": [5, 29], "uv_size": [0.75, 4]},
								"up": {"uv": [15, 48], "uv_size": [0.25, 0.75]},
								"down": {"uv": [48, 15.75], "uv_size": [0.25, -0.75]}
							}
						},
						{
							"origin": [-0.88554, 6.55016, 11.57979],
							"size": [0.36, 4.05, 0.855],
							"uv": {
								"north": {"uv": [27, 38], "uv_size": [0.25, 4]},
								"east": {"uv": [6, 29], "uv_size": [0.75, 4]},
								"south": {"uv": [31, 38], "uv_size": [0.25, 4]},
								"west": {"uv": [7, 29], "uv_size": [0.75, 4]},
								"up": {"uv": [16, 48], "uv_size": [0.25, 0.75]},
								"down": {"uv": [48, 16.75], "uv_size": [0.25, -0.75]}
							}
						},
						{
							"origin": [-0.88554, 6.14516, 10.18479],
							"size": [0.36, 0.6975, 0.6975],
							"pivot": [-0.52552, 6.14517, 10.18479],
							"rotation": [35, 0, 0],
							"uv": {
								"north": {"uv": [28, 48], "uv_size": [0.25, 0.75]},
								"east": {"uv": [43, 31], "uv_size": [0.75, 0.75]},
								"south": {"uv": [48, 28], "uv_size": [0.25, 0.75]},
								"west": {"uv": [42, 43], "uv_size": [0.75, 0.75]},
								"up": {"uv": [29, 48], "uv_size": [0.25, 0.75]},
								"down": {"uv": [48, 29.75], "uv_size": [0.25, -0.75]}
							}
						},
						{
							"origin": [0.92858, 6.14515, 10.18478],
							"size": [0.36, 0.6975, 0.6975],
							"pivot": [1.2886, 6.14517, 10.18478],
							"rotation": [35, 0, 0],
							"uv": {
								"north": {"uv": [30, 48], "uv_size": [0.25, 0.75]},
								"east": {"uv": [43, 43], "uv_size": [0.75, 0.75]},
								"south": {"uv": [48, 30], "uv_size": [0.25, 0.75]},
								"west": {"uv": [0, 44], "uv_size": [0.75, 0.75]},
								"up": {"uv": [31, 48], "uv_size": [0.25, 0.75]},
								"down": {"uv": [48, 31.75], "uv_size": [0.25, -0.75]}
							}
						},
						{
							"origin": [-0.41417, 6.99064, 10.38729],
							"size": [0.36, 0.36, 1.1925],
							"pivot": [-0.77417, 7.50814, 11.89479],
							"rotation": [0, 0, 45],
							"uv": {
								"north": {"uv": [49, 40], "uv_size": [0.25, 0.25]},
								"east": {"uv": [46, 5], "uv_size": [1.25, 0.25]},
								"south": {"uv": [41, 49], "uv_size": [0.25, 0.25]},
								"west": {"uv": [6, 46], "uv_size": [1.25, 0.25]},
								"up": {"uv": [46, 6], "uv_size": [0.25, 1.25]},
								"down": {"uv": [8, 47.25], "uv_size": [0.25, -1.25]}
							}
						},
						{
							"origin": [1.25083, 6.99064, 10.38729],
							"size": [0.36, 0.36, 1.1925],
							"pivot": [0.89083, 7.50814, 11.89479],
							"rotation": [0, 0, 45],
							"uv": {
								"north": {"uv": [49, 39], "uv_size": [0.25, 0.25]},
								"east": {"uv": [46, 0], "uv_size": [1.25, 0.25]},
								"south": {"uv": [40, 49], "uv_size": [0.25, 0.25]},
								"west": {"uv": [2, 46], "uv_size": [1.25, 0.25]},
								"up": {"uv": [4, 46], "uv_size": [0.25, 1.25]},
								"down": {"uv": [5, 47.25], "uv_size": [0.25, -1.25]}
							}
						},
						{
							"origin": [-0.88554, 6.55016, 10.18479],
							"size": [0.36, 2.25, 1.395],
							"uv": {
								"north": {"uv": [43, 39], "uv_size": [0.25, 2.25]},
								"east": {"uv": [14, 28], "uv_size": [1.5, 2.25]},
								"south": {"uv": [41, 43], "uv_size": [0.25, 2.25]},
								"west": {"uv": [16, 28], "uv_size": [1.5, 2.25]},
								"up": {"uv": [12, 45], "uv_size": [0.25, 1.5]},
								"down": {"uv": [13, 46.5], "uv_size": [0.25, -1.5]}
							}
						},
						{
							"origin": [0.92858, 6.55016, 10.18479],
							"size": [0.36, 2.25, 1.395],
							"uv": {
								"north": {"uv": [43, 36], "uv_size": [0.25, 2.25]},
								"east": {"uv": [10, 28], "uv_size": [1.5, 2.25]},
								"south": {"uv": [37, 43], "uv_size": [0.25, 2.25]},
								"west": {"uv": [12, 28], "uv_size": [1.5, 2.25]},
								"up": {"uv": [11, 45], "uv_size": [0.25, 1.5]},
								"down": {"uv": [45, 12.5], "uv_size": [0.25, -1.5]}
							}
						},
						{
							"origin": [-0.88554, 6.14516, 6.15729],
							"size": [0.36, 2.655, 4.0275],
							"uv": {
								"north": {"uv": [4, 43], "uv_size": [0.25, 2.75]},
								"east": {"uv": [18, 8], "uv_size": [4, 2.75]},
								"south": {"uv": [5, 43], "uv_size": [0.25, 2.75]},
								"west": {"uv": [18, 11], "uv_size": [4, 2.75]},
								"up": {"uv": [38, 33], "uv_size": [0.25, 4]},
								"down": {"uv": [35, 42], "uv_size": [0.25, -4]}
							}
						},
						{
							"origin": [-0.70554, 7.15766, 3.14229],
							"size": [0.36, 1.665, 3.015],
							"uv": {
								"north": {"uv": [29, 44], "uv_size": [0.25, 1.75]},
								"east": {"uv": [10, 6], "uv_size": [3, 1.75]},
								"south": {"uv": [30, 44], "uv_size": [0.25, 1.75]},
								"west": {"uv": [24, 20], "uv_size": [3, 1.75]},
								"up": {"uv": [41, 12], "uv_size": [0.25, 3]},
								"down": {"uv": [13, 44], "uv_size": [0.25, -3]}
							}
						},
						{
							"origin": [0.73446, 7.15766, 3.14229],
							"size": [0.36, 1.665, 3.015],
							"uv": {
								"north": {"uv": [44, 31], "uv_size": [0.25, 1.75]},
								"east": {"uv": [22, 24], "uv_size": [3, 1.75]},
								"south": {"uv": [44, 33], "uv_size": [0.25, 1.75]},
								"west": {"uv": [24, 22], "uv_size": [3, 1.75]},
								"up": {"uv": [14, 41], "uv_size": [0.25, 3]},
								"down": {"uv": [15, 44], "uv_size": [0.25, -3]}
							}
						},
						{
							"origin": [0.92858, 6.14516, 6.15729],
							"size": [0.36, 2.655, 4.0275],
							"uv": {
								"north": {"uv": [43, 2], "uv_size": [0.25, 2.75]},
								"east": {"uv": [18, 2], "uv_size": [4, 2.75]},
								"south": {"uv": [3, 43], "uv_size": [0.25, 2.75]},
								"west": {"uv": [18, 5], "uv_size": [4, 2.75]},
								"up": {"uv": [32, 38], "uv_size": [0.25, 4]},
								"down": {"uv": [33, 42], "uv_size": [0.25, -4]}
							}
						},
						{
							"origin": [-0.15848, 9.06764, 12.25479],
							"size": [0.72, 0.18, 0.405],
							"uv": {
								"north": {"uv": [9, 48], "uv_size": [0.75, 0.25]},
								"east": {"uv": [49, 21], "uv_size": [0.5, 0.25]},
								"south": {"uv": [48, 9], "uv_size": [0.75, 0.25]},
								"west": {"uv": [22, 49], "uv_size": [0.5, 0.25]},
								"up": {"uv": [10, 45], "uv_size": [0.75, 0.5]},
								"down": {"uv": [45, 10.5], "uv_size": [0.75, -0.5]}
							}
						},
						{
							"origin": [-0.24202, 10.18294, 12.25479],
							"size": [0.72, 0.18, 0.405],
							"pivot": [0.11798, 9.64294, 12.61479],
							"rotation": [0, 0, 60],
							"uv": {
								"north": {"uv": [5, 48], "uv_size": [0.75, 0.25]},
								"east": {"uv": [49, 17], "uv_size": [0.5, 0.25]},
								"south": {"uv": [48, 5], "uv_size": [0.75, 0.25]},
								"west": {"uv": [18, 49], "uv_size": [0.5, 0.25]},
								"up": {"uv": [45, 5], "uv_size": [0.75, 0.5]},
								"down": {"uv": [45, 6.5], "uv_size": [0.75, -0.5]}
							}
						},
						{
							"origin": [-1.16613, 9.64941, 12.25479],
							"size": [0.72, 0.18, 0.405],
							"pivot": [-0.80613, 9.10941, 12.61479],
							"rotation": [0, 0, 60],
							"uv": {
								"north": {"uv": [7, 48], "uv_size": [0.75, 0.25]},
								"east": {"uv": [49, 19], "uv_size": [0.5, 0.25]},
								"south": {"uv": [48, 7], "uv_size": [0.75, 0.25]},
								"west": {"uv": [20, 49], "uv_size": [0.5, 0.25]},
								"up": {"uv": [8, 45], "uv_size": [0.75, 0.5]},
								"down": {"uv": [45, 8.5], "uv_size": [0.75, -0.5]}
							}
						},
						{
							"origin": [0.84918, 9.64941, 12.25479],
							"size": [0.72, 0.18, 0.405],
							"pivot": [1.20918, 9.10941, 12.61479],
							"rotation": [0, 0, -60],
							"uv": {
								"north": {"uv": [6, 48], "uv_size": [0.75, 0.25]},
								"east": {"uv": [49, 18], "uv_size": [0.5, 0.25]},
								"south": {"uv": [48, 6], "uv_size": [0.75, 0.25]},
								"west": {"uv": [19, 49], "uv_size": [0.5, 0.25]},
								"up": {"uv": [7, 45], "uv_size": [0.75, 0.5]},
								"down": {"uv": [45, 7.5], "uv_size": [0.75, -0.5]}
							}
						},
						{
							"origin": [-0.07494, 10.18294, 12.25479],
							"size": [0.72, 0.18, 0.405],
							"pivot": [0.28506, 9.64294, 12.61479],
							"rotation": [0, 0, -60],
							"uv": {
								"north": {"uv": [8, 48], "uv_size": [0.75, 0.25]},
								"east": {"uv": [49, 20], "uv_size": [0.5, 0.25]},
								"south": {"uv": [48, 8], "uv_size": [0.75, 0.25]},
								"west": {"uv": [21, 49], "uv_size": [0.5, 0.25]},
								"up": {"uv": [9, 45], "uv_size": [0.75, 0.5]},
								"down": {"uv": [45, 9.5], "uv_size": [0.75, -0.5]}
							}
						},
						{
							"origin": [0.73446, 6.81653, 1.43191],
							"size": [0.36, 1.8, 3.015],
							"pivot": [0.37446, 10.68653, 4.76191],
							"rotation": [-20, 0, 0],
							"uv": {
								"north": {"uv": [34, 44], "uv_size": [0.25, 1.75]},
								"east": {"uv": [25, 0], "uv_size": [3, 1.75]},
								"south": {"uv": [44, 35], "uv_size": [0.25, 1.75]},
								"west": {"uv": [25, 2], "uv_size": [3, 1.75]},
								"up": {"uv": [41, 15], "uv_size": [0.25, 3]},
								"down": {"uv": [16, 44], "uv_size": [0.25, -3]}
							}
						},
						{
							"origin": [-0.70554, 6.81653, 1.43191],
							"size": [0.36, 1.8, 3.015],
							"pivot": [-1.06554, 10.68653, 4.76191],
							"rotation": [-20, 0, 0],
							"uv": {
								"north": {"uv": [44, 37], "uv_size": [0.25, 1.75]},
								"east": {"uv": [25, 4], "uv_size": [3, 1.75]},
								"south": {"uv": [44, 39], "uv_size": [0.25, 1.75]},
								"west": {"uv": [25, 6], "uv_size": [3, 1.75]},
								"up": {"uv": [23, 41], "uv_size": [0.25, 3]},
								"down": {"uv": [24, 44], "uv_size": [0.25, -3]}
							}
						},
						{
							"origin": [-0.27098, 11.04177, 12.02229],
							"size": [0.945, 0.2475, 0.345],
							"uv": {
								"north": {"uv": [47, 13], "uv_size": [1, 0.25]},
								"east": {"uv": [49, 14], "uv_size": [0.75, 0.25]},
								"south": {"uv": [14, 47], "uv_size": [1, 0.25]},
								"west": {"uv": [15, 49], "uv_size": [0.75, 0.25]},
								"up": {"uv": [42, 7], "uv_size": [1, 0.75]},
								"down": {"uv": [42, 20.75], "uv_size": [1, -0.75]}
							}
						},
						{
							"origin": [-0.27098, 11.11153, 11.83683],
							"size": [0.945, 0.18, 0.18],
							"pivot": [0.20152, 11.06653, 11.92683],
							"rotation": [-45, 0, 0],
							"uv": {
								"north": {"uv": [11, 47], "uv_size": [1, 0.25]},
								"east": {"uv": [14, 50], "uv_size": [0.25, 0.25]},
								"south": {"uv": [12, 47], "uv_size": [1, 0.25]},
								"west": {"uv": [50, 14], "uv_size": [0.25, 0.25]},
								"up": {"uv": [47, 12], "uv_size": [1, 0.25]},
								"down": {"uv": [13, 47.25], "uv_size": [1, -0.25]}
							}
						},
						{
							"origin": [-0.27098, 11.11153, 12.18183],
							"size": [0.945, 0.18, 0.18],
							"pivot": [0.20152, 11.06653, 12.27183],
							"rotation": [-45, 0, 0],
							"uv": {
								"north": {"uv": [7, 47], "uv_size": [1, 0.25]},
								"east": {"uv": [13, 50], "uv_size": [0.25, 0.25]},
								"south": {"uv": [47, 7], "uv_size": [1, 0.25]},
								"west": {"uv": [50, 13], "uv_size": [0.25, 0.25]},
								"up": {"uv": [47, 8], "uv_size": [1, 0.25]},
								"down": {"uv": [47, 9.25], "uv_size": [1, -0.25]}
							}
						}
					]
				},
				{
					"name": "bone2",
					"parent": "qt",
					"pivot": [-3.29433, 3.58458, 5.44597],
					"rotation": [-30, 0, 0],
					"cubes": [
						{
							"origin": [-0.42848, -3.62542, -0.15415],
							"size": [1.26, 9.0775, 1.62],
							"uv": {
								"north": {"uv": [16, 8], "uv_size": [1.25, 9.25]},
								"east": {"uv": [16, 18], "uv_size": [1, 9.25]},
								"south": {"uv": [0, 18], "uv_size": [1.25, 9.25]},
								"west": {"uv": [17, 18], "uv_size": [1, 9.25]},
								"up": {"uv": [31, 35], "uv_size": [1.25, 1]},
								"down": {"uv": [35, 33], "uv_size": [1.25, -1]}
							}
						},
						{
							"origin": [-2.10183, -3.37542, -0.19653],
							"size": [0.36, 8.8275, 0.36],
							"pivot": [-2.46183, 3.58458, 3.74097],
							"rotation": [0, -45, 0],
							"uv": {
								"north": {"uv": [12, 31], "uv_size": [0.25, 9.25]},
								"east": {"uv": [13, 31], "uv_size": [0.25, 9.25]},
								"south": {"uv": [14, 31], "uv_size": [0.25, 9.25]},
								"west": {"uv": [15, 31], "uv_size": [0.25, 9.25]},
								"up": {"uv": [9, 50], "uv_size": [0.25, 0.25]},
								"down": {"uv": [50, 9.25], "uv_size": [0.25, -0.25]}
							}
						},
						{
							"origin": [-0.17392, -3.25042, 1.47291],
							"size": [0.7425, 8.7025, 0.2475],
							"uv": {
								"north": {"uv": [22, 0], "uv_size": [0.75, 9.25]},
								"east": {"uv": [10, 31], "uv_size": [0.25, 9.25]},
								"south": {"uv": [22, 10], "uv_size": [0.75, 9.25]},
								"west": {"uv": [11, 31], "uv_size": [0.25, 9.25]},
								"up": {"uv": [49, 9], "uv_size": [0.75, 0.25]},
								"down": {"uv": [10, 49.25], "uv_size": [0.75, -0.25]}
							}
						},
						{
							"origin": [-2.85271, -3.37542, -0.19653],
							"size": [0.36, 8.8275, 0.36],
							"pivot": [-3.21271, 3.58458, 3.74097],
							"rotation": [0, -45, 0],
							"uv": {
								"north": {"uv": [1, 31], "uv_size": [0.25, 9.25]},
								"east": {"uv": [31, 2], "uv_size": [0.25, 9.25]},
								"south": {"uv": [8, 31], "uv_size": [0.25, 9.25]},
								"west": {"uv": [9, 31], "uv_size": [0.25, 9.25]},
								"up": {"uv": [8, 50], "uv_size": [0.25, 0.25]},
								"down": {"uv": [50, 8.25], "uv_size": [0.25, -0.25]}
							}
						}
					]
				},
				{
					"name": "bone",
					"parent": "qt",
					"pivot": [-1.13304, 5.01177, 10.88229],
					"rotation": [35, 0, 0],
					"cubes": [
						{
							"origin": [0.81608, 5.48916, 10.38429],
							"size": [0.36, 1.1025, 1.27],
							"uv": {
								"north": {"uv": [31, 46], "uv_size": [0.25, 1]},
								"east": {"uv": [25, 19], "uv_size": [1.5, 1]},
								"south": {"uv": [46, 31], "uv_size": [0.25, 1]},
								"west": {"uv": [34, 10], "uv_size": [1.5, 1]},
								"up": {"uv": [45, 13], "uv_size": [0.25, 1.5]},
								"down": {"uv": [14, 46.5], "uv_size": [0.25, -1.5]}
							}
						},
						{
							"origin": [-0.51848, 5.2346, 10.25929],
							"size": [1.44, 1.2825, 1.395],
							"uv": {
								"north": {"uv": [32, 16], "uv_size": [1.5, 1.25]},
								"east": {"uv": [26, 32], "uv_size": [1.5, 1.25]},
								"south": {"uv": [28, 32], "uv_size": [1.5, 1.25]},
								"west": {"uv": [31, 32], "uv_size": [1.5, 1.25]},
								"up": {"uv": [16, 31], "uv_size": [1.5, 1.5]},
								"down": {"uv": [31, 21.5], "uv_size": [1.5, -1.5]}
							}
						},
						{
							"origin": [-0.77304, 5.48916, 10.32179],
							"size": [0.36, 1.125, 1.3325],
							"uv": {
								"north": {"uv": [18, 46], "uv_size": [0.25, 1.25]},
								"east": {"uv": [2, 33], "uv_size": [1.5, 1.25]},
								"south": {"uv": [19, 46], "uv_size": [0.25, 1.25]},
								"west": {"uv": [4, 33], "uv_size": [1.5, 1.25]},
								"up": {"uv": [15, 45], "uv_size": [0.25, 1.5]},
								"down": {"uv": [17, 46.5], "uv_size": [0.25, -1.5]}
							}
						}
					]
				},
				{
					"name": "kmj",
					"parent": "qt",
					"pivot": [-0.57054, 7.87403, 5.61691],
					"rotation": [-7, 0, 0],
					"cubes": [
						{
							"origin": [-0.98454, 7.55005, 3.82134],
							"size": [0.414, 0.46575, 1.83713],
							"uv": {
								"north": {"uv": [36, 46], "uv_size": [0.5, 0.5]},
								"east": {"uv": [0, 41], "uv_size": [1.75, 0.5]},
								"south": {"uv": [46, 36], "uv_size": [0.5, 0.5]},
								"west": {"uv": [41, 0], "uv_size": [1.75, 0.5]},
								"up": {"uv": [41, 1], "uv_size": [0.5, 1.75]},
								"down": {"uv": [41, 4.75], "uv_size": [0.5, -1.75]}
							}
						},
						{
							"origin": [-0.98454, 8.14015, 3.462],
							"size": [0.414, 0.46575, 0.414],
							"pivot": [-1.39854, 11.94377, 5.66137],
							"rotation": [30, 0, 0],
							"uv": {
								"north": {"uv": [37, 46], "uv_size": [0.5, 0.5]},
								"east": {"uv": [46, 37], "uv_size": [0.5, 0.5]},
								"south": {"uv": [38, 46], "uv_size": [0.5, 0.5]},
								"west": {"uv": [46, 38], "uv_size": [0.5, 0.5]},
								"up": {"uv": [39, 46], "uv_size": [0.5, 0.5]},
								"down": {"uv": [46, 39.5], "uv_size": [0.5, -0.5]}
							}
						},
						{
							"origin": [-1.02054, 8.25265, 3.327],
							"size": [2.16, 0.36, 0.36],
							"pivot": [-1.39854, 12.05627, 5.52637],
							"rotation": [30, 0, 0],
							"uv": {
								"north": {"uv": [44, 1], "uv_size": [2.25, 0.25]},
								"east": {"uv": [10, 50], "uv_size": [0.25, 0.25]},
								"south": {"uv": [44, 2], "uv_size": [2.25, 0.25]},
								"west": {"uv": [50, 10], "uv_size": [0.25, 0.25]},
								"up": {"uv": [44, 3], "uv_size": [2.25, 0.25]},
								"down": {"uv": [44, 4.25], "uv_size": [2.25, -0.25]}
							}
						},
						{
							"origin": [-0.98454, 6.35477, 6.79987],
							"size": [0.414, 0.46575, 0.414],
							"pivot": [-1.39854, 10.1584, 8.99925],
							"rotation": [-30, 0, 0],
							"uv": {
								"north": {"uv": [40, 46], "uv_size": [0.5, 0.5]},
								"east": {"uv": [41, 46], "uv_size": [0.5, 0.5]},
								"south": {"uv": [46, 41], "uv_size": [0.5, 0.5]},
								"west": {"uv": [46, 42], "uv_size": [0.5, 0.5]},
								"up": {"uv": [46, 43], "uv_size": [0.5, 0.5]},
								"down": {"uv": [46, 44.5], "uv_size": [0.5, -0.5]}
							}
						},
						{
							"origin": [-0.98454, 7.90165, 2.94159],
							"size": [0.414, 0.46575, 2.484],
							"uv": {
								"north": {"uv": [46, 45], "uv_size": [0.5, 0.5]},
								"east": {"uv": [35, 33], "uv_size": [2.5, 0.5]},
								"south": {"uv": [46, 46], "uv_size": [0.5, 0.5]},
								"west": {"uv": [35, 34], "uv_size": [2.5, 0.5]},
								"up": {"uv": [19, 35], "uv_size": [0.5, 2.5]},
								"down": {"uv": [35, 37.5], "uv_size": [0.5, -2.5]}
							}
						},
						{
							"origin": [-0.98454, 7.15776, 4.20903],
							"size": [0.414, 0.46575, 1.11262],
							"pivot": [-1.39854, 11.60826, 5.68391],
							"rotation": [-20, 0, 0],
							"uv": {
								"north": {"uv": [35, 46], "uv_size": [0.5, 0.5]},
								"east": {"uv": [44, 5], "uv_size": [1, 0.5]},
								"south": {"uv": [46, 35], "uv_size": [0.5, 0.5]},
								"west": {"uv": [44, 6], "uv_size": [1, 0.5]},
								"up": {"uv": [7, 44], "uv_size": [0.5, 1]},
								"down": {"uv": [44, 8], "uv_size": [0.5, -1]}
							}
						}
					]
				},
				{
					"name": "g_illuminated",
					"parent": "qt",
					"pivot": [0.20152, 11.06427, 12.27729],
					"cubes": [
						{"origin": [0.16652, 11.29177, 12.02229], "size": [0.1325, 0.2475, 0.345], "uv": [28, 17], "mirror": true}
					]
				},
				{
					"name": "tt",
					"parent": "subata",
					"pivot": [0.20152, 9.90471, 2.61479],
					"cubes": [
						{
							"origin": [-0.41417, 10.70314, 10.22479],
							"size": [0.36, 0.36, 1.355],
							"pivot": [-0.77417, 11.22064, 11.89479],
							"rotation": [0, 0, 45],
							"uv": {
								"north": {"uv": [49, 31], "uv_size": [0.25, 0.25]},
								"east": {"uv": [17, 48], "uv_size": [0.75, 0.25]},
								"south": {"uv": [32, 49], "uv_size": [0.25, 0.25]},
								"west": {"uv": [48, 17], "uv_size": [0.75, 0.25]},
								"up": {"uv": [18, 48], "uv_size": [0.25, 0.75]},
								"down": {"uv": [48, 18.75], "uv_size": [0.25, -0.75]}
							}
						},
						{
							"origin": [-0.88554, 8.80016, 10.22479],
							"size": [0.36, 1.8, 1.355],
							"uv": {
								"north": {"uv": [16, 44], "uv_size": [0.25, 1.75]},
								"east": {"uv": [13, 6], "uv_size": [0.75, 1.75]},
								"south": {"uv": [44, 21], "uv_size": [0.25, 1.75]},
								"west": {"uv": [34, 32], "uv_size": [0.75, 1.75]},
								"up": {"uv": [22, 48], "uv_size": [0.25, 0.75]},
								"down": {"uv": [48, 22.75], "uv_size": [0.25, -0.75]}
							}
						},
						{
							"origin": [0.92858, 8.80016, 7.77729],
							"size": [0.36, 0.495, 2.9475],
							"uv": {
								"north": {"uv": [49, 22], "uv_size": [0.25, 0.5]},
								"east": {"uv": [35, 20], "uv_size": [2.5, 0.5]},
								"south": {"uv": [23, 49], "uv_size": [0.25, 0.5]},
								"west": {"uv": [35, 21], "uv_size": [2.5, 0.5]},
								"up": {"uv": [43, 5], "uv_size": [0.25, 2.5]},
								"down": {"uv": [6, 45.5], "uv_size": [0.25, -2.5]}
							}
						},
						{
							"origin": [-0.88554, 8.80016, 7.77729],
							"size": [0.36, 0.495, 2.9475],
							"uv": {
								"north": {"uv": [49, 23], "uv_size": [0.25, 0.5]},
								"east": {"uv": [35, 27], "uv_size": [2.5, 0.5]},
								"south": {"uv": [24, 49], "uv_size": [0.25, 0.5]},
								"west": {"uv": [35, 28], "uv_size": [2.5, 0.5]},
								"up": {"uv": [43, 12], "uv_size": [0.25, 2.5]},
								"down": {"uv": [43, 17.5], "uv_size": [0.25, -2.5]}
							}
						},
						{
							"origin": [0.99108, 8.80016, -1.58271],
							"size": [0.2975, 1.8, 9.36],
							"uv": {
								"north": {"uv": [44, 23], "uv_size": [0.25, 1.75]},
								"east": {"uv": [0, 4], "uv_size": [10, 1.75]},
								"south": {"uv": [24, 44], "uv_size": [0.25, 1.75]},
								"west": {"uv": [0, 6], "uv_size": [10, 1.75]},
								"up": {"uv": [20, 30], "uv_size": [0.25, 10]},
								"down": {"uv": [21, 40], "uv_size": [0.25, -10]}
							}
						},
						{
							"origin": [1.25083, 10.70314, -1.58271],
							"size": [0.36, 0.36, 9.36],
							"pivot": [0.89083, 11.22064, 8.65479],
							"rotation": [0, 0, 45],
							"uv": {
								"north": {"uv": [49, 33], "uv_size": [0.25, 0.25]},
								"east": {"uv": [29, 26], "uv_size": [10, 0.25]},
								"south": {"uv": [34, 49], "uv_size": [0.25, 0.25]},
								"west": {"uv": [30, 18], "uv_size": [10, 0.25]},
								"up": {"uv": [22, 30], "uv_size": [0.25, 10]},
								"down": {"uv": [23, 40], "uv_size": [0.25, -10]}
							}
						},
						{
							"origin": [-0.63098, 8.80721, -1.58271],
							"size": [1.665, 2.0475, 9.36],
							"uv": {
								"north": {"uv": [14, 8], "uv_size": [1.75, 2]},
								"east": {"uv": [0, 0], "uv_size": [10, 2]},
								"south": {"uv": [20, 0], "uv_size": [1.75, 2]},
								"west": {"uv": [0, 2], "uv_size": [10, 2]},
								"up": {"uv": [0, 8], "uv_size": [1.75, 10]},
								"down": {"uv": [2, 18], "uv_size": [1.75, -10]}
							}
						},
						{
							"origin": [-0.41417, 10.70314, -1.58271],
							"size": [0.36, 0.36, 9.36],
							"pivot": [-0.77417, 11.22064, 8.65479],
							"rotation": [0, 0, 45],
							"uv": {
								"north": {"uv": [49, 34], "uv_size": [0.25, 0.25]},
								"east": {"uv": [30, 19], "uv_size": [10, 0.25]},
								"south": {"uv": [35, 49], "uv_size": [0.25, 0.25]},
								"west": {"uv": [30, 29], "uv_size": [10, 0.25]},
								"up": {"uv": [24, 30], "uv_size": [0.25, 10]},
								"down": {"uv": [25, 40], "uv_size": [0.25, -10]}
							}
						},
						{
							"origin": [-0.88554, 8.80016, -1.58271],
							"size": [0.2975, 1.8, 9.36],
							"uv": {
								"north": {"uv": [25, 44], "uv_size": [0.25, 1.75]},
								"east": {"uv": [4, 8], "uv_size": [10, 1.75]},
								"south": {"uv": [28, 44], "uv_size": [0.25, 1.75]},
								"west": {"uv": [10, 0], "uv_size": [10, 1.75]},
								"up": {"uv": [30, 30], "uv_size": [0.25, 10]},
								"down": {"uv": [0, 41], "uv_size": [0.25, -10]}
							}
						},
						{
							"origin": [0.71301, 9.26466, 7.74043],
							"size": [0.25326, 1.2663, 3.09587],
							"uv": {
								"north": {"uv": [42, 45], "uv_size": [0.25, 1.25]},
								"east": {"uv": [28, 0], "uv_size": [2.75, 1.25]},
								"south": {"uv": [43, 45], "uv_size": [0.25, 1.25]},
								"west": {"uv": [28, 2], "uv_size": [2.75, 1.25]},
								"up": {"uv": [42, 25], "uv_size": [0.25, 2.75]},
								"down": {"uv": [26, 44.75], "uv_size": [0.25, -2.75]}
							}
						},
						{
							"origin": [0.93971, 10.60341, 7.74043],
							"size": [0.25326, 0.25326, 3.09587],
							"pivot": [0.68645, 10.96747, 10.84528],
							"rotation": [0, 0, 45],
							"uv": {
								"north": {"uv": [49, 35], "uv_size": [0.25, 0.25]},
								"east": {"uv": [42, 28], "uv_size": [2.75, 0.25]},
								"south": {"uv": [36, 49], "uv_size": [0.25, 0.25]},
								"west": {"uv": [42, 29], "uv_size": [2.75, 0.25]},
								"up": {"uv": [27, 42], "uv_size": [0.25, 2.75]},
								"down": {"uv": [31, 44.75], "uv_size": [0.25, -2.75]}
							}
						},
						{
							"origin": [-0.56322, 9.26466, 7.74043],
							"size": [0.25326, 1.2663, 3.09587],
							"uv": {
								"north": {"uv": [44, 45], "uv_size": [0.25, 1.25]},
								"east": {"uv": [28, 4], "uv_size": [2.75, 1.25]},
								"south": {"uv": [45, 45], "uv_size": [0.25, 1.25]},
								"west": {"uv": [28, 6], "uv_size": [2.75, 1.25]},
								"up": {"uv": [32, 42], "uv_size": [0.25, 2.75]},
								"down": {"uv": [33, 44.75], "uv_size": [0.25, -2.75]}
							}
						},
						{
							"origin": [-0.23162, 10.60341, 7.74043],
							"size": [0.25326, 0.25326, 3.09587],
							"pivot": [-0.48488, 10.96747, 10.84528],
							"rotation": [0, 0, 45],
							"uv": {
								"north": {"uv": [49, 36], "uv_size": [0.25, 0.25]},
								"east": {"uv": [35, 42], "uv_size": [2.75, 0.25]},
								"south": {"uv": [37, 49], "uv_size": [0.25, 0.25]},
								"west": {"uv": [41, 42], "uv_size": [2.75, 0.25]},
								"up": {"uv": [38, 42], "uv_size": [0.25, 2.75]},
								"down": {"uv": [39, 44.75], "uv_size": [0.25, -2.75]}
							}
						},
						{
							"origin": [-0.38414, 10.45678, 7.74043],
							"size": [1.17133, 0.25326, 3.09587],
							"uv": {
								"north": {"uv": [45, 40], "uv_size": [1.25, 0.25]},
								"east": {"uv": [0, 43], "uv_size": [2.75, 0.25]},
								"south": {"uv": [0, 46], "uv_size": [1.25, 0.25]},
								"west": {"uv": [43, 0], "uv_size": [2.75, 0.25]},
								"up": {"uv": [0, 28], "uv_size": [1.25, 2.75]},
								"down": {"uv": [8, 30.75], "uv_size": [1.25, -2.75]}
							}
						},
						{
							"origin": [0.92858, 8.80016, 10.22479],
							"size": [0.36, 1.8, 1.355],
							"uv": {
								"north": {"uv": [22, 44], "uv_size": [0.25, 1.75]},
								"east": {"uv": [34, 34], "uv_size": [0.75, 1.75]},
								"south": {"uv": [23, 44], "uv_size": [0.25, 1.75]},
								"west": {"uv": [2, 35], "uv_size": [0.75, 1.75]},
								"up": {"uv": [23, 48], "uv_size": [0.25, 0.75]},
								"down": {"uv": [48, 23.75], "uv_size": [0.25, -0.75]}
							}
						},
						{
							"origin": [1.25083, 10.70314, 10.22479],
							"size": [0.36, 0.36, 1.355],
							"pivot": [0.89083, 11.22064, 11.89479],
							"rotation": [0, 0, 45],
							"uv": {
								"north": {"uv": [49, 32], "uv_size": [0.25, 0.25]},
								"east": {"uv": [20, 48], "uv_size": [0.75, 0.25]},
								"south": {"uv": [33, 49], "uv_size": [0.25, 0.25]},
								"west": {"uv": [48, 20], "uv_size": [0.75, 0.25]},
								"up": {"uv": [21, 48], "uv_size": [0.25, 0.75]},
								"down": {"uv": [48, 21.75], "uv_size": [0.25, -0.75]}
							}
						},
						{
							"origin": [-0.63098, 10.49471, 10.22479],
							"size": [1.665, 0.36, 1.355],
							"uv": {
								"north": {"uv": [18, 44], "uv_size": [1.75, 0.25]},
								"east": {"uv": [19, 48], "uv_size": [0.75, 0.25]},
								"south": {"uv": [20, 44], "uv_size": [1.75, 0.25]},
								"west": {"uv": [48, 19], "uv_size": [0.75, 0.25]},
								"up": {"uv": [34, 30], "uv_size": [1.75, 0.75]},
								"down": {"uv": [31, 34.75], "uv_size": [1.75, -0.75]}
							}
						},
						{
							"origin": [-0.63098, 10.85471, 10.22479],
							"size": [1.665, 0.18, 1.355],
							"uv": {
								"north": {"uv": [44, 42], "uv_size": [1.75, 0.25]},
								"east": {"uv": [49, 13], "uv_size": [0.75, 0.25]},
								"south": {"uv": [44, 43], "uv_size": [1.75, 0.25]},
								"west": {"uv": [14, 49], "uv_size": [0.75, 0.25]},
								"up": {"uv": [35, 15], "uv_size": [1.75, 0.75]},
								"down": {"uv": [16, 35.75], "uv_size": [1.75, -0.75]}
							}
						},
						{
							"origin": [-0.63098, 10.85471, -1.58271],
							"size": [1.665, 0.18, 9.36],
							"uv": {
								"north": {"uv": [44, 44], "uv_size": [1.75, 0.25]},
								"east": {"uv": [31, 0], "uv_size": [10, 0.25]},
								"south": {"uv": [0, 45], "uv_size": [1.75, 0.25]},
								"west": {"uv": [31, 1], "uv_size": [10, 0.25]},
								"up": {"uv": [4, 10], "uv_size": [1.75, 10]},
								"down": {"uv": [6, 20], "uv_size": [1.75, -10]}
							}
						},
						{
							"origin": [-0.27098, 11.03471, -0.88521],
							"size": [0.945, 0.18, 7.065],
							"uv": {
								"north": {"uv": [6, 47], "uv_size": [1, 0.25]},
								"east": {"uv": [34, 8], "uv_size": [7, 0.25]},
								"south": {"uv": [47, 6], "uv_size": [1, 0.25]},
								"west": {"uv": [34, 9], "uv_size": [7, 0.25]},
								"up": {"uv": [18, 21], "uv_size": [1, 7]},
								"down": {"uv": [19, 28], "uv_size": [1, -7]}
							}
						},
						{
							"origin": [-0.27098, 11.11153, 5.99433],
							"size": [0.945, 0.18, 0.18],
							"pivot": [0.20152, 11.06653, 6.08433],
							"rotation": [-45, 0, 0],
							"uv": {
								"north": {"uv": [7, 47], "uv_size": [1, 0.25]},
								"east": {"uv": [13, 50], "uv_size": [0.25, 0.25]},
								"south": {"uv": [47, 7], "uv_size": [1, 0.25]},
								"west": {"uv": [50, 13], "uv_size": [0.25, 0.25]},
								"up": {"uv": [47, 8], "uv_size": [1, 0.25]},
								"down": {"uv": [47, 9.25], "uv_size": [1, -0.25]}
							}
						},
						{
							"origin": [-0.27098, 11.11153, 5.27433],
							"size": [0.945, 0.18, 0.18],
							"pivot": [0.20152, 11.06653, 5.36433],
							"rotation": [-45, 0, 0],
							"uv": {
								"north": {"uv": [11, 47], "uv_size": [1, 0.25]},
								"east": {"uv": [14, 50], "uv_size": [0.25, 0.25]},
								"south": {"uv": [12, 47], "uv_size": [1, 0.25]},
								"west": {"uv": [50, 14], "uv_size": [0.25, 0.25]},
								"up": {"uv": [47, 12], "uv_size": [1, 0.25]},
								"down": {"uv": [13, 47.25], "uv_size": [1, -0.25]}
							}
						},
						{
							"origin": [-0.27098, 11.04177, 5.45979],
							"size": [0.945, 0.2475, 0.72],
							"uv": {
								"north": {"uv": [47, 13], "uv_size": [1, 0.25]},
								"east": {"uv": [49, 14], "uv_size": [0.75, 0.25]},
								"south": {"uv": [14, 47], "uv_size": [1, 0.25]},
								"west": {"uv": [15, 49], "uv_size": [0.75, 0.25]},
								"up": {"uv": [42, 7], "uv_size": [1, 0.75]},
								"down": {"uv": [42, 20.75], "uv_size": [1, -0.75]}
							}
						},
						{
							"origin": [-0.27098, 11.21471, 4.73979],
							"size": [0.945, 0.09, 0.36],
							"uv": {
								"north": {"uv": [47, 24], "uv_size": [1, 0.25]},
								"east": {"uv": [17, 50], "uv_size": [0.25, 0.25]},
								"south": {"uv": [26, 47], "uv_size": [1, 0.25]},
								"west": {"uv": [50, 17], "uv_size": [0.25, 0.25]},
								"up": {"uv": [27, 47], "uv_size": [1, 0.25]},
								"down": {"uv": [28, 47.25], "uv_size": [1, -0.25]}
							}
						},
						{
							"origin": [-0.27098, 11.21471, 4.01979],
							"size": [0.945, 0.09, 0.36],
							"uv": {
								"north": {"uv": [47, 28], "uv_size": [1, 0.25]},
								"east": {"uv": [18, 50], "uv_size": [0.25, 0.25]},
								"south": {"uv": [29, 47], "uv_size": [1, 0.25]},
								"west": {"uv": [50, 18], "uv_size": [0.25, 0.25]},
								"up": {"uv": [47, 29], "uv_size": [1, 0.25]},
								"down": {"uv": [30, 47.25], "uv_size": [1, -0.25]}
							}
						},
						{
							"origin": [-0.27098, 11.21471, 3.29979],
							"size": [0.945, 0.09, 0.36],
							"uv": {
								"north": {"uv": [47, 30], "uv_size": [1, 0.25]},
								"east": {"uv": [19, 50], "uv_size": [0.25, 0.25]},
								"south": {"uv": [31, 47], "uv_size": [1, 0.25]},
								"west": {"uv": [50, 19], "uv_size": [0.25, 0.25]},
								"up": {"uv": [47, 31], "uv_size": [1, 0.25]},
								"down": {"uv": [32, 47.25], "uv_size": [1, -0.25]}
							}
						},
						{
							"origin": [-0.27098, 11.21471, 2.57979],
							"size": [0.945, 0.09, 0.36],
							"uv": {
								"north": {"uv": [47, 32], "uv_size": [1, 0.25]},
								"east": {"uv": [20, 50], "uv_size": [0.25, 0.25]},
								"south": {"uv": [33, 47], "uv_size": [1, 0.25]},
								"west": {"uv": [50, 20], "uv_size": [0.25, 0.25]},
								"up": {"uv": [47, 33], "uv_size": [1, 0.25]},
								"down": {"uv": [34, 47.25], "uv_size": [1, -0.25]}
							}
						},
						{
							"origin": [-0.27098, 11.21471, 1.85979],
							"size": [0.945, 0.09, 0.36],
							"uv": {
								"north": {"uv": [47, 36], "uv_size": [1, 0.25]},
								"east": {"uv": [22, 50], "uv_size": [0.25, 0.25]},
								"south": {"uv": [37, 47], "uv_size": [1, 0.25]},
								"west": {"uv": [50, 22], "uv_size": [0.25, 0.25]},
								"up": {"uv": [47, 37], "uv_size": [1, 0.25]},
								"down": {"uv": [38, 47.25], "uv_size": [1, -0.25]}
							}
						},
						{
							"origin": [-0.27098, 11.21471, 1.13979],
							"size": [0.945, 0.09, 0.36],
							"uv": {
								"north": {"uv": [47, 34], "uv_size": [1, 0.25]},
								"east": {"uv": [21, 50], "uv_size": [0.25, 0.25]},
								"south": {"uv": [35, 47], "uv_size": [1, 0.25]},
								"west": {"uv": [50, 21], "uv_size": [0.25, 0.25]},
								"up": {"uv": [47, 35], "uv_size": [1, 0.25]},
								"down": {"uv": [36, 47.25], "uv_size": [1, -0.25]}
							}
						},
						{
							"origin": [-0.27098, 11.21471, 0.41979],
							"size": [0.945, 0.09, 0.36],
							"uv": {
								"north": {"uv": [47, 38], "uv_size": [1, 0.25]},
								"east": {"uv": [23, 50], "uv_size": [0.25, 0.25]},
								"south": {"uv": [39, 47], "uv_size": [1, 0.25]},
								"west": {"uv": [50, 23], "uv_size": [0.25, 0.25]},
								"up": {"uv": [47, 39], "uv_size": [1, 0.25]},
								"down": {"uv": [40, 47.25], "uv_size": [1, -0.25]}
							}
						},
						{
							"origin": [-0.27098, 11.04177, -0.88521],
							"size": [0.945, 0.2475, 0.72],
							"uv": {
								"north": {"uv": [47, 22], "uv_size": [1, 0.25]},
								"east": {"uv": [49, 15], "uv_size": [0.75, 0.25]},
								"south": {"uv": [47, 23], "uv_size": [1, 0.25]},
								"west": {"uv": [16, 49], "uv_size": [0.75, 0.25]},
								"up": {"uv": [42, 21], "uv_size": [1, 0.75]},
								"down": {"uv": [42, 22.75], "uv_size": [1, -0.75]}
							}
						},
						{
							"origin": [-0.27098, 11.11153, -1.07067],
							"size": [0.945, 0.18, 0.18],
							"pivot": [0.20152, 11.06653, -0.98067],
							"rotation": [-45, 0, 0],
							"uv": {
								"north": {"uv": [47, 18], "uv_size": [1, 0.25]},
								"east": {"uv": [16, 50], "uv_size": [0.25, 0.25]},
								"south": {"uv": [47, 19], "uv_size": [1, 0.25]},
								"west": {"uv": [50, 16], "uv_size": [0.25, 0.25]},
								"up": {"uv": [47, 20], "uv_size": [1, 0.25]},
								"down": {"uv": [47, 21.25], "uv_size": [1, -0.25]}
							}
						},
						{
							"origin": [-0.27098, 11.11153, -0.35067],
							"size": [0.945, 0.18, 0.18],
							"pivot": [0.20152, 11.06653, -0.26067],
							"rotation": [-45, 0, 0],
							"uv": {
								"north": {"uv": [15, 47], "uv_size": [1, 0.25]},
								"east": {"uv": [15, 50], "uv_size": [0.25, 0.25]},
								"south": {"uv": [47, 16], "uv_size": [1, 0.25]},
								"west": {"uv": [50, 15], "uv_size": [0.25, 0.25]},
								"up": {"uv": [17, 47], "uv_size": [1, 0.25]},
								"down": {"uv": [47, 17.25], "uv_size": [1, -0.25]}
							}
						}
					]
				},
				{
					"name": "bb",
					"parent": "tt",
					"pivot": [1.31946, 9.21075, 3.76744],
					"cubes": [
						{
							"origin": [-1.06554, 11.36481, 0.41462],
							"size": [0.405, 0.3375, 2.565],
							"uv": {
								"north": {"uv": [49, 25], "uv_size": [0.5, 0.25]},
								"east": {"uv": [43, 25], "uv_size": [2.5, 0.25]},
								"south": {"uv": [26, 49], "uv_size": [0.5, 0.25]},
								"west": {"uv": [43, 26], "uv_size": [2.5, 0.25]},
								"up": {"uv": [5, 36], "uv_size": [0.5, 2.5]},
								"down": {"uv": [6, 38.5], "uv_size": [0.5, -2.5]}
							}
						},
						{
							"origin": [-1.06554, 11.36481, 2.91212],
							"size": [2.565, 0.6075, 0.4725],
							"uv": {
								"north": {"uv": [36, 10], "uv_size": [2.5, 0.5]},
								"east": {"uv": [47, 44], "uv_size": [0.5, 0.5]},
								"south": {"uv": [36, 16], "uv_size": [2.5, 0.5]},
								"west": {"uv": [45, 47], "uv_size": [0.5, 0.5]},
								"up": {"uv": [36, 17], "uv_size": [2.5, 0.5]},
								"down": {"uv": [36, 22.5], "uv_size": [2.5, -0.5]}
							}
						},
						{
							"origin": [1.07196, 12.21408, 2.44781],
							"size": [0.4275, 0.2925, 1.0575],
							"pivot": [1.31946, 9.98658, 5.23781],
							"rotation": [15, 0, 0],
							"uv": {
								"north": {"uv": [49, 27], "uv_size": [0.5, 0.25]},
								"east": {"uv": [47, 45], "uv_size": [1, 0.25]},
								"south": {"uv": [28, 49], "uv_size": [0.5, 0.25]},
								"west": {"uv": [46, 47], "uv_size": [1, 0.25]},
								"up": {"uv": [12, 44], "uv_size": [0.5, 1]},
								"down": {"uv": [44, 13], "uv_size": [0.5, -1]}
							}
						},
						{
							"origin": [-1.06554, 12.21408, 2.44781],
							"size": [0.405, 0.2925, 1.0575],
							"pivot": [1.31946, 9.98658, 5.23781],
							"rotation": [15, 0, 0],
							"uv": {
								"north": {"uv": [49, 28], "uv_size": [0.5, 0.25]},
								"east": {"uv": [47, 46], "uv_size": [1, 0.25]},
								"south": {"uv": [29, 49], "uv_size": [0.5, 0.25]},
								"west": {"uv": [47, 47], "uv_size": [1, 0.25]},
								"up": {"uv": [13, 44], "uv_size": [0.5, 1]},
								"down": {"uv": [44, 14], "uv_size": [0.5, -1]}
							}
						},
						{
							"origin": [1.09446, 11.36481, 0.41462],
							"size": [0.405, 0.3375, 2.565],
							"uv": {
								"north": {"uv": [49, 26], "uv_size": [0.5, 0.25]},
								"east": {"uv": [43, 27], "uv_size": [2.5, 0.25]},
								"south": {"uv": [27, 49], "uv_size": [0.5, 0.25]},
								"west": {"uv": [43, 30], "uv_size": [2.5, 0.25]},
								"up": {"uv": [16, 36], "uv_size": [0.5, 2.5]},
								"down": {"uv": [17, 38.5], "uv_size": [0.5, -2.5]}
							}
						},
						{
							"origin": [1.27235, 10.82484, 0.24206],
							"size": [0.468, 0.7605, 1.31625],
							"uv": {
								"north": {"uv": [36, 45], "uv_size": [0.5, 0.75]},
								"east": {"uv": [23, 40], "uv_size": [1.25, 0.75]},
								"south": {"uv": [45, 36], "uv_size": [0.5, 0.75]},
								"west": {"uv": [40, 23], "uv_size": [1.25, 0.75]},
								"up": {"uv": [17, 43], "uv_size": [0.5, 1.25]},
								"down": {"uv": [43, 22.25], "uv_size": [0.5, -1.25]}
							}
						},
						{
							"origin": [1.27235, 9.18729, 0.71679],
							"size": [0.468, 0.5265, 3.65625],
							"pivot": [1.27235, 9.39204, 3.93429],
							"rotation": [-37, 0, 0],
							"uv": {
								"north": {"uv": [47, 43], "uv_size": [0.5, 0.5]},
								"east": {"uv": [33, 23], "uv_size": [3.75, 0.5]},
								"south": {"uv": [44, 47], "uv_size": [0.5, 0.5]},
								"west": {"uv": [33, 24], "uv_size": [3.75, 0.5]},
								"up": {"uv": [33, 32], "uv_size": [0.5, 3.75]},
								"down": {"uv": [34, 6.75], "uv_size": [0.5, -3.75]}
							}
						},
						{
							"origin": [1.27235, 8.8455, -1.94872],
							"size": [0.468, 0.5265, 0.96525],
							"pivot": [1.27235, 7.617, 1.29803],
							"rotation": [-70, 0, 0],
							"uv": {
								"north": {"uv": [47, 42], "uv_size": [0.5, 0.5]},
								"east": {"uv": [8, 44], "uv_size": [1, 0.5]},
								"south": {"uv": [43, 47], "uv_size": [0.5, 0.5]},
								"west": {"uv": [9, 44], "uv_size": [1, 0.5]},
								"up": {"uv": [10, 44], "uv_size": [0.5, 1]},
								"down": {"uv": [11, 45], "uv_size": [0.5, -1]}
							}
						},
						{
							"origin": [1.27235, 9.05541, 0.47338],
							"size": [0.468, 0.5265, 2.25225],
							"pivot": [1.27235, 7.82691, 2.75488],
							"rotation": [-37, 0, 0],
							"uv": {
								"north": {"uv": [47, 41], "uv_size": [0.5, 0.5]},
								"east": {"uv": [37, 25], "uv_size": [2.25, 0.5]},
								"south": {"uv": [42, 47], "uv_size": [0.5, 0.5]},
								"west": {"uv": [31, 37], "uv_size": [2.25, 0.5]},
								"up": {"uv": [18, 37], "uv_size": [0.5, 2.25]},
								"down": {"uv": [28, 39.25], "uv_size": [0.5, -2.25]}
							}
						},
						{
							"origin": [1.27235, 9.80882, 4.48373],
							"size": [0.468, 0.468, 0.702],
							"pivot": [1.27235, 6.44507, 6.76523],
							"rotation": [20, 0, 0],
							"uv": {
								"north": {"uv": [47, 40], "uv_size": [0.5, 0.5]},
								"east": {"uv": [45, 33], "uv_size": [0.75, 0.5]},
								"south": {"uv": [41, 47], "uv_size": [0.5, 0.5]},
								"west": {"uv": [45, 34], "uv_size": [0.75, 0.5]},
								"up": {"uv": [35, 45], "uv_size": [0.5, 0.75]},
								"down": {"uv": [45, 35.75], "uv_size": [0.5, -0.75]}
							}
						},
						{
							"origin": [-1.36015, 10.82484, 0.24206],
							"size": [0.468, 0.7605, 1.31625],
							"uv": {
								"north": {"uv": [45, 39], "uv_size": [0.5, 0.75]},
								"east": {"uv": [40, 24], "uv_size": [1.25, 0.75]},
								"south": {"uv": [40, 45], "uv_size": [0.5, 0.75]},
								"west": {"uv": [40, 25], "uv_size": [1.25, 0.75]},
								"up": {"uv": [35, 43], "uv_size": [0.5, 1.25]},
								"down": {"uv": [36, 44.25], "uv_size": [0.5, -1.25]}
							}
						},
						{
							"origin": [-1.36015, 8.8455, -1.94872],
							"size": [0.468, 0.5265, 0.96525],
							"pivot": [-1.36015, 7.617, 1.29803],
							"rotation": [-70, 0, 0],
							"uv": {
								"north": {"uv": [3, 48], "uv_size": [0.5, 0.5]},
								"east": {"uv": [14, 44], "uv_size": [1, 0.5]},
								"south": {"uv": [48, 3], "uv_size": [0.5, 0.5]},
								"west": {"uv": [44, 14], "uv_size": [1, 0.5]},
								"up": {"uv": [15, 44], "uv_size": [0.5, 1]},
								"down": {"uv": [44, 16], "uv_size": [0.5, -1]}
							}
						},
						{
							"origin": [-1.36015, 9.18729, 0.71679],
							"size": [0.468, 0.5265, 3.65625],
							"pivot": [-1.36015, 9.39204, 3.93429],
							"rotation": [-37, 0, 0],
							"uv": {
								"north": {"uv": [2, 48], "uv_size": [0.5, 0.5]},
								"east": {"uv": [33, 25], "uv_size": [3.75, 0.5]},
								"south": {"uv": [48, 2], "uv_size": [0.5, 0.5]},
								"west": {"uv": [34, 7], "uv_size": [3.75, 0.5]},
								"up": {"uv": [26, 34], "uv_size": [0.5, 3.75]},
								"down": {"uv": [27, 37.75], "uv_size": [0.5, -3.75]}
							}
						},
						{
							"origin": [-1.36015, 9.05541, 0.47338],
							"size": [0.468, 0.5265, 2.25225],
							"pivot": [-1.36015, 7.82691, 2.75488],
							"rotation": [-37, 0, 0],
							"uv": {
								"north": {"uv": [1, 48], "uv_size": [0.5, 0.5]},
								"east": {"uv": [37, 32], "uv_size": [2.25, 0.5]},
								"south": {"uv": [48, 1], "uv_size": [0.5, 0.5]},
								"west": {"uv": [36, 37], "uv_size": [2.25, 0.5]},
								"up": {"uv": [29, 37], "uv_size": [0.5, 2.25]},
								"down": {"uv": [34, 39.25], "uv_size": [0.5, -2.25]}
							}
						},
						{
							"origin": [-1.36015, 9.80882, 4.48373],
							"size": [0.468, 0.468, 0.702],
							"pivot": [-1.36015, 6.44507, 6.76523],
							"rotation": [20, 0, 0],
							"uv": {
								"north": {"uv": [0, 48], "uv_size": [0.5, 0.5]},
								"east": {"uv": [45, 37], "uv_size": [0.75, 0.5]},
								"south": {"uv": [48, 0], "uv_size": [0.5, 0.5]},
								"west": {"uv": [38, 45], "uv_size": [0.75, 0.5]},
								"up": {"uv": [45, 38], "uv_size": [0.5, 0.75]},
								"down": {"uv": [39, 45.75], "uv_size": [0.5, -0.75]}
							}
						},
						{
							"origin": [-1.38054, 11.01515, 1.972],
							"size": [3.1275, 0.61, 0.61],
							"pivot": [-1.39854, 12.05627, 5.52637],
							"rotation": [30, 0, 0],
							"uv": {
								"north": {"uv": [9, 41], "uv_size": [3.25, 0.25]},
								"east": {"uv": [24, 50], "uv_size": [0.25, 0.25]},
								"south": {"uv": [41, 9], "uv_size": [3.25, 0.25]},
								"west": {"uv": [50, 24], "uv_size": [0.25, 0.25]},
								"up": {"uv": [41, 10], "uv_size": [3.25, 0.25]},
								"down": {"uv": [41, 11.25], "uv_size": [3.25, -0.25]}
							}
						}
					]
				},
				{
					"name": "muzzle_flash",
					"parent": "subata",
					"pivot": [0.20152, 9.65471, 12.60729]
				},
				{
					"name": "ammo_count_text_pos",
					"parent": "subata",
					"pivot": [-2.48598, 8.77971, 5.66979],
					"rotation": [0, 180, 0]
				},
				{
					"name": "ammo_count_text_pos2",
					"parent": "subata",
					"pivot": [-2.48598, 7.77971, 5.66979],
					"rotation": [0, 180, 0]
				},
				{
					"name": "shell",
					"parent": "subata",
					"pivot": [0.20152, 10.71721, 9.10729],
					"rotation": [0, 180, 0]
				},
				{
					"name": "additional_magazine",
					"parent": "rh_and_gun",
					"pivot": [0.20152, 3.9047, -2.9552],
					"rotation": [0, 180, 0]
				},
				{
					"name": "rh",
					"parent": "rh_and_gun",
					"pivot": [6, 0, 0]
				},
				{
					"name": "righthand_pos",
					"parent": "rh",
					"pivot": [0, 0, 0],
					"cubes": [
						{"origin": [4, 0, -2], "size": [4, 12, 4], "uv": [-4, -2]}
					]
				},
				{
					"name": "lf_and_mag",
					"parent": "root",
					"pivot": [0, 0, 0]
				},
				{
					"name": "magazine",
					"parent": "lf_and_mag",
					"pivot": [0.20152, 3.90471, -2.95521],
					"rotation": [0, 180, 0]
				},
				{
					"name": "mag_standard",
					"parent": "magazine",
					"pivot": [0.20152, 2.68221, -3.33271],
					"cubes": [
						{
							"origin": [-0.51848, 1.23196, -4.64585],
							"size": [1.44, 3.7125, 3.5325],
							"uv": {
								"north": {"uv": [12, 24], "uv_size": [1.5, 3.75]},
								"east": {"uv": [10, 2], "uv_size": [3.5, 3.75]},
								"south": {"uv": [14, 24], "uv_size": [1.5, 3.75]},
								"west": {"uv": [12, 10], "uv_size": [3.5, 3.75]},
								"up": {"uv": [2, 25], "uv_size": [1.5, 3.5]},
								"down": {"uv": [25, 11.5], "uv_size": [1.5, -3.5]}
							}
						},
						{
							"origin": [-0.26392, 1.23196, -4.90041],
							"size": [0.945, 3.7125, 0.27],
							"uv": {
								"north": {"uv": [26, 27], "uv_size": [1, 3.75]},
								"east": {"uv": [21, 40], "uv_size": [0.25, 3.75]},
								"south": {"uv": [27, 27], "uv_size": [1, 3.75]},
								"west": {"uv": [22, 40], "uv_size": [0.25, 3.75]},
								"up": {"uv": [47, 1], "uv_size": [1, 0.25]},
								"down": {"uv": [2, 47.25], "uv_size": [1, -0.25]}
							}
						},
						{
							"origin": [-2.07547, 1.23196, -6.3346],
							"size": [0.36, 3.7125, 0.36],
							"pivot": [-2.43547, 4.78696, -2.3071],
							"rotation": [0, -45, 0],
							"uv": {
								"north": {"uv": [17, 39], "uv_size": [0.25, 3.75]},
								"east": {"uv": [39, 33], "uv_size": [0.25, 3.75]},
								"south": {"uv": [39, 37], "uv_size": [0.25, 3.75]},
								"west": {"uv": [40, 2], "uv_size": [0.25, 3.75]},
								"up": {"uv": [11, 50], "uv_size": [0.25, 0.25]},
								"down": {"uv": [50, 11.25], "uv_size": [0.25, -0.25]}
							}
						},
						{
							"origin": [-3.00635, 1.23196, -6.3346],
							"size": [0.36, 3.7125, 0.36],
							"pivot": [-3.36635, 4.78696, -2.3071],
							"rotation": [0, -45, 0],
							"uv": {
								"north": {"uv": [40, 10], "uv_size": [0.25, 3.75]},
								"east": {"uv": [40, 14], "uv_size": [0.25, 3.75]},
								"south": {"uv": [18, 40], "uv_size": [0.25, 3.75]},
								"west": {"uv": [20, 40], "uv_size": [0.25, 3.75]},
								"up": {"uv": [12, 50], "uv_size": [0.25, 0.25]},
								"down": {"uv": [50, 12.25], "uv_size": [0.25, -0.25]}
							}
						}
					]
				},
				{
					"name": "bone4",
					"parent": "mag_standard",
					"pivot": [-4.1156, 2.06671, -1.86861],
					"rotation": [10, 0, 0],
					"cubes": [
						{
							"origin": [-0.66968, 1.44053, -4.6985],
							"size": [1.7424, 0.81675, 1.86682],
							"uv": {
								"north": {"uv": [35, 4], "uv_size": [1.75, 0.75]},
								"east": {"uv": [5, 35], "uv_size": [1.75, 0.75]},
								"south": {"uv": [35, 5], "uv_size": [1.75, 0.75]},
								"west": {"uv": [35, 6], "uv_size": [1.75, 0.75]},
								"up": {"uv": [20, 28], "uv_size": [1.75, 1.75]},
								"down": {"uv": [22, 29.75], "uv_size": [1.75, -1.75]}
							}
						},
						{
							"origin": [-0.66968, 0.07359, -3.38285],
							"size": [1.7424, 0.81675, 1.48432],
							"pivot": [0.20152, 0.69977, -0.93957],
							"rotation": [-35, 0, 0],
							"uv": {
								"north": {"uv": [35, 11], "uv_size": [1.75, 0.75]},
								"east": {"uv": [37, 14], "uv_size": [1.5, 0.75]},
								"south": {"uv": [35, 12], "uv_size": [1.75, 0.75]},
								"west": {"uv": [37, 15], "uv_size": [1.5, 0.75]},
								"up": {"uv": [28, 29], "uv_size": [1.75, 1.5]},
								"down": {"uv": [30, 17.5], "uv_size": [1.75, -1.5]}
							}
						},
						{
							"origin": [-2.55364, 0.74303, -6.74188],
							"size": [0.4356, 1.51425, 0.4356],
							"pivot": [-2.98924, 2.06671, -1.86861],
							"rotation": [0, -45, 0],
							"uv": {
								"north": {"uv": [10, 42], "uv_size": [0.5, 1.5]},
								"east": {"uv": [11, 42], "uv_size": [0.5, 1.5]},
								"south": {"uv": [12, 42], "uv_size": [0.5, 1.5]},
								"west": {"uv": [42, 12], "uv_size": [0.5, 1.5]},
								"up": {"uv": [47, 2], "uv_size": [0.5, 0.5]},
								"down": {"uv": [3, 47.5], "uv_size": [0.5, -0.5]}
							}
						},
						{
							"origin": [-0.36166, 1.44053, -5.00652],
							"size": [1.14345, 0.81675, 0.3267],
							"uv": {
								"north": {"uv": [39, 22], "uv_size": [1.25, 0.75]},
								"east": {"uv": [49, 11], "uv_size": [0.25, 0.75]},
								"south": {"uv": [39, 26], "uv_size": [1.25, 0.75]},
								"west": {"uv": [12, 49], "uv_size": [0.25, 0.75]},
								"up": {"uv": [46, 26], "uv_size": [1.25, 0.25]},
								"down": {"uv": [46, 27.25], "uv_size": [1.25, -0.25]}
							}
						},
						{
							"origin": [-3.68, 0.74303, -6.74188],
							"size": [0.4356, 1.51425, 0.4356],
							"pivot": [-4.1156, 2.06671, -1.86861],
							"rotation": [0, -45, 0],
							"uv": {
								"north": {"uv": [42, 14], "uv_size": [0.5, 1.5]},
								"east": {"uv": [42, 16], "uv_size": [0.5, 1.5]},
								"south": {"uv": [42, 18], "uv_size": [0.5, 1.5]},
								"west": {"uv": [19, 42], "uv_size": [0.5, 1.5]},
								"up": {"uv": [47, 3], "uv_size": [0.5, 0.5]},
								"down": {"uv": [47, 4.5], "uv_size": [0.5, -0.5]}
							}
						},
						{
							"origin": [-0.66968, 0.73628, -4.6985],
							"size": [1.7424, 0.70425, 3.44182],
							"uv": {
								"north": {"uv": [3, 35], "uv_size": [1.75, 0.75]},
								"east": {"uv": [29, 24], "uv_size": [3.5, 0.75]},
								"south": {"uv": [35, 3], "uv_size": [1.75, 0.75]},
								"west": {"uv": [29, 25], "uv_size": [3.5, 0.75]},
								"up": {"uv": [22, 20], "uv_size": [1.75, 3.5]},
								"down": {"uv": [23, 3.5], "uv_size": [1.75, -3.5]}
							}
						},
						{
							"origin": [-0.36166, 0.73628, -5.00652],
							"size": [1.14345, 0.70425, 0.3267],
							"uv": {
								"north": {"uv": [38, 28], "uv_size": [1.25, 0.75]},
								"east": {"uv": [49, 10], "uv_size": [0.25, 0.75]},
								"south": {"uv": [39, 6], "uv_size": [1.25, 0.75]},
								"west": {"uv": [11, 49], "uv_size": [0.25, 0.75]},
								"up": {"uv": [46, 25], "uv_size": [1.25, 0.25]},
								"down": {"uv": [26, 46.25], "uv_size": [1.25, -0.25]}
							}
						}
					]
				},
				{
					"name": "lh",
					"parent": "lf_and_mag",
					"pivot": [-5.79848, -0.09529, 0.29479]
				},
				{
					"name": "lefthand_pos",
					"parent": "lh",
					"pivot": [0, 0, 0],
					"cubes": [
						{"origin": [-8, 0, -2], "size": [4, 12, 4], "uv": [-4, -2]}
					]
				},
				{
					"name": "camera",
					"pivot": [5.9375, 14.6875, 15.25]
				}
			]
		}
	]
}