{
  "materials": [
    {
      "item": {
        "tag": "forge:ingots/iron"
      },
      "count": 20
    },
    {
      "item": {
        "item": "minecraft:glow_ink_sac"
      },
      "count": 1
    },
    {
      "item": {
        "item": "minecraft:purple_dye"
      },
      "count": 1
    },
    {
      "item": {
        "item": "minecraft:obsidian"
      },
      "count": 1
    },
    {
      "item": {
        "tag": "forge:ingots/netherite"
      },
      "count": 1
    }
  ],
  "result": {
    "type": "gun",
    "id": "bluearchive:hina"
  }
}