{
  "model": "bluearchive:gun/azusa_geo",
  "texture": "bluearchive:gun/uv/azusa",
  "slot": "bluearchive:gun/slot/azusa",
  "hud": "bluearchive:gun/hud/azusa",
  "third_person_animation": "default",
  "sounds": {
    "shoot": "bluearchive:item/azusa",
    "dry_fire": "tacz:dry_fire",
    "silence": "bluearchive:item/miyako_sli",
    "reload_tactical":"bluearchive:item/azusa_reload",
    "reload_empty":"bluearchive:item/azusa_reloadempty",
    "inspect": "bluearchive:item/azusa_inspect",
    "inspect_empty": "bluearchive:item/azusa_inspect"
},
"shell": {
  "initial_velocity": [5, 2, 1],
  "random_velocity": [1, 1, 0.25],
  "acceleration": [0.0, -10, 0.0],
  "angular_velocity": [360, -1200, 90],
  "living_time": 1.0
},
  "muzzle_flash": {
  "texture": "tacz:flash/common_muzzle_flash",
  "scale": 1
},
"animation": "bluearchive:azusa",
"use_default_animation": "rifle"
}