{
  
  "ammo": "deep_rock_galactic:drg_generic_ammo",
 
  "ammo_amount": 32,
  "bolt": "open_bolt",
 
  "rpm": 1000,
  "burst_data": {
    "continuous_shoot": true,
    "count": 3,
    "bpm": 1000,
    "min_interval": 0.5
  },
 
  "bullet": {
   
    "life": 10,
    "tracer_count_interval": 0,
    "damage": 19,
    
    "speed": 400,
    
    "gravity": 0,
   
    "knockback": 2,
    
    "friction": 0.01,
  
    "ignite": false,
    
    "pierce": 2,
    "extra_damage": {
		
      "armor_ignore": 0.3,
      
      "head_shot_multiplier": 1.5
    }
   
  },
 
 
  "reload": {
   
    "type": "fuel",
    
    "feed": {
      
      "empty": 1,
      
      "tactical": 1
    },
   
    "cooldown": {
      
      "empty": 1.5,
      
      "tactical": 1.5
    }
  },

  "draw_time": 0.35,
 
  "put_away_time": 0.4,
  
  "aim_time": 0.2,
  
  "sprint_time": 0.3,
  
  "fire_mode": [
    
    "burst"
  ],
  
  "recoil": {
    "pitch": [
      {"time": 0, "value": [0.15, 0.15]},
      {"time": 0.4, "value": [0.15, 0.15]},
      {"time": 0.65, "value": [-0.225, -0.225]},
      {"time": 0.85, "value": [0.125, 0.125]},
      {"time": 1.1, "value": [0, 0]},
      {"time": 1.2, "value": [0, 0]}
    ],
    "yaw": [
      {"time": 0, "value": [-0.1, 0.1]},
      {"time": 0.5, "value": [0, 0]}
    ]
  },
  
  "inaccuracy": {
    
    "stand": 2,
    
    "move": 4,
    
    "sneak": 1,
    
    "lie": 0.5,
   
    "aim": 0.2
  },
  "melee": {
   

    "distance": 1,
   
    "cooldown": 0.6,
    
    "default": {
    
      "animation_type": "melee_push",
   
      "distance": 1,
     
      "range_angle": 40,
    
      "cooldown": 0.2,
      
      "damage": 5,
     
      "knockback": 1,
    
      "prep": 0.1
    }
  }
}
