{
  "ammo": "deep_rock_galactic:drg_generic_ammo",
  "rpm": 1000,
  "bullet": {
    "life": 1,
    "bullet_amount": 1,
    "damage": 11,
    "tracer_count_interval": 0,
    "extra_damage": {
      "armor_ignore": 0.2,
      "head_shot_multiplier": 1.25,
      "damage_adjust": [
        {"distance": 15, "damage": 11},
        {"distance": "infinite", "damage": 10}
      ]
    },
    "speed": 30,
    "gravity": 0,
    "knockback": 0,
    "friction": 0.05,
    "ignite": false,
    "pierce": 1
  },
  "ammo_amount": 750,
  "extended_mag_ammo_amount": [
    850,
    900,
    950
  ],
  "bolt": "open_bolt",
  "reload": {
    "type": "fuel",
    "feed": {
      "empty": 2.40,
      "tactical": 2.4
    },
    "cooldown": {
      "empty": 2.95,
      "tactical": 2.90
    }
  },
  "draw_time": 0.37,
  "put_away_time": 0.27,
  "sprint_time": 0.2,
  "aim_time": 0.1,
  "weight": 1.5,
  "movement_speed": {
    "base": 0.0,
    "aim": -0.1,
    "reload": 0
  },
  "crawl_recoil_multiplier": 0.75,
  "fire_mode": [
    "auto"
  
  ],
 
  "allow_attachment_types": [
    "scope",
    "extended_mag"
  ],
  "recoil": {
    "pitch": [
      {"time": 0, "value": [0.15, 0.15]},
      {"time": 0.12, "value": [0.15, 0.15]},
      {"time": 0.3, "value": [-0.2, -0.2]},
      {"time": 0.45, "value": [0, 0]}
    ],
    "yaw": [
      {"time": 0, "value": [-0.65, 0.5]},
      {"time": 0.12, "value": [-0.65, 0.5]},
      {"time": 0.3, "value": [0, 0]}
    ]
  },
  "inaccuracy": {
    "stand": 1.35,
    "move": 2,
    "sneak": 1.25,
    "lie": 1,
    "aim": 0.175
  },
 
  "melee": {
   

    "distance": 1,
   
    "cooldown": 0.6,
    
    "default": {
    
      "animation_type": "melee_push",
   
      "distance": 1,
     
      "range_angle": 40,
    
      "cooldown": 0.2,
      
      "damage": 5,
     
      "knockback": 1,
    
      "prep": 0.1
    }
  }
}