{
  
  "ammo": "deep_rock_galactic:drg_generic_ammo",
 
  "ammo_amount": 42,
  "bolt": "closed_bolt",
 
  "rpm": 750,
  "burst_data": {
    "continuous_shoot": true,
    "count": 3,
    "bpm": 900,
    "min_interval": 0.4
  },
 
  "bullet": {
   
    "life": 10,
    
    "damage": 19,
    "tracer_count_interval": 0,
    "speed": 400,
    
    "gravity": 0,
   
    "knockback": 1,
    
    "friction": 0.01,
  
    "ignite": false,
    
    "pierce": 0,
    "extra_damage": {
		
      "armor_ignore": 0.1,
      
      "head_shot_multiplier": 3
      
      
    }
   
  },
 
  "reload": {
   
    "type": "fuel",
    
    "feed": {
      
      "empty": 1.04,
      
      "tactical": 1.04
    },
   
    "cooldown": {
      
      "empty": 1.75,
      
      "tactical": 1.75
    }
  },

  "draw_time": 0.35,
 
  "put_away_time": 0.4,
  
  "aim_time": 0.2,
  
  "sprint_time": 0.3,
  
  "fire_mode": [
   
    "auto",
    "burst"
    
  ],
  
  "recoil": {
    "pitch": [
      {"time": 0, "value": [0.05, 0.05]},
      {"time": 0.12, "value": [0.05, 0.05]},
      {"time": 0.3, "value": [-0.02, -0.02]},
      {"time": 0.45, "value": [0, 0]}
    ],
    "yaw": [
      {"time": 0, "value": [-0.05, 0.01]},
      {"time": 0.12, "value": [-0.05, 0.01]},
      {"time": 0.3, "value": [0, 0]}
    ]
  },
  
  "inaccuracy": {
    
    "stand": 2,
    
    "move": 4,
    
    "sneak": 1,
    
    "lie": 0.5,
   
    "aim": 0.2
  },
  "melee": {
   

    "distance": 1,
   
    "cooldown": 0.6,
    
    "default": {
    
      "animation_type": "melee_push",
   
      "distance": 1,
     
      "range_angle": 40,
    
      "cooldown": 0.2,
      
      "damage": 5,
     
      "knockback": 1,
    
      "prep": 0.1
    }
  }
}