{
  "ammo": "deep_rock_galactic:drg_generic_ammo",
  
  "ammo_amount": 14,
 
  "bolt": "open_bolt",
 
  "rpm": 500,
 
  "bullet": {
      
      
   
    "life": 65,
  
    "damage": 65,

    "speed": 400,
   
    "gravity": 0,
   "tracer_count_interval": 0,
    "knockback": 1,
   
    "friction": 0,
   
    "ignite": false,
    
    "pierce": 4,
    "extra_damage": {
      "armor_ignore": 0.5,
     
      "head_shot_multiplier": 2
     
      
    }
   
  },
 
  
  "reload": {
    
    "type": "fuel",
   
    "feed": {
    
      "empty": 1.25,
     
      "tactical": 1.25
    },
    
    "cooldown": {
      
      "empty": 2.58,
     
      "tactical": 2.58
    }
  },
 
  "draw_time": 0.35,
  
  "put_away_time": 0.4,
  
  "aim_time": 0.2,
  
  "sprint_time": 0.5,
  
  "fire_mode": [
   
    "semi"
  ],
  
 "recoil": {
    "pitch": [
      {"time": 0, "value": [0.55, 0.55]},
      {"time": 0.25, "value": [0.55, 0.55]},
      {"time": 0.5, "value": [-0.225, -0.225]},
      {"time": 0.6, "value": [0, 0]},
      {"time": 0.8, "value": [0, 0]}
    ],
    "yaw": [
      {"time": 0, "value": [-0.35, 0.15]},
      {"time": 0.5, "value": [-0.35, 0.15]},
      {"time": 0.7, "value": [0, 0]}
    ]
  },
 
  "inaccuracy": {
    
    "stand": 1,
    
    "move": 1,
    
    "sneak": 1,
    
    "lie": 0.1,
    
    "aim": 0.1
  },
  "melee": {
   

    "distance": 1,
   
    "cooldown": 0.6,
    
    "default": {
    
      "animation_type": "melee_push",
   
      "distance": 1,
     
      "range_angle": 40,
    
      "cooldown": 0.2,
      
      "damage": 5,
     
      "knockback": 1,
    
      "prep": 0.1
    }
  }
}