{
  
  "ammo": "tacz:40mm",
 
  "ammo_amount": 75,
  "bolt": "open_bolt",
 
  "rpm": 120,
 
 
  "bullet": {
   
    "life": 10,
    "bullet_amount": 2,
    "damage": 5,
    
    "speed": 80,
    
    "gravity": 0.1,
   
    "knockback": 1,
    
    "friction": 0.01,
  
    "ignite": false,
    
    "pierce": 0,

    "explosion": {
      "explode": true,
      "delay":30,
      "radius": 8,
       "damage":80
     
    },
    "extra_damage": {
		
		"armor_ignore": 1,
		
		"head_shot_multiplier": 1
		
		
	}
 
  },
 
  
 
  "reload": {
   
    "type": "fuel",
    
    "feed": {
      
      "empty": 3.5,
      
      "tactical": 3.5
    },
   
    "cooldown": {
      
      "empty": 5,
      
      "tactical": 5
    }
  },

  "draw_time": 0.35,
 
  "put_away_time": 0.4,
  
  "aim_time": 0.2,
  
  "sprint_time": 0.3,
  
  "fire_mode": [
   
    "auto"
    
  ],
  
  "recoil": {
    "pitch": [
    
      {"time": 0, "value": [1.2, 1.2]},
      {"time": 0.25, "value": [0.6, 0.6]},
      {"time": 0.45, "value": [-0.3, -0.3]},
      {"time": 0.6, "value": [0, 0]}
    ],
    "yaw": [
      {"time": 0, "value": [-0.8, -0.6]},
      {"time": 0.25, "value": [-0.9, -0.7]},
      {"time": 0.45, "value": [0, 0]}
    ]
  },
  
  "inaccuracy": {
    
    "stand": 2,
    
    "move": 4,
    
    "sneak": 1,
    
    "lie": 0.5,
   
    "aim": 0.2
  }
}