{
"model": "deep_rock_galactic:gun/40mm_geo",
"texture":  "deep_rock_galactic:gun/uv/40mm",
"slot": "deep_rock_galactic:gun/slot/40mm",
"hud":  "deep_rock_galactic:gun/hud/40mm",
"third_person_animation": "default",
"muzzle_flash": {
      
      "texture": "deep_rock_galactic:flash/common_muzzle_flash",
      
      "scale": 4
    },
    
"animation": "deep_rock_galactic:40mm",
"use_default_animation": "rifle",


"sounds": {

        "reload_empty": "deep_rock_galactic:40mm/40mm_reload_empty",
        "reload_tactical": "deep_rock_galactic:40mm/40mm_reload_tactical",
        "draw": "tacz:db_short/db_short_draw",
    "put_away": "tacz:db_short/db_short_put_away",
    "shoot": "deep_rock_galactic:40mm/40mm_shoot",
    "inspect": "deep_rock_galactic:40mm/40mm_inspect",
    "inspect_empty": "deep_rock_galactic:40mm/40mm_inspect_empty",
     "melee_push": "tacz:melee_stock/melee_stock_03",
    "melee_stock": "tacz:melee_stock/melee_stock_01"
        

    } ,
   "text_show": {
   
    "ammo_count_text_pos": {
      
      "scale": 2.5,
      
      "align": "center",
     
      "shadow": false,
      
      "color": "#78cfc4",
     
      "light": 15,
      
      "text": "%ammo_count%"
    },
    "ammo_count_text_pos2": {
   
      "scale": 0.8,
   
      "align": "center",
      
      "shadow": false,
      
      "color": "#78cfc4",
      
      "light": 15,
      
      "text": "-Ammo-"
    }
}
}