{
"model": "deep_rock_galactic:gun/lover_geo",
"texture":  "deep_rock_galactic:gun/uv/lover",
"slot": "deep_rock_galactic:gun/slot/lover",
"hud":  "deep_rock_galactic:gun/hud/lover",
"third_person_animation": "default",
    
"animation": "deep_rock_galactic:lover",
"use_default_animation": "pistol",



   
   
"sounds": {

        "reload_empty": "deep_rock_galactic:lover/lover_reload_empty",
        "reload_tactical": "deep_rock_galactic:lover/lover_reload_tactical",
        "shoot": "deep_rock_galactic:lover/lover_shoot",
        "draw": "tacz:uzi/uzi_draw",
    "put_away": "tacz:uzi/uzi_put_away",
    "inspect": "deep_rock_galactic:lover/lover_inspect",
     "inspect_empty": "deep_rock_galactic:lover/lover_inspect_empty"
        

    }
}