{
  
    
    "model": "deep_rock_galactic:gun/m1000_geo",
    "texture":  "deep_rock_galactic:gun/uv/m1000",
    "slot": "deep_rock_galactic:gun/slot/m1000",
    "hud":  "deep_rock_galactic:gun/hud/m1000",
    "third_person_animation": "default",
    "sounds": {
        "inspect": "deep_rock_galactic:m1000/m1000_inspect",
        "inspect_empty": "deep_rock_galactic:m1000/m1000_inspect_empty",
        "reload_empty": "deep_rock_galactic:m1000/m1000_reload_empty",
        "reload_tactical": "deep_rock_galactic:m1000/m1000_reload_tactical",
        "shoot": "deep_rock_galactic:m1000/m1000_shoot",
        "shoot_3p": "deep_rock_galactic:m1000/m1000_shoot_3p",
        "draw": "tacz:hk_g3/hk_g3_draw",
        "put_away": "tacz:hk_g3/hk_g3_put_away",
         "melee_push": "tacz:melee_stock/melee_stock_03",
    "melee_stock": "tacz:melee_stock/melee_stock_01"
        

    },
    "animation": "deep_rock_galactic:m1000",
    "use_default_animation": "rifle",
    "muzzle_flash": {
    "texture": "deep_rock_galactic:flash/common_muzzle_flash",
    "scale": 2
  },
  "shell": {
  "initial_velocity": [5, 2, 1],
  "random_velocity": [1, 1, 0.25],
  "acceleration": [0.0, -10, 0.0],
  "angular_velocity": [360, -1200, 90],
  "living_time": 1.0
},
"text_show": {
 
  "ammo_count_text_pos": {
   
    "scale": 0.65,
 
    "align": "center",
    
    "shadow": false,
    
    "color": "#78cfc4",
    
    "light": 15,
    
    "text": "%ammo_count%"
  },
  "ammo_count_text_pos2": {
   
    "scale": 0.2,
 
    "align": "center",
    
    "shadow": false,
    
    "color": "#78cfc4",
    
    "light": 15,
    
    "text": "-Ammo-"
  }
}
}


