{
"model": "deep_rock_galactic:gun/short_geo",
"texture":  "deep_rock_galactic:gun/uv/short",
"slot": "deep_rock_galactic:gun/slot/short",
"hud":  "deep_rock_galactic:gun/hud/short",
"third_person_animation": "default",
"muzzle_flash": {
      
      "texture": "deep_rock_galactic:flash/common_muzzle_flash",
      
      "scale": 2
    },
    
"animation": "deep_rock_galactic:short",
"use_default_animation": "rifle",


"sounds": {

        "reload_empty": "deep_rock_galactic:short/short_reload_empty",
        "reload_tactical": "deep_rock_galactic:short/short_reload_tactical",
        "draw": "tacz:db_short/db_short_draw",
    "put_away": "tacz:db_short/db_short_put_away",
    "shoot": "tacz:db_short/db_shoot",
    "shoot_3p": "tacz:db_short/db_shoot_3p",
     "inspect": "deep_rock_galactic:voltaic/voltaic_inspect",
      "melee_push": "tacz:melee_stock/melee_stock_03",
    "melee_stock": "tacz:melee_stock/melee_stock_01"
        

    } ,
   "text_show": {
   
    "ammo_count_text_pos": {
      
      "scale": 1.2,
      
      "align": "center",
     
      "shadow": false,
      
      "color": "#78cfc4",
     
      "light": 15,
      
      "text": "%ammo_count%"
    },
    "ammo_count_text_pos2": {
   
      "scale": 0.4,
   
      "align": "center",
      
      "shadow": false,
      
      "color": "#78cfc4",
      
      "light": 15,
      
      "text": "-Ammo-"
    }
}
}