{
"model": "deep_rock_galactic:gun/subata_geo",
"texture":  "deep_rock_galactic:gun/uv/subata",
"slot": "deep_rock_galactic:gun/slot/subata",
"hud":  "deep_rock_galactic:gun/hud/subata",
"third_person_animation": "default",
"muzzle_flash": {
      
      "texture": "deep_rock_galactic:flash/BL",
      
      "scale": 1
    },
    "ammo":{
    "tracer_color":"#00FFFF"
  },
    
"animation": "deep_rock_galactic:subata",
"use_default_animation": "rifle",
"text_show": {
   
    "ammo_count_text_pos": {
      
      "scale": 1.5,
      
      "align": "center",
     
      "shadow": false,
      
      "color": "#78cfc4",
     
      "light": 15,
      
      "text": "%ammo_count%"
    },
    "ammo_count_text_pos2": {
   
        "scale": 0.75,
     
        "align": "center",
        
        "shadow": false,
        
        "color": "#78cfc4",
        
        "light": 15,
        
        "text": "-Ammo-"
      }
   
} ,
"shell": {
 
  "initial_velocity": [5, 2, 1],
  
  "random_velocity": [1, 1, 0.25],
 
  "acceleration": [0.0, -10, 0.0],
  
  "angular_velocity": [360, -1200, 90],

  "living_time": 1.0
},
"sounds": {

        "reload_empty": "deep_rock_galactic:subata/subata_reload_empty",
        "reload_tactical": "deep_rock_galactic:subata/subata_reload_tactical",
        "inspect": "deep_rock_galactic:subata/subata_inspect",
        "shoot": "tacz:glock_17/glock17_shoot",
        "shoot_3p": "tacz:glock_17/glock17_shoot_3p",
        "draw": "tacz:glock_17/glock17_draw",
    "put_away": "tacz:ump45/ump45_put_away"
        

    }
}