{
"model": "deep_rock_galactic:gun/voltaic_geo",
"texture":  "deep_rock_galactic:gun/uv/voltaic",
"slot": "deep_rock_galactic:gun/slot/voltaic",
"hud":  "deep_rock_galactic:gun/hud/voltaic",
"third_person_animation": "default",
"muzzle_flash": {
      
      "texture": "deep_rock_galactic:flash/common_muzzle_flash",
      
      "scale": 1
    },
    "ammo":{
    "tracer_color":"#00FFFF"
  },
    
"animation": "deep_rock_galactic:voltaic",
"use_default_animation": "rifle",
"text_show": {
   
    "ammo_count_text_pos": {
      
      "scale": 0.95,
      
      "align": "center",
     
      "shadow": false,
      
      "color": "#78cfc4",
     
      "light": 15,
      
      "text": "%ammo_count%"
    },
    "ammo_count_text_pos2": {
   
        "scale": 0.25,
     
        "align": "center",
        
        "shadow": false,
        
        "color": "#78cfc4",
        
        "light": 15,
        
        "text": "-Ammo-"
      }
   
} ,
"sounds": {

        "reload_empty": "deep_rock_galactic:voltaic/voltaic_reload_empty",
        "reload_tactical": "deep_rock_galactic:voltaic/voltaic_reload_tactical",
        "shoot": "deep_rock_galactic:voltaic/voltaic_shoot",
        "shoot_3p": "deep_rock_galactic:voltaic/voltaic_shoot_3p",
        "draw": "tacz:uzi/uzi_draw",
    "put_away": "tacz:uzi/uzi_put_away",
    "inspect": "deep_rock_galactic:voltaic/voltaic_inspect"
        

    },
    "shell": {
        
        "initial_velocity": [5, 2, 1],
       
        "random_velocity": [1, 1, 0.25],
       
        "acceleration": [0.0, -10, 0.0],
        
        "angular_velocity": [360, -1200, 90],
        
        "living_time": 1.0
    }
}