{
	"format_version": "1.8.0",
	"animations": {
		"static_idle": {
			"loop": true,
			"bones": {
				"right": {
					"rotation": [85.0931, 10.95762, -179.02942],
					"position": [-6.95, -6.1, 7.825],
					"scale": [1, 1.5, 1]
				},
				"left": {
					"rotation": [97.71367, -28.38348, -133.66356],
					"position": [7.53, -6.15, -1.57],
					"scale": [1, 1.5, 1]
				},
				"constraint": {
					"rotation": [0.15, 0.15, 0.15],
					"position": [0.15, 0.15, 0.3]
				}
			}
		},
		"shoot": {
			"animation_length": 0.75,
			"bones": {
				"root": {
					"rotation": {
						"0.0": {
							"post": [0, 0, 0],
							"lerp_mode": "catmullrom"
						},
						"0.0417": {
							"post": [-2.46953, 0, 1.3],
							"lerp_mode": "catmullrom"
						},
						"0.125": {
							"post": [-0.86953, 0, -0.815],
							"lerp_mode": "catmullrom"
						},
						"0.1667": {
							"post": [-0.125, 0, 0.48281],
							"lerp_mode": "catmullrom"
						},
						"0.25": {
							"post": [0.01641, 0.00036, -0.76172],
							"lerp_mode": "catmullrom"
						},
						"0.3333": {
							"post": [0.3, 0, 0.175],
							"lerp_mode": "catmullrom"
						},
						"0.4583": {
							"post": [0.37485, -0.36189, -0.1543],
							"lerp_mode": "catmullrom"
						},
						"0.5833": {
							"post": [0.24996, -0.05436, 0.27499],
							"lerp_mode": "catmullrom"
						},
						"0.7083": {
							"post": [-0.01, 0, -0.03],
							"lerp_mode": "catmullrom"
						}
					},
					"position": {
						"0.0": {
							"post": [0, 0, 0],
							"lerp_mode": "catmullrom"
						},
						"0.0417": {
							"post": [0, 0.03, 2.2875],
							"lerp_mode": "catmullrom"
						},
						"0.0833": {
							"post": [0, -0.05469, 0.40656],
							"lerp_mode": "catmullrom"
						},
						"0.1667": {
							"post": [0, -0.15156, -0.32109],
							"lerp_mode": "catmullrom"
						},
						"0.4167": {
							"post": [0, -0.06, 0.02],
							"lerp_mode": "catmullrom"
						},
						"0.5": {
							"post": [0, 0, 0],
							"lerp_mode": "catmullrom"
						},
						"0.625": [0, 0, 0],
						"0.75": [0, 0, 0]
					}
				},
				"camera": {
					"rotation": {
						"0.0": {
							"post": [0, 0, 0],
							"lerp_mode": "catmullrom"
						},
						"0.0417": {
							"post": [0, 0, -1.675],
							"lerp_mode": "catmullrom"
						},
						"0.0833": {
							"post": [0, 0, 1.1],
							"lerp_mode": "catmullrom"
						},
						"0.125": {
							"post": [0, 0, -1],
							"lerp_mode": "catmullrom"
						},
						"0.2083": {
							"post": [0, 0, 0.55],
							"lerp_mode": "catmullrom"
						},
						"0.2917": {
							"post": [0, 0, -0.15],
							"lerp_mode": "catmullrom"
						},
						"0.375": {
							"post": [0, 0, 0],
							"lerp_mode": "catmullrom"
						}
					}
				}
			}
		},
		"bolt": {
			"animation_length": 0.8333,
			"bones": {
				"right": {
					"rotation": [85.0931, 10.95762, -179.02942],
					"position": [-6.95, -6.1, 7.825],
					"scale": [1, 1.5, 1]
				},
				"left": {
					"rotation": {
						"0.0": [97.71367, -28.38348, -133.66356],
						"0.25": [117.73533, 28.67711, -126.25006],
						"0.4583": [117.74, 28.68, -126.25],
						"0.625": [97.71367, -28.38348, -133.66356]
					},
					"position": {
						"0.0": [7.53, -6.15, -1.57],
						"0.25": [17.53, -17.15, 9.43],
						"0.4583": [15.67325, -8.55828, 28.07765],
						"0.6667": [7.53, -6.15, -1.57]
					},
					"scale": {
						"0.0": [1, 1.5, 1],
						"0.125": {
							"pre": [1, 1.5, 1],
							"post": [0, 0, 0]
						},
						"0.5417": {
							"pre": [0, 0, 0],
							"post": [1, 1.5, 1]
						}
					}
				},
				"root": {
					"rotation": {
						"0.0": [0, 0, 0],
						"0.0833": {
							"pre": [-12.2175, 2.25, 0],
							"post": [-12.2175, 2.25, 0],
							"lerp_mode": "catmullrom"
						},
						"0.2083": {
							"post": [18.1875, 13.1875, 0],
							"lerp_mode": "catmullrom"
						},
						"0.375": {
							"post": [-90, 10, 0],
							"lerp_mode": "catmullrom"
						},
						"0.5417": {
							"post": [-24.375, 1, 0],
							"lerp_mode": "catmullrom"
						},
						"0.6667": {
							"post": [-5.0625, 1, 0],
							"lerp_mode": "catmullrom"
						},
						"0.7083": {
							"post": [0, 0, 0],
							"lerp_mode": "catmullrom"
						},
						"0.8333": [0, 0, 0]
					},
					"position": {
						"0.0": [0, 0, 0],
						"0.0833": {
							"pre": [-2.375, -5, 0],
							"post": [-2.375, -5, 0],
							"lerp_mode": "catmullrom"
						},
						"0.1667": {
							"post": [-5.5, -7, -4.6875],
							"lerp_mode": "catmullrom"
						},
						"0.25": {
							"post": [-6.6725, -2.53, -6.3475],
							"lerp_mode": "catmullrom"
						},
						"0.375": {
							"post": [-6.8125, 7.07, -5.21],
							"lerp_mode": "catmullrom"
						},
						"0.5": {
							"post": [-4.07, 3.08, -2.3],
							"lerp_mode": "catmullrom"
						},
						"0.5833": {
							"post": [-1.125, -0.0625, -0.5625],
							"lerp_mode": "catmullrom"
						},
						"0.6667": {
							"post": [-0.03, -0.625, -0.27],
							"lerp_mode": "catmullrom"
						},
						"0.8333": [0, 0, 0]
					}
				},
				"gun": {
					"rotation": {
						"0.0833": [0, 0, 0],
						"0.2083": {
							"pre": [-86.0425, 0, 0],
							"post": [-86.0425, 0, 0],
							"lerp_mode": "catmullrom"
						},
						"0.375": {
							"post": [-193.2375, 0, 0],
							"lerp_mode": "catmullrom"
						},
						"0.4583": {
							"post": [-264.3775, 0, 0],
							"lerp_mode": "catmullrom"
						},
						"0.5": {
							"post": [-308.5225, 0, 0],
							"lerp_mode": "catmullrom"
						},
						"0.5417": [-360, 0, 0]
					}
				},
				"lever": {
					"rotation": {
						"0.0": [0, 0, 0],
						"0.0833": [0, 0, 0],
						"0.2083": {
							"pre": [-113.3125, 0, 0],
							"post": [-113.3125, 0, 0],
							"lerp_mode": "catmullrom"
						},
						"0.3333": {
							"post": [-247.85, 0, 0],
							"lerp_mode": "catmullrom"
						},
						"0.4583": {
							"post": [-329.1675, 0, 0],
							"lerp_mode": "catmullrom"
						},
						"0.5417": [-360, 0, 0]
					}
				},
				"bolt": {
					"position": {
						"0.0": [0, 0, 0],
						"0.1667": [0, 0, 0],
						"0.2917": [0, 0, 2.75],
						"0.4583": [0, 0, 2.75],
						"0.5417": [0, 0, 0]
					}
				},
				"camera": {
					"rotation": {
						"0.0": {
							"post": [0, 0, 0],
							"lerp_mode": "catmullrom"
						},
						"0.0833": {
							"post": [1.06, 0, 0.5],
							"lerp_mode": "catmullrom"
						},
						"0.2083": {
							"post": [0.25, 0, -0.25],
							"lerp_mode": "catmullrom"
						},
						"0.375": {
							"post": [-0.75, 0, 0],
							"lerp_mode": "catmullrom"
						},
						"0.5": {
							"post": [-0.75, 0, 0],
							"lerp_mode": "catmullrom"
						},
						"0.5833": {
							"post": [-0.39, 0, -0.4375],
							"lerp_mode": "catmullrom"
						},
						"0.6667": {
							"post": [-0.295, 0, 0.1875],
							"lerp_mode": "catmullrom"
						},
						"0.75": {
							"post": [0.01, 0, 0.2],
							"lerp_mode": "catmullrom"
						},
						"0.8333": {
							"post": [0, 0, 0],
							"lerp_mode": "catmullrom"
						}
					}
				},
				"gun_body": {
					"position": {
						"0.0": [0, 0, 0],
						"0.0833": {
							"pre": [0, 0, 0],
							"post": [0, 0, 0],
							"lerp_mode": "catmullrom"
						},
						"0.125": {
							"post": [0, 1.75, 1.25],
							"lerp_mode": "catmullrom"
						},
						"0.1667": {
							"post": [0, 2.75, 3.25],
							"lerp_mode": "catmullrom"
						},
						"0.2083": {
							"post": [1, 2.75, 7.25],
							"lerp_mode": "catmullrom"
						},
						"0.25": {
							"post": [1, -0.25, 10.25],
							"lerp_mode": "catmullrom"
						},
						"0.2917": {
							"post": [1, -6.25, 8.25],
							"lerp_mode": "catmullrom"
						},
						"0.3333": {
							"post": [1, -7.25, 3.25],
							"lerp_mode": "catmullrom"
						},
						"0.375": {
							"post": [1, -7.25, -0.75],
							"lerp_mode": "catmullrom"
						},
						"0.4167": {
							"post": [1, -4.5, -2.75],
							"lerp_mode": "catmullrom"
						},
						"0.4583": {
							"post": [1, -1.5, -3.75],
							"lerp_mode": "catmullrom"
						},
						"0.5": {
							"post": [1, 1.5, -2.75],
							"lerp_mode": "catmullrom"
						},
						"0.5417": {
							"post": [0.5, 0.5, -0.75],
							"lerp_mode": "catmullrom"
						},
						"0.5833": [0, 0, 0],
						"0.75": [0, 0, 0]
					}
				},
				"bullet_shell": {
					"rotation": {
						"0.2917": [0, 0, 0],
						"0.5833": [0, 360, 0]
					},
					"position": {
						"0.2917": [0, 0, 0],
						"0.3333": [-5.36999, -2.02196, -0.3839],
						"0.375": [-10.3473, -2.34728, 0.20102],
						"0.4167": [-15.03173, -0.93061, -0.87993],
						"0.4583": [-20, -0.86193, -0.50703],
						"0.5": [-23.49196, -3.72863, 1.03596],
						"0.5417": [-27.12217, -6.11149, 6.37508],
						"0.5833": [-29.10289, -9.37115, 7.20289]
					}
				},
				"constraint": {
					"rotation": [1, 1, 1],
					"position": [1, 1, 1]
				}
			}
		},
		"draw": {
			"loop": "hold_on_last_frame",
			"animation_length": 0.7083,
			"bones": {
				"root": {
					"rotation": {
						"0.0": [19.64807, -30.83866, 63.3425],
						"0.0833": {
							"pre": [21.19122, -14.40747, 20.59763],
							"post": [21.19122, -14.40747, 20.59763],
							"lerp_mode": "catmullrom"
						},
						"0.2083": {
							"post": [5.09, -1.2975, 0.7475],
							"lerp_mode": "catmullrom"
						},
						"0.2917": {
							"post": [0.50894, 0.01118, 0.03752],
							"lerp_mode": "catmullrom"
						},
						"0.3333": {
							"post": [-0.042, -0.4187, 0.03899],
							"lerp_mode": "catmullrom"
						},
						"0.4583": {
							"post": [0, 0, 0],
							"lerp_mode": "catmullrom"
						},
						"0.5417": {
							"post": [-0.13, 0.1, 0],
							"lerp_mode": "catmullrom"
						},
						"0.7083": {
							"post": [0, 0, 0],
							"lerp_mode": "catmullrom"
						}
					},
					"position": {
						"0.0": {
							"post": [3, -14, 0],
							"lerp_mode": "catmullrom"
						},
						"0.0417": {
							"post": [2.1, -6, 0],
							"lerp_mode": "catmullrom"
						},
						"0.1667": {
							"post": [1.5, -1.85, -0.2],
							"lerp_mode": "catmullrom"
						},
						"0.2083": {
							"post": [1.05, -1.47, -0.7],
							"lerp_mode": "catmullrom"
						},
						"0.2917": {
							"post": [0.45, -0.86, -0.6],
							"lerp_mode": "catmullrom"
						},
						"0.3333": {
							"post": [0.13, -0.35, -0.27],
							"lerp_mode": "catmullrom"
						},
						"0.4167": {
							"post": [0, 0.17, 0.17],
							"lerp_mode": "catmullrom"
						},
						"0.4583": {
							"post": [0, 0.08, -0.13],
							"lerp_mode": "catmullrom"
						},
						"0.5417": {
							"post": [0, 0, -0.28],
							"lerp_mode": "catmullrom"
						},
						"0.6667": {
							"post": [0, 0, 0],
							"lerp_mode": "catmullrom"
						}
					}
				},
				"right": {
					"rotation": [85.0931, 10.95762, -179.02942],
					"position": [-6.95, -6.1, 7.825],
					"scale": [1, 1.5, 1]
				},
				"left": {
					"rotation": [97.71367, -28.38348, -133.66356],
					"position": [7.53, -6.15, -1.57],
					"scale": [1, 1.5, 1]
				},
				"camera": {
					"rotation": {
						"0.0": {
							"post": [0, 0, 0],
							"lerp_mode": "catmullrom"
						},
						"0.0833": {
							"post": [1, 1, 0],
							"lerp_mode": "catmullrom"
						},
						"0.25": {
							"post": [1, 0, 1],
							"lerp_mode": "catmullrom"
						},
						"0.4167": {
							"post": [-1, 0, 0],
							"lerp_mode": "catmullrom"
						},
						"0.5": {
							"post": [-0.49992, 0.00873, 0.99996],
							"lerp_mode": "catmullrom"
						},
						"0.6667": {
							"post": [0, 0, 0],
							"lerp_mode": "catmullrom"
						}
					}
				}
			}
		},
		"put_away": {
			"loop": "hold_on_last_frame",
			"animation_length": 0.5,
			"bones": {
				"root": {
					"rotation": {
						"0.0": [0, 0, 0],
						"0.0417": [0, -3, 6],
						"0.1667": [-10.32567, -18.95265, 2.85131],
						"0.2083": [-13.0025, -18.04, 2.69],
						"0.2917": [-36.96, -11.63, -10.34],
						"0.4167": [-43.84, -7.53, -20.73],
						"0.5": [-47.31135, -5.75386, -28.4767]
					},
					"position": {
						"0.0": [0, 0, 0],
						"0.0417": [0, 0, 0],
						"0.1667": [1.6, 0.2, 0],
						"0.2083": [4.17, -1.16, 0],
						"0.2917": [10.63, -11.12, 1.93],
						"0.4167": [19.92, -27.81, 5.6],
						"0.5": [27.5, -44.4, 9.1]
					}
				},
				"right": {
					"rotation": [85.0931, 10.95762, -179.02942],
					"position": [-6.95, -6.1, 7.825],
					"scale": [1, 1.5, 1]
				},
				"left": {
					"rotation": [97.71367, -28.38348, -133.66356],
					"position": [7.53, -6.15, -1.57],
					"scale": [1, 1.5, 1]
				},
				"camera": {
					"rotation": {
						"0.0": [0, 0, 0],
						"0.1667": [-1.9997, 0.00061, 0.0349],
						"0.3333": [-1, -0.99878, 0.0698],
						"0.5": [0, 0, 0]
					}
				}
			}
		},
		"reload_tactical": {
			"loop": "hold_on_last_frame",
			"animation_length": 3.0417,
			"bones": {
				"right": {
					"rotation": [85.0931, 10.95762, -179.02942],
					"position": [-6.95, -6.1, 7.825],
					"scale": [1, 1.5, 1]
				},
				"left": {
					"rotation": {
						"0.0": [97.71367, -28.38348, -133.66356],
						"0.1667": [97.71367, -28.38348, -133.66356],
						"0.5833": [92.49412, -39.23975, -122.78169],
						"2.5": [92.49, -39.24, -122.78],
						"2.5833": [92.49, -39.24, -122.78],
						"2.7917": {
							"pre": [95.54, -32.91, -132.4425],
							"post": [95.54, -32.91, -132.4425],
							"lerp_mode": "catmullrom"
						},
						"2.9583": [97.71367, -28.38348, -133.66356]
					},
					"position": {
						"0.0": [7.53, -6.15, -1.57],
						"0.1667": [7.53, -6.15, -1.57],
						"0.2917": {
							"pre": [7.53, -8.02, -5.57],
							"post": [7.53, -8.02, -5.57],
							"lerp_mode": "catmullrom"
						},
						"0.5833": [7.03, -5.9, -9.57],
						"2.5": [7.03, -5.9, -9.57],
						"2.6667": [7.03, -5.9, -9.57],
						"2.7917": {
							"pre": [7.32, -8.05, -4.9625],
							"post": [7.32, -8.05, -4.9625],
							"lerp_mode": "catmullrom"
						},
						"2.9583": [7.53, -6.15, -1.57]
					},
					"scale": [1, 1.5, 1]
				},
				"constraint": {
					"rotation": [1, 1, 1],
					"position": [1, 1, 1]
				},
				"root": {
					"rotation": {
						"0.0": [0, 0, 0],
						"0.1667": {
							"pre": [2.42, -9.5675, -3.91],
							"post": [2.42, -9.5675, -3.91],
							"lerp_mode": "catmullrom"
						},
						"0.375": {
							"post": [11.37148, -54.84367, -20.91576],
							"lerp_mode": "catmullrom"
						},
						"0.625": [13.49648, -61.84367, -23.60326],
						"0.6667": [13.49648, -61.84367, -23.60326],
						"0.9167": {
							"pre": [15.23395, -69.5571, -30.91524],
							"post": [15.23395, -69.5571, -30.91524],
							"lerp_mode": "catmullrom"
						},
						"1.1667": [15.23395, -71.4321, -30.91524],
						"1.2083": [15.23395, -71.4321, -30.91524],
						"1.625": {
							"pre": [-14.2667, -61.84585, 13.3794],
							"post": [-14.2667, -61.84585, 13.3794],
							"lerp_mode": "catmullrom"
						},
						"2.125": [-17.5792, -60.53335, 21.2544],
						"2.1667": [-17.5792, -60.53335, 21.2544],
						"2.375": [-15.42495, -67.57517, 27.18192],
						"2.5417": [-15.42495, -67.57517, 27.18192],
						"2.8333": {
							"pre": [-2.705, -7.97, 2.475],
							"post": [-2.705, -7.97, 2.475],
							"lerp_mode": "catmullrom"
						},
						"3.0417": [0, 0, 0]
					},
					"position": {
						"0.0": [0, 0, 0],
						"0.125": {
							"pre": [-0.8825, -1, 0],
							"post": [-0.8825, -1, 0],
							"lerp_mode": "catmullrom"
						},
						"0.3333": {
							"post": [-5, -0.375, 0],
							"lerp_mode": "catmullrom"
						},
						"0.625": [-6, 0, 0],
						"0.6667": [-6, 0, 0],
						"0.9167": {
							"pre": [-9.375, -1.625, -1.6875],
							"post": [-9.375, -1.625, -1.6875],
							"lerp_mode": "catmullrom"
						},
						"1.1667": [-9, -2, -2],
						"1.2083": [-9, -2, -2],
						"1.625": {
							"pre": [-5.8125, 0.375, -0.3125],
							"post": [-5.8125, 0.375, -0.3125],
							"lerp_mode": "catmullrom"
						},
						"2.125": [-5, 1, 0],
						"2.1667": [-5, 1, 0],
						"2.375": {
							"pre": [-3, 1, 0],
							"post": [-3, 1, 0],
							"lerp_mode": "catmullrom"
						},
						"2.5417": {
							"post": [-3, 0.4375, 0],
							"lerp_mode": "catmullrom"
						},
						"2.7083": {
							"post": [-2.275, -2.0675, 0],
							"lerp_mode": "catmullrom"
						},
						"2.875": {
							"post": [-0.33, -0.2325, 0],
							"lerp_mode": "catmullrom"
						},
						"3.0417": [0, 0, 0]
					}
				},
				"holder_right_1": {
					"rotation": {
						"0.5833": [0, 0, 0],
						"0.625": [0, 0, -67.5],
						"3.0": [0, 0, -67.5],
						"3.0417": [0, 0, 0]
					}
				},
				"holder_left_1": {
					"rotation": {
						"0.5833": [0, 0, 0],
						"0.625": [0, 0, 67.5],
						"3.0": [0, 0, 67.5],
						"3.0417": [0, 0, 0]
					}
				},
				"holder_right_2": {
					"rotation": {
						"0.5417": [0, 0, 0],
						"0.5833": [0, 0, -67.5],
						"2.9583": [0, 0, -67.5],
						"3.0": [0, 0, 0]
					}
				},
				"holder_left_2": {
					"rotation": {
						"0.5417": [0, 0, 0],
						"0.5833": [0, 0, 67.5],
						"2.9583": [0, 0, 67.5],
						"3.0": [0, 0, 0]
					}
				},
				"holder_right_3": {
					"rotation": {
						"0.5": [0, 0, 0],
						"0.5417": [0, 0, -67.5],
						"2.9167": [0, 0, -67.5],
						"2.9583": [0, 0, 0]
					}
				},
				"holder_left_3": {
					"rotation": {
						"0.5": [0, 0, 0],
						"0.5417": [0, 0, 67.5],
						"2.9167": [0, 0, 67.5],
						"2.9583": [0, 0, 0]
					}
				},
				"holder_right_4": {
					"rotation": {
						"0.4583": [0, 0, 0],
						"0.5": [0, 0, -67.5],
						"2.875": [0, 0, -67.5],
						"2.9167": [0, 0, 0]
					}
				},
				"holder_left_4": {
					"rotation": {
						"0.4583": [0, 0, 0],
						"0.5": [0, 0, 67.5],
						"2.875": [0, 0, 67.5],
						"2.9167": [0, 0, 0]
					}
				},
				"holder_right_5": {
					"rotation": {
						"0.4167": [0, 0, 0],
						"0.4583": [0, 0, -67.5],
						"2.8333": [0, 0, -67.5],
						"2.875": [0, 0, 0]
					}
				},
				"holder_left_5": {
					"rotation": {
						"0.4167": [0, 0, 0],
						"0.4583": [0, 0, 67.5],
						"2.8333": [0, 0, 67.5],
						"2.875": [0, 0, 0]
					}
				},
				"holder_right_6": {
					"rotation": {
						"0.375": [0, 0, 0],
						"0.4167": [0, 0, -67.5],
						"2.7917": [0, 0, -67.5],
						"2.8333": [0, 0, 0]
					}
				},
				"holder_left_6": {
					"rotation": {
						"0.375": [0, 0, 0],
						"0.4167": [0, 0, 67.5],
						"2.7917": [0, 0, 67.5],
						"2.8333": [0, 0, 0]
					}
				},
				"holder_right_7": {
					"rotation": {
						"0.3333": [0, 0, 0],
						"0.375": [0, 0, -67.5],
						"2.75": [0, 0, -67.5],
						"2.7917": [0, 0, 0]
					}
				},
				"holder_left_7": {
					"rotation": {
						"0.3333": [0, 0, 0],
						"0.375": [0, 0, 67.5],
						"2.75": [0, 0, 67.5],
						"2.7917": [0, 0, 0]
					}
				},
				"holder_right_8": {
					"rotation": {
						"0.2917": [0, 0, 0],
						"0.3333": [0, 0, -67.5],
						"2.7083": [0, 0, -67.5],
						"2.75": [0, 0, 0]
					}
				},
				"holder_left_8": {
					"rotation": {
						"0.2917": [0, 0, 0],
						"0.3333": [0, 0, 67.5],
						"2.7083": [0, 0, 67.5],
						"2.75": [0, 0, 0]
					}
				},
				"mag": {
					"rotation": {
						"0.6667": [0, 0, 0],
						"0.9167": {
							"pre": [8.5625, 0, 0],
							"post": [8.5625, 0, 0],
							"lerp_mode": "catmullrom"
						},
						"1.0833": [75, 0, 0],
						"1.8333": [75, 0, 0],
						"2.1667": [0, 0, 0]
					},
					"position": {
						"0.6667": [0, 0, 0],
						"0.9167": {
							"pre": [0, -2.125, -14.5625],
							"post": [0, -2.125, -14.5625],
							"lerp_mode": "catmullrom"
						},
						"1.0833": [0, -19, -17],
						"1.8333": [0, -19, -17],
						"2.0": {
							"pre": [0, -5.5, -18],
							"post": [0, -5.5, -18],
							"lerp_mode": "catmullrom"
						},
						"2.1667": [0, 0, -17],
						"2.375": [0, 0, 0]
					}
				},
				"camera": {
					"rotation": {
						"0.0": {
							"post": [0, 0, 0],
							"lerp_mode": "catmullrom"
						},
						"0.125": {
							"post": [0.25, 0, 0],
							"lerp_mode": "catmullrom"
						},
						"0.375": {
							"post": [-1, 0, -0.5],
							"lerp_mode": "catmullrom"
						},
						"0.6667": {
							"post": [-1.03, -0.125, -0.5],
							"lerp_mode": "catmullrom"
						},
						"0.8333": {
							"post": [-1, -1, -0.5],
							"lerp_mode": "catmullrom"
						},
						"1.25": {
							"post": [-1, 0, -0.5],
							"lerp_mode": "catmullrom"
						},
						"1.7917": {
							"post": [0.5, -0.0625, 0],
							"lerp_mode": "catmullrom"
						},
						"2.125": {
							"post": [0, -1, 0.25],
							"lerp_mode": "catmullrom"
						},
						"2.4167": {
							"post": [0.75, 0.5, 2],
							"lerp_mode": "catmullrom"
						},
						"2.75": {
							"post": [0.14, 0.1325, 0],
							"lerp_mode": "catmullrom"
						},
						"3.0417": {
							"post": [0, 0, 0],
							"lerp_mode": "catmullrom"
						}
					}
				}
			}
		},
		"reload_empty": {
			"loop": "hold_on_last_frame",
			"animation_length": 3.875,
			"bones": {
				"right": {
					"rotation": [85.0931, 10.95762, -179.02942],
					"position": [-6.95, -6.1, 7.825],
					"scale": [1, 1.5, 1]
				},
				"left": {
					"rotation": {
						"0.0": [97.71367, -28.38348, -133.66356],
						"0.1667": [97.71367, -28.38348, -133.66356],
						"0.5833": [92.49412, -39.23975, -122.78169],
						"2.5": [92.49, -39.24, -122.78],
						"2.5833": [92.49, -39.24, -122.78],
						"2.9583": [117.73533, 28.67711, -126.25006],
						"3.1667": [117.74, 28.68, -126.25],
						"3.3333": [97.71367, -28.38348, -133.66356]
					},
					"position": {
						"0.0": [7.53, -6.15, -1.57],
						"0.1667": [7.53, -6.15, -1.57],
						"0.2917": {
							"pre": [7.53, -8.02, -5.57],
							"post": [7.53, -8.02, -5.57],
							"lerp_mode": "catmullrom"
						},
						"0.5833": [7.03, -5.9, -9.57],
						"2.5": [7.03, -5.9, -9.57],
						"2.6667": [7.03, -5.9, -9.57],
						"2.9583": [17.53, -17.15, 9.43],
						"3.1667": [15.67325, -8.55828, 28.07765],
						"3.375": [7.53, -6.15, -1.57]
					},
					"scale": {
						"0.0": [1, 1.5, 1],
						"2.7083": [1, 1.5, 1],
						"2.7917": {
							"pre": [1, 1.5, 1],
							"post": [0, 0, 0]
						},
						"3.25": {
							"pre": [0, 0, 0],
							"post": [1, 1.5, 1]
						}
					}
				},
				"constraint": {
					"rotation": [1, 1, 1],
					"position": [1, 1, 1]
				},
				"root": {
					"rotation": {
						"0.0": [0, 0, 0],
						"0.1667": {
							"pre": [2.42, -9.5675, -3.91],
							"post": [2.42, -9.5675, -3.91],
							"lerp_mode": "catmullrom"
						},
						"0.375": {
							"post": [11.37148, -54.84367, -20.91576],
							"lerp_mode": "catmullrom"
						},
						"0.625": [13.49648, -61.84367, -23.60326],
						"0.6667": [13.49648, -61.84367, -23.60326],
						"0.9167": {
							"pre": [15.23395, -69.5571, -30.91524],
							"post": [15.23395, -69.5571, -30.91524],
							"lerp_mode": "catmullrom"
						},
						"1.1667": [15.23395, -71.4321, -30.91524],
						"1.2083": [15.23395, -71.4321, -30.91524],
						"1.625": {
							"pre": [-14.2667, -61.84585, 13.3794],
							"post": [-14.2667, -61.84585, 13.3794],
							"lerp_mode": "catmullrom"
						},
						"2.125": [-17.5792, -60.53335, 21.2544],
						"2.1667": [-17.5792, -60.53335, 21.2544],
						"2.375": [-15.42495, -67.57517, 27.18192],
						"2.5417": [-15.42495, -67.57517, 27.18192],
						"2.7917": {
							"pre": [-12.2175, 2.25, 0],
							"post": [-12.2175, 2.25, 0],
							"lerp_mode": "catmullrom"
						},
						"2.9167": {
							"post": [18.1875, 13.1875, 0],
							"lerp_mode": "catmullrom"
						},
						"3.0833": {
							"post": [-90, 10, 0],
							"lerp_mode": "catmullrom"
						},
						"3.25": {
							"post": [-24.375, 1, 0],
							"lerp_mode": "catmullrom"
						},
						"3.375": {
							"post": [-5.0625, 1, 0],
							"lerp_mode": "catmullrom"
						},
						"3.4167": {
							"post": [0, 0, 0],
							"lerp_mode": "catmullrom"
						},
						"3.5417": [0, 0, 0]
					},
					"position": {
						"0.0": [0, 0, 0],
						"0.125": {
							"pre": [-0.8825, -1, 0],
							"post": [-0.8825, -1, 0],
							"lerp_mode": "catmullrom"
						},
						"0.3333": {
							"post": [-5, -0.375, 0],
							"lerp_mode": "catmullrom"
						},
						"0.625": [-6, 0, 0],
						"0.6667": [-6, 0, 0],
						"0.9167": {
							"pre": [-9.375, -1.625, -1.6875],
							"post": [-9.375, -1.625, -1.6875],
							"lerp_mode": "catmullrom"
						},
						"1.1667": [-9, -2, -2],
						"1.2083": [-9, -2, -2],
						"1.625": {
							"pre": [-5.8125, 0.375, -0.3125],
							"post": [-5.8125, 0.375, -0.3125],
							"lerp_mode": "catmullrom"
						},
						"2.125": [-5, 1, 0],
						"2.1667": [-5, 1, 0],
						"2.375": {
							"pre": [-3, 1, 0],
							"post": [-3, 1, 0],
							"lerp_mode": "catmullrom"
						},
						"2.5417": {
							"post": [-3, 0.4375, 0],
							"lerp_mode": "catmullrom"
						},
						"2.7083": {
							"post": [-2.375, -5, 0],
							"lerp_mode": "catmullrom"
						},
						"2.7917": {
							"post": [-5.5, -7, -4.6875],
							"lerp_mode": "catmullrom"
						},
						"2.875": {
							"post": [-6.6725, -2.53, -6.3475],
							"lerp_mode": "catmullrom"
						},
						"3.0": {
							"post": [-6.8125, 7.07, -5.21],
							"lerp_mode": "catmullrom"
						},
						"3.125": {
							"post": [-4.07, 3.08, -2.3],
							"lerp_mode": "catmullrom"
						},
						"3.2083": {
							"post": [-1.125, -0.0625, -0.5625],
							"lerp_mode": "catmullrom"
						},
						"3.2917": {
							"post": [-0.03, -0.625, -0.27],
							"lerp_mode": "catmullrom"
						},
						"3.4583": [0, 0, 0]
					}
				},
				"holder_right_1": {
					"rotation": {
						"0.5833": [0, 0, 0],
						"0.625": [0, 0, -67.5],
						"3.0": [0, 0, -67.5],
						"3.0417": [0, 0, 0]
					}
				},
				"holder_left_1": {
					"rotation": {
						"0.5833": [0, 0, 0],
						"0.625": [0, 0, 67.5],
						"3.0": [0, 0, 67.5],
						"3.0417": [0, 0, 0]
					}
				},
				"holder_right_2": {
					"rotation": {
						"0.5417": [0, 0, 0],
						"0.5833": [0, 0, -67.5],
						"2.9583": [0, 0, -67.5],
						"3.0": [0, 0, 0]
					}
				},
				"holder_left_2": {
					"rotation": {
						"0.5417": [0, 0, 0],
						"0.5833": [0, 0, 67.5],
						"2.9583": [0, 0, 67.5],
						"3.0": [0, 0, 0]
					}
				},
				"holder_right_3": {
					"rotation": {
						"0.5": [0, 0, 0],
						"0.5417": [0, 0, -67.5],
						"2.9167": [0, 0, -67.5],
						"2.9583": [0, 0, 0]
					}
				},
				"holder_left_3": {
					"rotation": {
						"0.5": [0, 0, 0],
						"0.5417": [0, 0, 67.5],
						"2.9167": [0, 0, 67.5],
						"2.9583": [0, 0, 0]
					}
				},
				"holder_right_4": {
					"rotation": {
						"0.4583": [0, 0, 0],
						"0.5": [0, 0, -67.5],
						"2.875": [0, 0, -67.5],
						"2.9167": [0, 0, 0]
					}
				},
				"holder_left_4": {
					"rotation": {
						"0.4583": [0, 0, 0],
						"0.5": [0, 0, 67.5],
						"2.875": [0, 0, 67.5],
						"2.9167": [0, 0, 0]
					}
				},
				"holder_right_5": {
					"rotation": {
						"0.4167": [0, 0, 0],
						"0.4583": [0, 0, -67.5],
						"2.8333": [0, 0, -67.5],
						"2.875": [0, 0, 0]
					}
				},
				"holder_left_5": {
					"rotation": {
						"0.4167": [0, 0, 0],
						"0.4583": [0, 0, 67.5],
						"2.8333": [0, 0, 67.5],
						"2.875": [0, 0, 0]
					}
				},
				"holder_right_6": {
					"rotation": {
						"0.375": [0, 0, 0],
						"0.4167": [0, 0, -67.5],
						"2.7917": [0, 0, -67.5],
						"2.8333": [0, 0, 0]
					}
				},
				"holder_left_6": {
					"rotation": {
						"0.375": [0, 0, 0],
						"0.4167": [0, 0, 67.5],
						"2.7917": [0, 0, 67.5],
						"2.8333": [0, 0, 0]
					}
				},
				"holder_right_7": {
					"rotation": {
						"0.3333": [0, 0, 0],
						"0.375": [0, 0, -67.5],
						"2.75": [0, 0, -67.5],
						"2.7917": [0, 0, 0]
					}
				},
				"holder_left_7": {
					"rotation": {
						"0.3333": [0, 0, 0],
						"0.375": [0, 0, 67.5],
						"2.75": [0, 0, 67.5],
						"2.7917": [0, 0, 0]
					}
				},
				"holder_right_8": {
					"rotation": {
						"0.2917": [0, 0, 0],
						"0.3333": [0, 0, -67.5],
						"2.7083": [0, 0, -67.5],
						"2.75": [0, 0, 0]
					}
				},
				"holder_left_8": {
					"rotation": {
						"0.2917": [0, 0, 0],
						"0.3333": [0, 0, 67.5],
						"2.7083": [0, 0, 67.5],
						"2.75": [0, 0, 0]
					}
				},
				"mag": {
					"rotation": {
						"0.6667": [0, 0, 0],
						"0.9167": {
							"pre": [8.5625, 0, 0],
							"post": [8.5625, 0, 0],
							"lerp_mode": "catmullrom"
						},
						"1.0833": [75, 0, 0],
						"1.8333": [75, 0, 0],
						"2.1667": [0, 0, 0]
					},
					"position": {
						"0.6667": [0, 0, 0],
						"0.9167": {
							"pre": [0, -2.125, -14.5625],
							"post": [0, -2.125, -14.5625],
							"lerp_mode": "catmullrom"
						},
						"1.0833": [0, -19, -17],
						"1.8333": [0, -19, -17],
						"2.0": {
							"pre": [0, -5.5, -18],
							"post": [0, -5.5, -18],
							"lerp_mode": "catmullrom"
						},
						"2.1667": [0, 0, -17],
						"2.375": [0, 0, 0]
					}
				},
				"gun_body": {
					"position": {
						"2.7083": [0, 0, 0],
						"2.7917": {
							"pre": [0, 0, 0],
							"post": [0, 0, 0],
							"lerp_mode": "catmullrom"
						},
						"2.8333": {
							"post": [0, 1.75, 1.25],
							"lerp_mode": "catmullrom"
						},
						"2.875": {
							"post": [0, 2.75, 3.25],
							"lerp_mode": "catmullrom"
						},
						"2.9167": {
							"post": [1, 2.75, 7.25],
							"lerp_mode": "catmullrom"
						},
						"2.9583": {
							"post": [1, -0.25, 10.25],
							"lerp_mode": "catmullrom"
						},
						"3.0": {
							"post": [1, -6.25, 8.25],
							"lerp_mode": "catmullrom"
						},
						"3.0417": {
							"post": [1, -7.25, 3.25],
							"lerp_mode": "catmullrom"
						},
						"3.0833": {
							"post": [1, -7.25, -0.75],
							"lerp_mode": "catmullrom"
						},
						"3.125": {
							"post": [1, -4.5, -2.75],
							"lerp_mode": "catmullrom"
						},
						"3.1667": {
							"post": [1, -1.5, -3.75],
							"lerp_mode": "catmullrom"
						},
						"3.2083": {
							"post": [1, 1.5, -2.75],
							"lerp_mode": "catmullrom"
						},
						"3.25": {
							"post": [0.5, 0.5, -0.75],
							"lerp_mode": "catmullrom"
						},
						"3.2917": [0, 0, 0],
						"3.4583": [0, 0, 0]
					}
				},
				"gun": {
					"rotation": {
						"2.7917": [0, 0, 0],
						"2.9167": {
							"pre": [-86.0425, 0, 0],
							"post": [-86.0425, 0, 0],
							"lerp_mode": "catmullrom"
						},
						"3.0833": {
							"post": [-193.2375, 0, 0],
							"lerp_mode": "catmullrom"
						},
						"3.1667": {
							"post": [-264.3775, 0, 0],
							"lerp_mode": "catmullrom"
						},
						"3.2083": {
							"post": [-308.5225, 0, 0],
							"lerp_mode": "catmullrom"
						},
						"3.25": [-360, 0, 0]
					}
				},
				"bolt": {
					"position": {
						"2.7083": [0, 0, 0],
						"2.875": [0, 0, 0],
						"3.0": [0, 0, 2.75],
						"3.1667": [0, 0, 2.75],
						"3.25": [0, 0, 0]
					}
				},
				"bullet_shell": {
					"rotation": {
						"3.0": [0, 0, 0],
						"3.2917": [0, 360, 0]
					},
					"position": {
						"3.0": [0, 0, 0],
						"3.0417": [-5.36999, -2.02196, -0.3839],
						"3.0833": [-10.3473, -2.34728, 0.20102],
						"3.125": [-15.03173, -0.93061, -0.87993],
						"3.1667": [-20, -0.86193, -0.50703],
						"3.2083": [-23.49196, -3.72863, 1.03596],
						"3.25": [-27.12217, -6.11149, 6.37508],
						"3.2917": [-29.10289, -9.37115, 7.20289]
					}
				},
				"lever": {
					"rotation": {
						"2.7083": [0, 0, 0],
						"2.7917": [0, 0, 0],
						"2.9167": {
							"pre": [-113.3125, 0, 0],
							"post": [-113.3125, 0, 0],
							"lerp_mode": "catmullrom"
						},
						"3.0417": {
							"post": [-247.85, 0, 0],
							"lerp_mode": "catmullrom"
						},
						"3.1667": {
							"post": [-329.1675, 0, 0],
							"lerp_mode": "catmullrom"
						},
						"3.25": [-360, 0, 0]
					}
				},
				"camera": {
					"rotation": {
						"0.0": {
							"post": [0, 0, 0],
							"lerp_mode": "catmullrom"
						},
						"0.125": {
							"post": [0.25, 0, 0],
							"lerp_mode": "catmullrom"
						},
						"0.375": {
							"post": [-1, 0, -0.5],
							"lerp_mode": "catmullrom"
						},
						"0.6667": {
							"post": [-1.03, -0.125, -0.5],
							"lerp_mode": "catmullrom"
						},
						"0.8333": {
							"post": [-1, -1, -0.5],
							"lerp_mode": "catmullrom"
						},
						"1.25": {
							"post": [-1, 0, -0.5],
							"lerp_mode": "catmullrom"
						},
						"1.7917": {
							"post": [0.5, -0.0625, 0],
							"lerp_mode": "catmullrom"
						},
						"2.125": {
							"post": [0, -1, 0.25],
							"lerp_mode": "catmullrom"
						},
						"2.4167": {
							"post": [0.75, 0.5, 2],
							"lerp_mode": "catmullrom"
						},
						"2.7917": {
							"post": [1.06, 0, 0.5],
							"lerp_mode": "catmullrom"
						},
						"2.9167": {
							"post": [0.25, 0, -0.25],
							"lerp_mode": "catmullrom"
						},
						"3.0833": {
							"post": [-0.75, 0, 0],
							"lerp_mode": "catmullrom"
						},
						"3.2083": {
							"post": [-0.75, 0, 0],
							"lerp_mode": "catmullrom"
						},
						"3.2917": {
							"post": [-0.39, 0, -0.4375],
							"lerp_mode": "catmullrom"
						},
						"3.375": {
							"post": [-0.295, 0, 0.1875],
							"lerp_mode": "catmullrom"
						},
						"3.4583": {
							"post": [0.01, 0, 0.2],
							"lerp_mode": "catmullrom"
						},
						"3.5417": {
							"post": [0, 0, 0],
							"lerp_mode": "catmullrom"
						}
					}
				}
			}
		},
		"inspect": {
			"animation_length": 4.5833,
			"bones": {
				"right": {
					"rotation": [85.0931, 10.95762, -179.02942],
					"position": [-6.95, -6.1, 7.825],
					"scale": [1, 1.5, 1]
				},
				"left": {
					"rotation": {
						"0.0": [97.71367, -28.38348, -133.66356],
						"0.375": [124.32086, 6.35693, -129.21934],
						"3.7083": [124.32086, 6.35693, -129.21934],
						"4.5": [97.71367, -28.38348, -133.66356]
					},
					"position": {
						"0.0": [7.53, -6.15, -1.57],
						"0.375": [17.53, -17.15, 9.43],
						"3.7083": [17.53, -17.15, 9.43],
						"4.5": [7.53, -6.15, -1.57]
					},
					"scale": [1, 1.5, 1]
				},
				"constraint": {
					"rotation": [0.15, 0.15, 0.15],
					"position": [0.15, 0.15, 0.3]
				},
				"root": {
					"rotation": {
						"0.0": {
							"post": [0, 0, 0],
							"lerp_mode": "catmullrom"
						},
						"0.2083": {
							"post": [-15.30902, -2.26482, -10.8535],
							"lerp_mode": "catmullrom"
						},
						"0.2917": {
							"post": [-19.87196, -3.17785, -17.95906],
							"lerp_mode": "catmullrom"
						},
						"0.4167": {
							"post": [-21.02, -3.65, -14.43],
							"lerp_mode": "catmullrom"
						},
						"0.5": {
							"post": [-22.61825, -4.52968, -16.70733],
							"lerp_mode": "catmullrom"
						},
						"0.6667": {
							"post": [-22.75, -4.41, -17.665],
							"lerp_mode": "catmullrom"
						},
						"0.8333": {
							"post": [-22.62, -4.53, -17.96],
							"lerp_mode": "catmullrom"
						},
						"1.0417": {
							"post": [-21.83419, -7.56045, -25.65573],
							"lerp_mode": "catmullrom"
						},
						"1.25": {
							"post": [-21.78, -7.76, -26.34],
							"lerp_mode": "catmullrom"
						},
						"1.5": {
							"post": [-21.78, -7.74, -26.81],
							"lerp_mode": "catmullrom"
						},
						"1.7083": {
							"post": [-21.8, -7.68, -27.385],
							"lerp_mode": "catmullrom"
						},
						"2.0": {
							"post": [-21.83419, -7.56045, -25.65573],
							"lerp_mode": "catmullrom"
						},
						"2.0833": {
							"post": [-21.83419, -7.56045, -14.65573],
							"lerp_mode": "catmullrom"
						},
						"2.2917": {
							"post": [-24.9445, 7.90002, 43.15984],
							"lerp_mode": "catmullrom"
						},
						"2.4167": {
							"post": [-24.9445, 7.90002, 59.65984],
							"lerp_mode": "catmullrom"
						},
						"2.5417": {
							"post": [-24.95, 7.88, 61.47],
							"lerp_mode": "catmullrom"
						},
						"2.6667": {
							"post": [-24.96, 7.86, 60.99],
							"lerp_mode": "catmullrom"
						},
						"2.9167": {
							"post": [-25, 7.75, 61.77],
							"lerp_mode": "catmullrom"
						},
						"3.1667": {
							"post": [-24.9445, 7.90002, 61.65984],
							"lerp_mode": "catmullrom"
						},
						"3.3333": {
							"post": [-24.22873, 9.9815, 70.7622],
							"lerp_mode": "catmullrom"
						},
						"3.5833": {
							"post": [-24.16, 10.35, 71.62],
							"lerp_mode": "catmullrom"
						},
						"3.8333": {
							"post": [-23.86, 10.06, 70.09],
							"lerp_mode": "catmullrom"
						},
						"4.0": {
							"post": [-21.22873, 8.4815, 60.2622],
							"lerp_mode": "catmullrom"
						},
						"4.1667": {
							"post": [-2.67436, -2.84081, 26.11685],
							"lerp_mode": "catmullrom"
						},
						"4.2917": {
							"post": [2.37, -2.9, 0.4],
							"lerp_mode": "catmullrom"
						},
						"4.4167": {
							"post": [0, 0, 1.25],
							"lerp_mode": "catmullrom"
						},
						"4.5": {
							"post": [0, 0, 0.5],
							"lerp_mode": "catmullrom"
						},
						"4.5833": {
							"post": [0, 0, 0],
							"lerp_mode": "catmullrom"
						}
					},
					"position": {
						"0.0": {
							"post": [0, 0, 0],
							"lerp_mode": "catmullrom"
						},
						"0.2083": {
							"post": [0.34, 0.6, -1.65],
							"lerp_mode": "catmullrom"
						},
						"0.2917": {
							"post": [0.67385, 0.3, -0.8],
							"lerp_mode": "catmullrom"
						},
						"0.4583": {
							"post": [0.67385, 0.4, -1],
							"lerp_mode": "catmullrom"
						},
						"2.0417": {
							"post": [0.67385, 0.39886, -0.7],
							"lerp_mode": "catmullrom"
						},
						"2.4167": {
							"post": [-1.07086, -0.3546, -1.4],
							"lerp_mode": "catmullrom"
						},
						"3.9583": {
							"post": [-1.07086, -0.3546, -1.4],
							"lerp_mode": "catmullrom"
						},
						"4.2917": {
							"post": [0, -0.3, -0.7],
							"lerp_mode": "catmullrom"
						},
						"4.4583": {
							"post": [0.1, 0, 0.3],
							"lerp_mode": "catmullrom"
						},
						"4.5417": {
							"post": [0, 0, 0],
							"lerp_mode": "catmullrom"
						}
					}
				},
				"camera": {
					"rotation": {
						"0.0": {
							"post": [0, 0, 0],
							"lerp_mode": "catmullrom"
						},
						"0.2917": {
							"post": [-1.5, 0.25, 0],
							"lerp_mode": "catmullrom"
						},
						"0.8333": {
							"post": [-1.5, 0.25, 0],
							"lerp_mode": "catmullrom"
						},
						"1.1667": {
							"post": [-1, 0.25, 0],
							"lerp_mode": "catmullrom"
						},
						"2.0": {
							"post": [-1, 0, 0],
							"lerp_mode": "catmullrom"
						},
						"2.5": {
							"post": [0, -0.5, 0],
							"lerp_mode": "catmullrom"
						},
						"3.1667": {
							"post": [0, -0.5, 0],
							"lerp_mode": "catmullrom"
						},
						"3.5": {
							"post": [0.5, -0.5, 0],
							"lerp_mode": "catmullrom"
						},
						"4.0833": {
							"post": [0.5, -0.5, 0],
							"lerp_mode": "catmullrom"
						},
						"4.5833": {
							"post": [0, 0, 0],
							"lerp_mode": "catmullrom"
						}
					}
				}
			}
		},
		"inspect_empty": {
			"animation_length": 4.5833,
			"bones": {
				"right": {
					"rotation": [85.0931, 10.95762, -179.02942],
					"position": [-6.95, -6.1, 7.825],
					"scale": [1, 1.5, 1]
				},
				"left": {
					"rotation": {
						"0.0": [97.71367, -28.38348, -133.66356],
						"0.375": [124.32086, 6.35693, -129.21934],
						"3.7083": [124.32086, 6.35693, -129.21934],
						"4.5": [97.71367, -28.38348, -133.66356]
					},
					"position": {
						"0.0": [7.53, -6.15, -1.57],
						"0.375": [17.53, -17.15, 9.43],
						"3.7083": [17.53, -17.15, 9.43],
						"4.5": [7.53, -6.15, -1.57]
					},
					"scale": [1, 1.5, 1]
				},
				"constraint": {
					"rotation": [0.15, 0.15, 0.15],
					"position": [0.15, 0.15, 0.3]
				},
				"root": {
					"rotation": {
						"0.0": {
							"post": [0, 0, 0],
							"lerp_mode": "catmullrom"
						},
						"0.2083": {
							"post": [-15.30902, -2.26482, -10.8535],
							"lerp_mode": "catmullrom"
						},
						"0.2917": {
							"post": [-19.87196, -3.17785, -17.95906],
							"lerp_mode": "catmullrom"
						},
						"0.4167": {
							"post": [-21.02, -3.65, -14.43],
							"lerp_mode": "catmullrom"
						},
						"0.5": {
							"post": [-22.61825, -4.52968, -16.70733],
							"lerp_mode": "catmullrom"
						},
						"0.6667": {
							"post": [-22.75, -4.41, -17.665],
							"lerp_mode": "catmullrom"
						},
						"0.8333": {
							"post": [-22.62, -4.53, -17.96],
							"lerp_mode": "catmullrom"
						},
						"1.0417": {
							"post": [-21.83419, -7.56045, -25.65573],
							"lerp_mode": "catmullrom"
						},
						"1.25": {
							"post": [-21.78, -7.76, -26.34],
							"lerp_mode": "catmullrom"
						},
						"1.5": {
							"post": [-21.78, -7.74, -26.81],
							"lerp_mode": "catmullrom"
						},
						"1.7083": {
							"post": [-21.8, -7.68, -27.385],
							"lerp_mode": "catmullrom"
						},
						"2.0": {
							"post": [-21.83419, -7.56045, -25.65573],
							"lerp_mode": "catmullrom"
						},
						"2.0833": {
							"post": [-21.83419, -7.56045, -14.65573],
							"lerp_mode": "catmullrom"
						},
						"2.2917": {
							"post": [-24.9445, 7.90002, 43.15984],
							"lerp_mode": "catmullrom"
						},
						"2.4167": {
							"post": [-24.9445, 7.90002, 59.65984],
							"lerp_mode": "catmullrom"
						},
						"2.5417": {
							"post": [-24.95, 7.88, 61.47],
							"lerp_mode": "catmullrom"
						},
						"2.6667": {
							"post": [-24.96, 7.86, 60.99],
							"lerp_mode": "catmullrom"
						},
						"2.9167": {
							"post": [-25, 7.75, 61.77],
							"lerp_mode": "catmullrom"
						},
						"3.1667": {
							"post": [-24.9445, 7.90002, 61.65984],
							"lerp_mode": "catmullrom"
						},
						"3.3333": {
							"post": [-24.22873, 9.9815, 70.7622],
							"lerp_mode": "catmullrom"
						},
						"3.5833": {
							"post": [-24.16, 10.35, 71.62],
							"lerp_mode": "catmullrom"
						},
						"3.8333": {
							"post": [-23.86, 10.06, 70.09],
							"lerp_mode": "catmullrom"
						},
						"4.0": {
							"post": [-21.22873, 8.4815, 60.2622],
							"lerp_mode": "catmullrom"
						},
						"4.1667": {
							"post": [-2.67436, -2.84081, 26.11685],
							"lerp_mode": "catmullrom"
						},
						"4.2917": {
							"post": [2.37, -2.9, 0.4],
							"lerp_mode": "catmullrom"
						},
						"4.4167": {
							"post": [0, 0, 1.25],
							"lerp_mode": "catmullrom"
						},
						"4.5": {
							"post": [0, 0, 0.5],
							"lerp_mode": "catmullrom"
						},
						"4.5833": {
							"post": [0, 0, 0],
							"lerp_mode": "catmullrom"
						}
					},
					"position": {
						"0.0": {
							"post": [0, 0, 0],
							"lerp_mode": "catmullrom"
						},
						"0.2083": {
							"post": [0.34, 0.6, -1.65],
							"lerp_mode": "catmullrom"
						},
						"0.2917": {
							"post": [0.67385, 0.3, -0.8],
							"lerp_mode": "catmullrom"
						},
						"0.4583": {
							"post": [0.67385, 0.4, -1],
							"lerp_mode": "catmullrom"
						},
						"2.0417": {
							"post": [0.67385, 0.39886, -0.7],
							"lerp_mode": "catmullrom"
						},
						"2.4167": {
							"post": [-1.07086, -0.3546, -1.4],
							"lerp_mode": "catmullrom"
						},
						"3.9583": {
							"post": [-1.07086, -0.3546, -1.4],
							"lerp_mode": "catmullrom"
						},
						"4.2917": {
							"post": [0, -0.3, -0.7],
							"lerp_mode": "catmullrom"
						},
						"4.4583": {
							"post": [0.1, 0, 0.3],
							"lerp_mode": "catmullrom"
						},
						"4.5417": {
							"post": [0, 0, 0],
							"lerp_mode": "catmullrom"
						}
					}
				},
				"camera": {
					"rotation": {
						"0.0": {
							"post": [0, 0, 0],
							"lerp_mode": "catmullrom"
						},
						"0.2917": {
							"post": [-1.5, 0.25, 0],
							"lerp_mode": "catmullrom"
						},
						"0.8333": {
							"post": [-1.5, 0.25, 0],
							"lerp_mode": "catmullrom"
						},
						"1.1667": {
							"post": [-1, 0.25, 0],
							"lerp_mode": "catmullrom"
						},
						"2.0": {
							"post": [-1, 0, 0],
							"lerp_mode": "catmullrom"
						},
						"2.5": {
							"post": [0, -0.5, 0],
							"lerp_mode": "catmullrom"
						},
						"3.1667": {
							"post": [0, -0.5, 0],
							"lerp_mode": "catmullrom"
						},
						"3.5": {
							"post": [0.5, -0.5, 0],
							"lerp_mode": "catmullrom"
						},
						"4.0833": {
							"post": [0.5, -0.5, 0],
							"lerp_mode": "catmullrom"
						},
						"4.5833": {
							"post": [0, 0, 0],
							"lerp_mode": "catmullrom"
						}
					}
				}
			}
		}
	}
}