{
	"format_version": "1.8.0",
	"animations": {
		"static_idle": {
			"loop": true,
			"bones": {
				"right": {
					"rotation": [97.52832, -355.04288, -179.34574],
					"position": [-6.8, -7, 7],
					"scale": [1, 1.5, 1]
				},
				"left": {
					"rotation": [104.41741, -8.06723, -198.01172],
					"position": [7.4, -7.3, -2.3],
					"scale": [1, 1.5, 1]
				},
				"constraint": {
					"rotation": [0.15, 0.15, 0.15],
					"position": [0.15, 0.15, 0.25]
				}
			}
		},
		"static_bolt_caught": {
			"loop": true,
			"bones": {
				"right": {
					"rotation": [97.52832, -355.04288, -179.34574],
					"position": [-6.8, -7, 7],
					"scale": [1, 1.5, 1]
				},
				"left": {
					"rotation": [104.41741, -8.06723, -198.01172],
					"position": [7.4, -7.3, -2.3],
					"scale": [1, 1.5, 1]
				},
				"constraint": {
					"rotation": [0.15, 0.15, 0.15],
					"position": [0.15, 0.15, 0.25]
				},
				"bolt_main": {
					"position": [0, 0, 2]
				}
			}
		},
		"shoot": {
			"animation_length": 1.125,
			"bones": {
				"root": {
					"rotation": {
						"0.0": [0, 0, 0],
						"0.0417": [-0.586, 0.022, -0.92],
						"0.0833": [-0.273, 0.009, 0.812],
						"0.125": [-0.014, 0.047, 1.048],
						"0.1667": [0.228, 0.118, 0.927],
						"0.2083": [0.343, 0.179, 0.353],
						"0.25": [0.339, 0.226, -0.463],
						"0.2917": [0.129, 0.177, -0.515],
						"0.3333": [-0.064, 0.105, -0.246],
						"0.375": [-0.257, 0.034, 0.024],
						"0.4167": [-0.162, -0.071, 0.343],
						"0.4583": [-0.098, -0.04, 0.194],
						"0.5": [-0.034, -0.008, 0.045],
						"0.5417": [0.03, 0.024, -0.104],
						"0.5833": [0.078, 0.045, -0.164],
						"0.625": [0.062, 0.034, -0.075],
						"0.6667": [0.047, 0.023, 0.015],
						"0.7083": [0.031, 0.011, 0.104],
						"0.75": [0.022, 0.01, 0.058],
						"0.7917": [0.013, 0.009, 0.011],
						"0.9167": [0.003, 0.005, -0.103],
						"1.0": [0.002, 0.004, -0.077],
						"1.125": [0, 0, 0]
					},
					"position": {
						"0.0": [0, 0, 0],
						"0.0417": [0.002, 0.029, 1.064],
						"0.0833": [0.012, 0.082, 0.258],
						"0.125": [0, 0.036, 0.272],
						"0.1667": [-0.003, -0.014, 0.11],
						"0.2083": [-0.014, -0.034, 0.084],
						"0.25": [-0.009, -0.03, 0.051],
						"0.2917": [0.001, -0.014, 0.042],
						"0.3333": [0.003, 0.004, 0.034],
						"0.375": [0.016, -0.009, 0.043],
						"0.4167": [0.048, 0.015, 0.069],
						"0.4583": [0.039, 0.012, 0.057],
						"0.5": [0.03, 0.01, 0.045],
						"0.5417": [0.022, 0.007, 0.034],
						"0.5833": [-0.003, -0.006, 0.009],
						"0.625": [-0.005, -0.007, 0.007],
						"0.6667": [-0.007, -0.007, 0.006],
						"0.7083": [-0.01, -0.007, 0.005],
						"0.75": [-0.008, -0.008, 0.005],
						"0.7917": [-0.007, -0.008, 0.004],
						"0.9167": [-0.003, -0.009, 0.003],
						"1.0": [-0.003, -0.008, 0.003],
						"1.125": [0, 0, 0]
					}
				},
				"bolt": {
					"position": {
						"0.0": [0, 0, 0],
						"0.0417": [0, 0, 2.5],
						"0.0833": [0, 0, 0]
					}
				},
				"camera": {
					"rotation": {
						"0.0": [0, 0, 0],
						"0.0417": [0, 0, 0.65],
						"0.0833": [0, 0, 0.41],
						"0.125": [0, 0, -0.185],
						"0.1667": [0, 0, 0.2],
						"0.2083": [0, 0, 0]
					}
				}
			}
		},
		"draw": {
			"animation_length": 0.7083,
			"bones": {
				"right": {
					"rotation": [97.52832, -355.04288, -179.34574],
					"position": [-6.8, -7, 7],
					"scale": [1, 1.5, 1]
				},
				"left": {
					"rotation": [104.41741, -8.06723, -198.01172],
					"position": [7.4, -7.3, -2.3],
					"scale": [1, 1.5, 1]
				},
				"constraint": {
					"rotation": [0.15, 0.15, 0.15],
					"position": [0.15, 0.15, 0.25]
				},
				"root": {
					"rotation": {
						"0.0": {
							"post": [-9.61009, -56.87057, 63.98187],
							"lerp_mode": "catmullrom"
						},
						"0.2083": {
							"post": [-0.50564, -24.85404, 21.72854],
							"lerp_mode": "catmullrom"
						},
						"0.25": {
							"post": [3.25904, -15.44766, 1.21211],
							"lerp_mode": "catmullrom"
						},
						"0.3333": {
							"post": [0, -2.40625, 0],
							"lerp_mode": "catmullrom"
						},
						"0.4167": {
							"post": [0.01893, 0.98758, 1.36002],
							"lerp_mode": "catmullrom"
						},
						"0.5": {
							"post": [0.01346, -0.41108, 0.31188],
							"lerp_mode": "catmullrom"
						},
						"0.6667": {
							"post": [0, 0, 0],
							"lerp_mode": "catmullrom"
						},
						"0.7083": {
							"post": [0, 0, 0],
							"lerp_mode": "catmullrom"
						}
					},
					"position": {
						"0.0": {
							"post": [0, -7.1, -0.8],
							"lerp_mode": "catmullrom"
						},
						"0.25": {
							"post": [0.6, -1.32422, -0.8],
							"lerp_mode": "catmullrom"
						},
						"0.4167": {
							"post": [0.125, -0.22031, 0.325],
							"lerp_mode": "catmullrom"
						},
						"0.5": {
							"post": [0, -0.02734, -0.125],
							"lerp_mode": "catmullrom"
						},
						"0.6667": {
							"post": [0, 0, 0],
							"lerp_mode": "catmullrom"
						},
						"0.7083": {
							"post": [0, 0, 0],
							"lerp_mode": "catmullrom"
						}
					}
				},
				"camera": {
					"rotation": {
						"0.0": {
							"post": [0, 0, 0],
							"lerp_mode": "catmullrom"
						},
						"0.0833": {
							"post": [0.3, -0.125, 0.2],
							"lerp_mode": "catmullrom"
						},
						"0.2083": {
							"post": [0.5, -0.25, 0.5],
							"lerp_mode": "catmullrom"
						},
						"0.2917": {
							"post": [0.15, -0.275, 0.375],
							"lerp_mode": "catmullrom"
						},
						"0.4167": {
							"post": [0.25, -0.15, -0.225],
							"lerp_mode": "catmullrom"
						},
						"0.4583": {
							"post": [0.09, -0.08, 0.03],
							"lerp_mode": "catmullrom"
						},
						"0.5": {
							"post": [-0.075, -0.025, -0.05],
							"lerp_mode": "catmullrom"
						},
						"0.6667": {
							"post": [0, 0, 0],
							"lerp_mode": "catmullrom"
						},
						"0.7083": {
							"post": [0, 0, 0],
							"lerp_mode": "catmullrom"
						}
					}
				}
			}
		},
		"put_away": {
			"animation_length": 0.4583,
			"bones": {
				"right": {
					"rotation": [97.52832, -355.04288, -179.34574],
					"position": [-6.8, -7, 7],
					"scale": [1, 1.5, 1]
				},
				"left": {
					"rotation": {
						"0.0": [104.41741, -8.06723, -198.01172],
						"0.0417": [104.41741, -8.06723, -198.01172],
						"0.1667": [74.41741, -8.06723, -198.01172]
					},
					"position": {
						"0.0": [7.4, -7.3, -2.3],
						"0.0417": [7.4, -7.3, -2.3],
						"0.1667": [22.76409, -10.0975, -2.64465]
					},
					"scale": [1, 1.5, 1]
				},
				"constraint": {
					"rotation": [0.15, 0.15, 0.15],
					"position": [0.15, 0.15, 0.25]
				},
				"root": {
					"rotation": {
						"0.0": [0, 0, 0],
						"0.0417": [-0.569, -0.003, 5.018],
						"0.0833": [-2.447, -0.087, 22.848],
						"0.125": [-1.933, -1.636, 29.538],
						"0.1667": [0.762, -5.751, 31.746],
						"0.2083": [5.23, -12.003, 33.27],
						"0.25": [16.085, -27.043, 33.965],
						"0.2917": [21.774, -34.333, 33.206],
						"0.3333": [26.956, -40.562, 32.029],
						"0.375": [30.676, -45.178, 31.004],
						"0.4167": [34.025, -48.529, 28.672],
						"0.4583": [35.303, -48.148, 26.884]
					},
					"position": {
						"0.0": [0, 0, 0],
						"0.0417": [-0.376, -0.04, -0.284],
						"0.0833": [-1.779, -0.814, -1.917],
						"0.125": [-2.511, -1.566, -2.827],
						"0.1667": [-3.188, -2.654, -3.498],
						"0.2083": [-3.808, -3.961, -3.691],
						"0.25": [-4.788, -6.679, -1.485],
						"0.2917": [-5.106, -8.035, 0.504],
						"0.3333": [-5.274, -9.371, 2.545],
						"0.375": [-5.254, -10.69, 4.225],
						"0.4167": [-4.44, -14.142, 5.215],
						"0.4583": [-4.074, -15.921, 5.651]
					}
				},
				"camera": {
					"rotation": {
						"0.0": [0, 0, 0],
						"0.25": [0, 0, 0.525],
						"0.4583": [0, 0, 0]
					}
				}
			}
		},
		"reload_tactical": {
			"animation_length": 2.5417,
			"bones": {
				"right": {
					"rotation": [97.52832, -355.04288, -179.34574],
					"position": [-6.8, -7, 7],
					"scale": [1, 1.5, 1]
				},
				"left": {
					"rotation": {
						"0.0": [104.41741, -8.06723, -198.01172],
						"0.1667": [102.96847, -20.22542, -176.78107],
						"0.3333": [103.98482, -33.39039, -164.19949],
						"0.4583": [103.98482, -33.39039, -164.19949],
						"0.5": [101.85978, -35.9921, -161.17103],
						"0.7083": [68.45455, -25.73279, -95.67728],
						"0.75": [68.45455, -25.73279, -95.67728],
						"0.8333": [68.45455, -25.73279, -95.67728],
						"1.0833": [15.33707, -26.77368, -149.24145],
						"1.2917": [21.33707, -26.77368, -149.24145],
						"1.4583": [63.5969, -14.20809, -94.82129],
						"1.9167": [63.5969, -14.20809, -94.82129],
						"2.0": [63.5969, -14.20809, -94.82129],
						"2.1667": [93.69044, -14.89722, -170.46831],
						"2.2083": [104.41741, -8.06723, -198.01172]
					},
					"position": {
						"0.0": [7.4, -7.3, -2.3],
						"0.1667": [8.06, -8.67, -2.2],
						"0.25": [8.05, -8.02, -2.1],
						"0.3333": [7.44553, -7.87354, -2.05433],
						"0.4583": [7.44553, -7.87354, -2.05433],
						"0.5": [7.45, -8.27, -2.05],
						"0.7083": [6.63144, -11.17911, 0.40965],
						"0.75": [6.63144, -11.27911, 0.50965],
						"0.9167": [6.26601, -16.88429, 3.01384],
						"1.0833": [12.49004, -21.93982, 11.63694],
						"1.3333": [12.67, -20.28, 7.61],
						"1.5": [6.26601, -16.88429, 3.01384],
						"1.5833": [6.27, -16.28, 3.11],
						"1.6667": [6.27, -16.28, 2.91],
						"1.75": [6.27, -16.48, 2.61],
						"1.7917": [6.27, -16.28, 2.91],
						"1.8333": [6.27, -15.88, 2.81],
						"1.9167": [6.57, -11.88, 1.21],
						"2.0": [6.57, -11.88, 1.21],
						"2.1667": [6.815, -8.44, -2.795],
						"2.2083": [7.4, -7.3, -2.3]
					},
					"scale": [1, 1.5, 1]
				},
				"constraint": {
					"rotation": [0.15, 0.15, 0.15],
					"position": [0.15, 0.15, 0.25]
				},
				"root": {
					"rotation": {
						"0.0": {
							"post": [0, 0, 0],
							"lerp_mode": "catmullrom"
						},
						"0.0833": {
							"post": [-9.9798, -5.69315, -3.78492],
							"lerp_mode": "catmullrom"
						},
						"0.25": {
							"post": [-22.64721, -22.90108, -21.45411],
							"lerp_mode": "catmullrom"
						},
						"0.4167": {
							"post": [-22.78083, -23.99681, -21.41099],
							"lerp_mode": "catmullrom"
						},
						"0.4583": {
							"post": [-23.18285, -22.38797, -17.48681],
							"lerp_mode": "catmullrom"
						},
						"0.5833": {
							"post": [-25.28526, -21.88253, -17.1827],
							"lerp_mode": "catmullrom"
						},
						"0.75": {
							"post": [-24.56547, -22.82701, -21.2417],
							"lerp_mode": "catmullrom"
						},
						"0.8333": {
							"post": [-26.35801, -22.34596, -21.20416],
							"lerp_mode": "catmullrom"
						},
						"0.9583": {
							"post": [-26.52761, -22.69929, -19.539],
							"lerp_mode": "catmullrom"
						},
						"1.0417": {
							"post": [-26.24593, -23.51754, -21.31471],
							"lerp_mode": "catmullrom"
						},
						"1.1667": {
							"post": [-25.5015, -23.9375, -22.89313],
							"lerp_mode": "catmullrom"
						},
						"1.25": {
							"post": [-25.26, -24.065, -23.035],
							"lerp_mode": "catmullrom"
						},
						"1.4167": {
							"post": [-20.77608, -26.65719, -33.11244],
							"lerp_mode": "catmullrom"
						},
						"1.5": {
							"post": [-20.445, -26.395, -33.385],
							"lerp_mode": "catmullrom"
						},
						"1.5833": {
							"post": [-20.60933, -26.39091, -32.51659],
							"lerp_mode": "catmullrom"
						},
						"1.6667": {
							"post": [-20.59005, -27.93453, -34.45059],
							"lerp_mode": "catmullrom"
						},
						"1.75": {
							"post": [-19.53133, -27.39199, -32.68718],
							"lerp_mode": "catmullrom"
						},
						"1.8333": {
							"post": [-17.95987, -27.15229, -34.29352],
							"lerp_mode": "catmullrom"
						},
						"1.9167": {
							"post": [-20.06525, -26.57494, -28.46179],
							"lerp_mode": "catmullrom"
						},
						"2.0": {
							"post": [-17.53925, -27.59772, -34.83451],
							"lerp_mode": "catmullrom"
						},
						"2.0833": {
							"post": [-18.19876, -24.94561, -27.04487],
							"lerp_mode": "catmullrom"
						},
						"2.2083": {
							"post": [-12.63606, -4.76279, -6.39753],
							"lerp_mode": "catmullrom"
						},
						"2.2917": {
							"post": [-0.48906, -0.82, -0.77],
							"lerp_mode": "catmullrom"
						},
						"2.3333": {
							"post": [1.70703, 0, -1.4],
							"lerp_mode": "catmullrom"
						},
						"2.4583": {
							"post": [-0.36328, 0.425, 1.025],
							"lerp_mode": "catmullrom"
						},
						"2.5417": {
							"post": [0, 0, 0],
							"lerp_mode": "catmullrom"
						}
					},
					"position": {
						"0.0": {
							"post": [0, 0, 0],
							"lerp_mode": "catmullrom"
						},
						"0.0833": {
							"post": [-1.08, -1.26, -0.28],
							"lerp_mode": "catmullrom"
						},
						"0.25": {
							"post": [-2.6, -1.95, -1.1],
							"lerp_mode": "catmullrom"
						},
						"0.4167": {
							"post": [-2.85, -1.775, -0.73],
							"lerp_mode": "catmullrom"
						},
						"0.5": {
							"post": [-2.85, -1.535, -0.605],
							"lerp_mode": "catmullrom"
						},
						"0.6667": {
							"post": [-2.8, -1.55, -0.7],
							"lerp_mode": "catmullrom"
						},
						"0.75": {
							"post": [-2.8, -1.6, -0.7],
							"lerp_mode": "catmullrom"
						},
						"0.8333": {
							"post": [-2.79, -1.275, -0.65],
							"lerp_mode": "catmullrom"
						},
						"0.9583": {
							"post": [-2.77, -1.335, -0.67],
							"lerp_mode": "catmullrom"
						},
						"1.0417": {
							"post": [-2.78, -1.63, -0.69],
							"lerp_mode": "catmullrom"
						},
						"1.1667": {
							"post": [-2.83, -1.845, -0.71],
							"lerp_mode": "catmullrom"
						},
						"1.4167": {
							"post": [-2.92, -1.905, -0.7],
							"lerp_mode": "catmullrom"
						},
						"1.5417": {
							"post": [-2.92, -2.03, -0.7],
							"lerp_mode": "catmullrom"
						},
						"1.6667": {
							"post": [-2.895, -2.03, -0.7],
							"lerp_mode": "catmullrom"
						},
						"1.8333": {
							"post": [-2.8, -1.675, -0.7],
							"lerp_mode": "catmullrom"
						},
						"1.9167": {
							"post": [-2.9, -2.45, -0.5],
							"lerp_mode": "catmullrom"
						},
						"1.9583": {
							"post": [-2.9, -2.175, -0.54],
							"lerp_mode": "catmullrom"
						},
						"2.0417": {
							"post": [-2.7, -1.975, -0.575],
							"lerp_mode": "catmullrom"
						},
						"2.2083": {
							"post": [-0.8, -1.3, -1.325],
							"lerp_mode": "catmullrom"
						},
						"2.2917": {
							"post": [-0.05, -0.6, -0.675],
							"lerp_mode": "catmullrom"
						},
						"2.3333": {
							"post": [0.025, -0.275, 0.2],
							"lerp_mode": "catmullrom"
						},
						"2.4583": {
							"post": [0, -0.025, -0.075],
							"lerp_mode": "catmullrom"
						},
						"2.5417": {
							"post": [0, 0, 0],
							"lerp_mode": "catmullrom"
						}
					}
				},
				"mag": {
					"rotation": {
						"0.9167": [0, 0, 0],
						"1.0833": [-18.7589, 7.34038, -74.86141],
						"1.2917": [-18.7589, 7.34038, -74.86141],
						"1.4583": [2, 0, 0],
						"1.5": [2, 0, 0],
						"1.75": [0, 0, 0]
					},
					"position": {
						"0.4583": [0, 0, 0],
						"0.5417": [0, -1.93, 0.83],
						"0.75": [0, -1.93, 0.83],
						"0.9167": [0, -5.8, 2.5],
						"1.0833": [5.37792, -12.17966, 10.33189],
						"1.3333": [3.9, -11.4, 6.9],
						"1.5": [0, -5.8, 2.5],
						"1.5833": [0, -5, 2.4],
						"1.6667": [0, -5.05, 2.3],
						"1.75": [0, -5.25, 1.9],
						"1.7917": [0, -5.05, 2.3],
						"1.8333": [0, -4.5, 2],
						"1.9167": [0, 0, 0]
					}
				},
				"camera": {
					"rotation": {
						"0.0": {
							"post": [0, 0, 0],
							"lerp_mode": "catmullrom"
						},
						"0.0833": {
							"post": [0.29, 0.05, -0.22],
							"lerp_mode": "catmullrom"
						},
						"0.2917": {
							"post": [0.675, 0.3, -0.4875],
							"lerp_mode": "catmullrom"
						},
						"0.4583": {
							"post": [0.875, 0.35, -0.51],
							"lerp_mode": "catmullrom"
						},
						"0.5": {
							"post": [1.195, 0.37, -0.43],
							"lerp_mode": "catmullrom"
						},
						"0.5833": {
							"post": [1.325, 0.4, -0.725],
							"lerp_mode": "catmullrom"
						},
						"0.7917": {
							"post": [0.855, 0.4, -0.9],
							"lerp_mode": "catmullrom"
						},
						"0.8333": {
							"post": [0.405, 0.4, -0.42],
							"lerp_mode": "catmullrom"
						},
						"0.9583": {
							"post": [1.025, 0.4, -1.225],
							"lerp_mode": "catmullrom"
						},
						"1.0417": {
							"post": [0.87, 0.44, -0.825],
							"lerp_mode": "catmullrom"
						},
						"1.2083": {
							"post": [0.55, 0.475, -0.7],
							"lerp_mode": "catmullrom"
						},
						"1.4167": {
							"post": [0.425, 0.475, -0.6],
							"lerp_mode": "catmullrom"
						},
						"1.5417": {
							"post": [0.625, 0.49, -0.76],
							"lerp_mode": "catmullrom"
						},
						"1.5833": {
							"post": [1, 0.49, -0.61],
							"lerp_mode": "catmullrom"
						},
						"1.7083": {
							"post": [0.775, 0.5, -0.925],
							"lerp_mode": "catmullrom"
						},
						"1.8333": {
							"post": [0.85, 0.43, -0.79],
							"lerp_mode": "catmullrom"
						},
						"1.9167": {
							"post": [1.68, 0.4, -0.075],
							"lerp_mode": "catmullrom"
						},
						"2.0": {
							"post": [0.675, 0.35, -1.11],
							"lerp_mode": "catmullrom"
						},
						"2.0833": {
							"post": [0.725, 0.3, -0.825],
							"lerp_mode": "catmullrom"
						},
						"2.2917": {
							"post": [0.04, 0.06, -0.4],
							"lerp_mode": "catmullrom"
						},
						"2.3333": {
							"post": [0.55, 0, 0.275],
							"lerp_mode": "catmullrom"
						},
						"2.4583": {
							"post": [-0.275, 0, -0.2],
							"lerp_mode": "catmullrom"
						},
						"2.5417": {
							"post": [0, 0, 0],
							"lerp_mode": "catmullrom"
						}
					}
				}
			}
		},
		"reload_empty": {
			"animation_length": 3.0417,
			"bones": {
				"right": {
					"rotation": [97.52832, -355.04288, -179.34574],
					"position": [-6.8, -7, 7],
					"scale": [1, 1.5, 1]
				},
				"left": {
					"rotation": {
						"0.0": [104.41741, -8.06723, -198.01172],
						"0.1667": [121.23178, -5.50436, -196.44119],
						"0.3333": [121.23178, -5.50436, -196.44119],
						"0.5": [137.62669, -11.59773, -264.80618],
						"1.0417": [112.95763, -8.79048, -177.9148],
						"1.6667": [112.95763, -8.79048, -177.9148],
						"1.75": [112.95763, -8.79048, -177.9148],
						"1.8333": [126.02279, -15.88764, -169.23474],
						"2.0": [77.81282, -38.66561, -90.8083],
						"2.0417": [79.66311, -27.74137, -92.35391],
						"2.1667": [90.0035, -36.68091, -91.12025],
						"2.2083": [92.00381, -42.68091, -91.12074],
						"2.4583": [93.13, -39.53, -100.84],
						"2.5417": [110.96655, -17.6628, -176.4329],
						"2.75": [103.35094, -9.74899, -191.13342],
						"2.8333": [104.41741, -8.06723, -198.01172]
					},
					"position": {
						"0.0": [7.4, -7.3, -2.3],
						"0.1667": [9, -7.6, -1.5],
						"0.25": [8.7, -7.6, -1.5],
						"0.3333": [8.7, -7.6, -1.5],
						"0.5": [9.84811, -17.44822, 5.01868],
						"1.0417": [6.725, -25.925, 7],
						"1.25": [6.725, -17.125, 1.7],
						"1.2917": [6.725, -17.225, 1.8],
						"1.3333": [6.725, -17.21, 2.14],
						"1.4167": [6.725, -17.045, 2.48],
						"1.4583": [6.725, -17.095, 2.48],
						"1.5417": [6.725, -16.925, 2.9],
						"1.6667": [6.725, -16.225, 2.7],
						"1.7083": [6.84837, -11.91974, 0.56585],
						"1.7917": [7.02337, -12.11974, 0.56585],
						"1.9167": [8.65, -10.49, -1.13],
						"2.0": [9.55, -3.545, -3.53],
						"2.0417": [9.05, -3.545, -3.23],
						"2.1667": [9.675, -3.54, -1.055],
						"2.2083": [9.675, -3.54, -0.855],
						"2.25": [9.67, -3.54, -0.45],
						"2.2917": [9.67, -3.54, 1.75],
						"2.4167": [9.67, -3.54, 1.75],
						"2.4583": [8.46445, -5.83017, 6.58668],
						"2.5417": [8.95586, -9.8832, 5.04787],
						"2.75": [8.0967, -7.40552, -2.62361],
						"2.8333": [7.4, -7.3, -2.3]
					},
					"scale": [1, 1.5, 1]
				},
				"constraint": {
					"rotation": [0.15, 0.15, 0.15],
					"position": [0.15, 0.15, 0.25]
				},
				"root": {
					"rotation": {
						"0.0": {
							"post": [0, 0, 0],
							"lerp_mode": "catmullrom"
						},
						"0.2083": {
							"post": [-16.44, -11.85, -20.47],
							"lerp_mode": "catmullrom"
						},
						"0.25": {
							"post": [-19.38471, -13.97991, -24.1392],
							"lerp_mode": "catmullrom"
						},
						"0.2917": {
							"post": [-18.50429, -16.15142, -30.44746],
							"lerp_mode": "catmullrom"
						},
						"0.4167": {
							"post": [-19.68587, -16.00582, -30.11272],
							"lerp_mode": "catmullrom"
						},
						"0.4583": {
							"post": [-19.38471, -11.82991, -19.8642],
							"lerp_mode": "catmullrom"
						},
						"0.5": {
							"post": [-8.865, 2.285, 33.625],
							"lerp_mode": "catmullrom"
						},
						"0.5417": {
							"post": [-6.36471, 6.78826, 44.70598],
							"lerp_mode": "catmullrom"
						},
						"0.7083": {
							"post": [-16.02897, 11.66795, 35.0252],
							"lerp_mode": "catmullrom"
						},
						"0.8333": {
							"post": [-16.96821, -16.71444, -24.80076],
							"lerp_mode": "catmullrom"
						},
						"0.9583": {
							"post": [-13.94057, -31.46872, -42.62368],
							"lerp_mode": "catmullrom"
						},
						"1.0417": {
							"post": [-16.45968, -31.28289, -40.21024],
							"lerp_mode": "catmullrom"
						},
						"1.25": {
							"post": [-18.67, -29.5, -36.55],
							"lerp_mode": "catmullrom"
						},
						"1.2917": {
							"post": [-18.19429, -30.52164, -38.14533],
							"lerp_mode": "catmullrom"
						},
						"1.4167": {
							"post": [-18.35828, -30.28857, -37.34659],
							"lerp_mode": "catmullrom"
						},
						"1.5": {
							"post": [-15.88284, -31.36577, -41.82247],
							"lerp_mode": "catmullrom"
						},
						"1.6667": {
							"post": [-14.68, -31.16, -41.21],
							"lerp_mode": "catmullrom"
						},
						"1.7917": {
							"post": [-14.68, -31.16, -41.21],
							"lerp_mode": "catmullrom"
						},
						"2.0": {
							"post": [-21.16406, -21.32897, -28.94594],
							"lerp_mode": "catmullrom"
						},
						"2.2083": {
							"post": [-18.69436, -22.89225, -33.5055],
							"lerp_mode": "catmullrom"
						},
						"2.3333": {
							"post": [-16.33587, -24.63884, -36.84322],
							"lerp_mode": "catmullrom"
						},
						"2.4583": {
							"post": [-20.32917, -22.27443, -34.25008],
							"lerp_mode": "catmullrom"
						},
						"2.5": {
							"post": [-21.00886, -18.22491, -26.77441],
							"lerp_mode": "catmullrom"
						},
						"2.5833": {
							"post": [-19.17768, -21.49819, -31.97414],
							"lerp_mode": "catmullrom"
						},
						"2.7917": {
							"post": [0, 0, -4.275],
							"lerp_mode": "catmullrom"
						},
						"2.8333": {
							"post": [1.2, 1.34, 2.655],
							"lerp_mode": "catmullrom"
						},
						"2.9167": {
							"post": [0, 0, -2.15],
							"lerp_mode": "catmullrom"
						},
						"3.0": {
							"post": [0, 0, 0],
							"lerp_mode": "catmullrom"
						}
					},
					"position": {
						"0.0": {
							"post": [0, 0, 0],
							"lerp_mode": "catmullrom"
						},
						"0.0833": {
							"post": [-0.36, -1.06, -0.16],
							"lerp_mode": "catmullrom"
						},
						"0.25": {
							"post": [-0.9, -0.9, -0.4],
							"lerp_mode": "catmullrom"
						},
						"0.4583": {
							"post": [-0.9, -0.9, -0.4],
							"lerp_mode": "catmullrom"
						},
						"0.5": {
							"post": [-3.04, -1.22, -0.4],
							"lerp_mode": "catmullrom"
						},
						"0.5417": {
							"post": [-3.7, -1.85, -0.4],
							"lerp_mode": "catmullrom"
						},
						"0.7083": {
							"post": [-3.85, -2.75, -0.4],
							"lerp_mode": "catmullrom"
						},
						"0.8333": {
							"post": [-2.78, -1.885, -0.4],
							"lerp_mode": "catmullrom"
						},
						"1.0": {
							"post": [-2.05, -1.075, -0.4],
							"lerp_mode": "catmullrom"
						},
						"1.25": {
							"post": [-2.185, -1.175, -0.4],
							"lerp_mode": "catmullrom"
						},
						"1.2917": {
							"post": [-2.28, -0.99, -0.4],
							"lerp_mode": "catmullrom"
						},
						"1.4583": {
							"post": [-2.24, -0.94, -0.4],
							"lerp_mode": "catmullrom"
						},
						"1.6667": {
							"post": [-2.275, -1.125, -0.4],
							"lerp_mode": "catmullrom"
						},
						"1.7083": {
							"post": [-1.675, -1.85, -0.4],
							"lerp_mode": "catmullrom"
						},
						"1.7917": {
							"post": [-1.85, -1.675, -0.4],
							"lerp_mode": "catmullrom"
						},
						"2.0": {
							"post": [-1.345, -3.52, 0.325],
							"lerp_mode": "catmullrom"
						},
						"2.2083": {
							"post": [-1.34, -3.795, 0.33],
							"lerp_mode": "catmullrom"
						},
						"2.3333": {
							"post": [-1.39, -3.945, 0.33],
							"lerp_mode": "catmullrom"
						},
						"2.4583": {
							"post": [-1.54, -3.715, 0.33],
							"lerp_mode": "catmullrom"
						},
						"2.5": {
							"post": [-1.415, -3.445, -0.195],
							"lerp_mode": "catmullrom"
						},
						"2.5833": {
							"post": [-0.74, -4.12, 0.04],
							"lerp_mode": "catmullrom"
						},
						"2.75": {
							"post": [0, -1.175, -1.3],
							"lerp_mode": "catmullrom"
						},
						"2.8333": {
							"post": [0, -0.075, 0.625],
							"lerp_mode": "catmullrom"
						},
						"2.9583": {
							"post": [0, -0.05, -0.1],
							"lerp_mode": "catmullrom"
						},
						"3.0417": {
							"post": [0, 0, 0],
							"lerp_mode": "catmullrom"
						}
					}
				},
				"magazine": {
					"rotation": {
						"0.25": [0, 0, 0],
						"0.4583": [0, 0, 0],
						"0.5417": [0, 0, 0],
						"0.6667": [70.5392, 8.04932, 21.6175],
						"1.0417": [70.5392, 8.04932, 21.6175],
						"1.25": [0, 0, 0],
						"1.2917": [0, 0, 0],
						"1.5417": [0, 0, 0],
						"1.6667": [0, 0, 0],
						"1.7083": [0, 0, 0]
					},
					"position": {
						"0.25": [0, 0, 0],
						"0.3333": [0, -1.15, 0.425],
						"0.4583": [0, -1.15, 0.425],
						"0.5417": [0, -5.1, 2.1],
						"0.6667": [0, -14.1, 6.2],
						"1.0417": [0, -14.1, 6.2],
						"1.25": [0, -6.3, 1.9],
						"1.2917": [0, -6.4, 2],
						"1.3333": [0, -6.385, 2.34],
						"1.4167": [0, -6.22, 2.68],
						"1.4583": [0, -6.27, 2.68],
						"1.5417": [0, -6.1, 2.35],
						"1.6667": [0, -4.5, 1.8],
						"1.7083": [0, 0, 0]
					}
				},
				"bolt": {
					"position": {
						"2.0833": [0, 0, 0],
						"2.25": [0, 0, 2.5],
						"2.4167": [0, 0, 2.5],
						"2.4583": [0, 0, 0]
					}
				},
				"camera": {
					"rotation": {
						"0.0": {
							"post": [0, 0, 0],
							"lerp_mode": "catmullrom"
						},
						"0.25": {
							"post": [-0.325, 0.35, -0.675],
							"lerp_mode": "catmullrom"
						},
						"0.4583": {
							"post": [-0.105, 0.125, -0.275],
							"lerp_mode": "catmullrom"
						},
						"0.5417": {
							"post": [1.365, 0.875, 0.45],
							"lerp_mode": "catmullrom"
						},
						"0.75": {
							"post": [1.385, 1.325, 1.55],
							"lerp_mode": "catmullrom"
						},
						"0.9583": {
							"post": [-1.04, 0.275, -0.275],
							"lerp_mode": "catmullrom"
						},
						"1.2083": {
							"post": [-1.515, 0.525, -0.35],
							"lerp_mode": "catmullrom"
						},
						"1.25": {
							"post": [-1.085, 0.63, 0.365],
							"lerp_mode": "catmullrom"
						},
						"1.3333": {
							"post": [-1.125, 0.87, -0.045],
							"lerp_mode": "catmullrom"
						},
						"1.4583": {
							"post": [-0.935, 1.1, 0.3],
							"lerp_mode": "catmullrom"
						},
						"1.6667": {
							"post": [-1.38, 1.1, 0.3],
							"lerp_mode": "catmullrom"
						},
						"1.7083": {
							"post": [-0.03, 0.725, 0.95],
							"lerp_mode": "catmullrom"
						},
						"1.7917": {
							"post": [-0.435, 0.48, 0.015],
							"lerp_mode": "catmullrom"
						},
						"1.9167": {
							"post": [-0.11, 0.78, 0.04],
							"lerp_mode": "catmullrom"
						},
						"2.0417": {
							"post": [0.015, 0.9, -0.95],
							"lerp_mode": "catmullrom"
						},
						"2.1667": {
							"post": [0.295, 1.18, -0.91],
							"lerp_mode": "catmullrom"
						},
						"2.25": {
							"post": [-0.2, 1.105, -1.3],
							"lerp_mode": "catmullrom"
						},
						"2.3333": {
							"post": [-0.14, 1.15, -1.3],
							"lerp_mode": "catmullrom"
						},
						"2.4167": {
							"post": [-0.28, 0.925, -0.95],
							"lerp_mode": "catmullrom"
						},
						"2.4583": {
							"post": [0.645, 0.925, -1.525],
							"lerp_mode": "catmullrom"
						},
						"2.5417": {
							"post": [0.775, 0.675, -0.605],
							"lerp_mode": "catmullrom"
						},
						"2.6667": {
							"post": [0.125, -0.05, -0.55],
							"lerp_mode": "catmullrom"
						},
						"2.7917": {
							"post": [0.25, 0, 0.35],
							"lerp_mode": "catmullrom"
						},
						"2.8333": {
							"post": [0.725, 0, -0.275],
							"lerp_mode": "catmullrom"
						},
						"2.9583": {
							"post": [0, 0, 0.125],
							"lerp_mode": "catmullrom"
						},
						"3.0417": {
							"post": [0, 0, 0],
							"lerp_mode": "catmullrom"
						}
					}
				},
				"bolt_main": {
					"position": {
						"0.0": [0, 0, 2],
						"2.0833": [0, 0, 2],
						"2.2083": [0, 0, 0.12],
						"2.25": [0, 0, 0],
						"2.4167": [0, 0, 0]
					}
				}
			}
		},
		"inspect": {
			"animation_length": 7.9167,
			"bones": {
				"right": {
					"rotation": [97.52832, -355.04288, -179.34574],
					"position": [-6.8, -7, 7],
					"scale": [1, 1.5, 1]
				},
				"left": {
					"rotation": {
						"0.0": [104.41741, -8.06723, -198.01172],
						"0.0833": [104.41741, -8.06723, -198.01172],
						"0.25": [117.30897, -44.74439, -197.59411],
						"0.4167": [92.43286, -42.35775, -144.3706],
						"2.4167": [92.43286, -42.35775, -144.3706],
						"2.5833": [120.62851, -8.48775, -193.60482],
						"2.7083": [121.50104, -15.34359, -197.8213],
						"2.7917": [120.99754, -11.92351, -195.6864],
						"2.9167": [120.99754, -11.92351, -195.6864],
						"3.0": [121.94422, -10.72244, -204.85217],
						"3.1667": [119.83, -14.63, -197.84],
						"4.25": [111.46, -11.07, -197.93],
						"4.3333": [107.29313, -15.61804, -183.37296],
						"4.5": [111.46, -11.07, -197.93],
						"5.2083": [111.46, -11.07, -197.93],
						"5.4167": [111.46, -11.07, -197.93],
						"5.7083": [108.58605, -6.97365, -269.78512],
						"5.7917": [108.76, -10.13, -270.87],
						"5.9167": [121.85017, -11.70952, -271.41079],
						"6.0417": [102.15901, -4.63996, -264.07389],
						"6.2083": [102.32677, -5.76406, -267.14413],
						"6.4167": [102.77379, -9.17631, -271.61444],
						"6.5833": [102.55799, -10.57765, -270.2093],
						"6.7917": [102.60707, -9.9852, -270.22552],
						"7.0417": [102.60707, -9.9852, -270.22552],
						"7.0833": [104.56523, -14.27253, -297.23365],
						"7.2083": [125.39192, 4.89155, -293.89495],
						"7.4583": [104.41741, -8.06723, -198.01172]
					},
					"position": {
						"0.0": [7.4, -7.3, -2.3],
						"0.0833": [7.4, -7.3, -2.3],
						"0.25": [8.02702, -12.48569, 4.0458],
						"0.4167": [9.64611, -17.50474, 11.64554],
						"2.4167": [9.64611, -17.50474, 11.64554],
						"2.5833": [9.48668, -9.39341, -1.00641],
						"2.7083": [9.14105, -7.98283, -0.74036],
						"2.9167": [9.14105, -7.98283, -0.74036],
						"3.0833": [8.55, -10.24, 0.17],
						"3.1667": [7.4, -10.8, 0.4],
						"3.2083": [7.4, -10.8, 0.4],
						"4.25": [7.4, -10.8, 0.4],
						"4.3333": [8.05287, -10.52184, -0.2216],
						"4.5": [7.36853, -11.25859, 0.68055],
						"5.2083": [7.36853, -11.25859, 0.68055],
						"5.4167": [7.36853, -11.25859, 0.68055],
						"5.5": [9.43521, -7.3576, -0.94356],
						"5.5833": [9.28, -4.73, -1.66],
						"5.7083": [9.2, -3.8, -4],
						"5.8333": [9.2, -3.8, -4.1],
						"5.9583": [10, -3.8, -2.95],
						"6.0417": [9.8, -3.8, -1.4],
						"6.1667": [9.8, -3.8, -1.26],
						"6.3333": [9.8, -3.8, -0.28],
						"6.4167": [9.8, -3.8, -0.2],
						"6.6667": [9.8, -3.8, -0.125],
						"6.9167": [9.8, -3.8, -0.17],
						"7.0417": [9.8, -3.8, -0.07],
						"7.0833": [10.6, -3.2, 1.53],
						"7.2083": [11.60858, -3.40018, 2.04725],
						"7.3333": [11.08315, -5.40382, -0.92315],
						"7.4583": [7.4, -7.3, -2.3]
					},
					"scale": [1, 1.5, 1]
				},
				"constraint": {
					"rotation": [0.15, 0.15, 0.15],
					"position": [0.15, 0.15, 0.25]
				},
				"root": {
					"rotation": {
						"0.0": {
							"post": [0, 0, 0],
							"lerp_mode": "catmullrom"
						},
						"0.0833": {
							"post": [-0.48222, -10.32879, -10.6371],
							"lerp_mode": "catmullrom"
						},
						"0.25": {
							"post": [-7.81643, -38.04124, -43.59864],
							"lerp_mode": "catmullrom"
						},
						"0.4167": {
							"post": [0.52853, -46.12895, -62.22092],
							"lerp_mode": "catmullrom"
						},
						"0.5833": {
							"post": [2.35707, -46.56151, -65.14637],
							"lerp_mode": "catmullrom"
						},
						"1.4167": {
							"post": [3.9, -46, -66.9],
							"lerp_mode": "catmullrom"
						},
						"1.5": {
							"post": [10.5, -46.1, -76.07],
							"lerp_mode": "catmullrom"
						},
						"1.5833": {
							"post": [12.04584, -46.16492, -78.2249],
							"lerp_mode": "catmullrom"
						},
						"1.75": {
							"post": [9.46623, -46.63168, -74.66322],
							"lerp_mode": "catmullrom"
						},
						"2.0": {
							"post": [9.95239, -46.86376, -75.17502],
							"lerp_mode": "catmullrom"
						},
						"2.2917": {
							"post": [9.61908, -43.90831, -74.82758],
							"lerp_mode": "catmullrom"
						},
						"2.5": {
							"post": [-13.05553, -29.41404, -39.12332],
							"lerp_mode": "catmullrom"
						},
						"2.6667": {
							"post": [-24.46, -29.06, -26.67],
							"lerp_mode": "catmullrom"
						},
						"2.7917": {
							"post": [-24.77, -29.29, -26.41],
							"lerp_mode": "catmullrom"
						},
						"2.8333": {
							"post": [-25.53854, -28.5824, -24.30434],
							"lerp_mode": "catmullrom"
						},
						"2.9167": {
							"post": [-26.02602, -27.90024, -23.26298],
							"lerp_mode": "catmullrom"
						},
						"3.1667": {
							"post": [-22.12661, -30.06214, -26.94814],
							"lerp_mode": "catmullrom"
						},
						"3.25": {
							"post": [-17.89823, -31.26039, -38.8467],
							"lerp_mode": "catmullrom"
						},
						"3.3333": {
							"post": [-18.02675, -29.59281, -39.11901],
							"lerp_mode": "catmullrom"
						},
						"3.5": {
							"post": [-23.88068, -23.89861, -27.05986],
							"lerp_mode": "catmullrom"
						},
						"3.5833": {
							"post": [-25.80209, -22.09574, -23.61591],
							"lerp_mode": "catmullrom"
						},
						"4.4583": {
							"post": [-26.42779, -21.32537, -21.92459],
							"lerp_mode": "catmullrom"
						},
						"4.5833": {
							"post": [-20.88003, -27.95795, -23.38356],
							"lerp_mode": "catmullrom"
						},
						"4.7083": {
							"post": [-13.29, -35, -31.65],
							"lerp_mode": "catmullrom"
						},
						"4.75": {
							"post": [-7.08214, -39.04067, -40.65146],
							"lerp_mode": "catmullrom"
						},
						"4.7917": {
							"post": [-4.53034, -42.10711, -40.64172],
							"lerp_mode": "catmullrom"
						},
						"4.9583": {
							"post": [-9.6791, -40.56442, -33.31033],
							"lerp_mode": "catmullrom"
						},
						"5.0833": {
							"post": [-7.5921, -39.73003, -37.48158],
							"lerp_mode": "catmullrom"
						},
						"5.1667": {
							"post": [-15.61372, -37.31708, -24.62412],
							"lerp_mode": "catmullrom"
						},
						"5.2083": {
							"post": [-10.19401, -38.49259, -33.45924],
							"lerp_mode": "catmullrom"
						},
						"5.2917": {
							"post": [-10.47873, -36.44176, -27.0159],
							"lerp_mode": "catmullrom"
						},
						"5.4167": {
							"post": [-5.42836, -33.76964, -25.99474],
							"lerp_mode": "catmullrom"
						},
						"5.5": {
							"post": [-19.91, -11.23, 17.39],
							"lerp_mode": "catmullrom"
						},
						"5.5833": {
							"post": [-21.4, 8.05, 52.96],
							"lerp_mode": "catmullrom"
						},
						"5.7083": {
							"post": [-20.85854, 28.20685, 77.18983],
							"lerp_mode": "catmullrom"
						},
						"5.7917": {
							"post": [-22.45, 31.85, 76.49],
							"lerp_mode": "catmullrom"
						},
						"5.9167": {
							"post": [-22.94612, 31.41816, 75.51623],
							"lerp_mode": "catmullrom"
						},
						"6.1667": {
							"post": [-23.19205, 31.19425, 75.03371],
							"lerp_mode": "catmullrom"
						},
						"6.3333": {
							"post": [-20.23954, 33.59838, 80.63084],
							"lerp_mode": "catmullrom"
						},
						"6.5833": {
							"post": [-21.68593, 32.46214, 77.91885],
							"lerp_mode": "catmullrom"
						},
						"6.9167": {
							"post": [-21.14634, 32.90427, 78.94453],
							"lerp_mode": "catmullrom"
						},
						"7.0": {
							"post": [-21.52, 32.6, 78.23],
							"lerp_mode": "catmullrom"
						},
						"7.0417": {
							"post": [-23.52209, 29.23727, 73.29595],
							"lerp_mode": "catmullrom"
						},
						"7.0833": {
							"post": [-17.9211, 32.38395, 81.55087],
							"lerp_mode": "catmullrom"
						},
						"7.1667": {
							"post": [-26.32799, 28.16757, 68.63439],
							"lerp_mode": "catmullrom"
						},
						"7.25": {
							"post": [-16.40128, 24.23817, 67.25545],
							"lerp_mode": "catmullrom"
						},
						"7.3333": {
							"post": [-7.61838, 4.90189, 37.11753],
							"lerp_mode": "catmullrom"
						},
						"7.4583": {
							"post": [-0.08, -1.71, 21.05],
							"lerp_mode": "catmullrom"
						},
						"7.5417": {
							"post": [5.1, 0.6, 6.7],
							"lerp_mode": "catmullrom"
						},
						"7.6667": {
							"post": [0, 0, 0],
							"lerp_mode": "catmullrom"
						},
						"7.7083": {
							"post": [-0.18955, -0.01562, 1.75184],
							"lerp_mode": "catmullrom"
						},
						"7.75": {
							"post": [0, 0, -1.25],
							"lerp_mode": "catmullrom"
						},
						"7.7917": {
							"post": [0.01, 0, 0.525],
							"lerp_mode": "catmullrom"
						},
						"7.9167": {
							"post": [0, 0, 0],
							"lerp_mode": "catmullrom"
						}
					},
					"position": {
						"0.0": {
							"post": [0, 0, 0],
							"lerp_mode": "catmullrom"
						},
						"0.2083": {
							"post": [-0.07, 0.75, -2],
							"lerp_mode": "catmullrom"
						},
						"0.3333": {
							"post": [0.05, 2, -2.475],
							"lerp_mode": "catmullrom"
						},
						"0.5": {
							"post": [-0.12, 1.66, -2.23],
							"lerp_mode": "catmullrom"
						},
						"0.7083": {
							"post": [-0.135, 1.555, -2.24],
							"lerp_mode": "catmullrom"
						},
						"1.1667": {
							"post": [0, 1.95, -2.3],
							"lerp_mode": "catmullrom"
						},
						"1.4583": {
							"post": [-0.06, 2.08, -2.38],
							"lerp_mode": "catmullrom"
						},
						"1.7083": {
							"post": [-0.05, 2.625, -2.575],
							"lerp_mode": "catmullrom"
						},
						"2.1667": {
							"post": [-0.02, 2.76, -2.75],
							"lerp_mode": "catmullrom"
						},
						"2.2917": {
							"post": [-0.1, 2.47, -2.395],
							"lerp_mode": "catmullrom"
						},
						"2.5833": {
							"post": [-1.075, 0.515, -0.295],
							"lerp_mode": "catmullrom"
						},
						"2.75": {
							"post": [-1.02, 0.095, 0.035],
							"lerp_mode": "catmullrom"
						},
						"2.8333": {
							"post": [-0.97, 0.14, 0.03],
							"lerp_mode": "catmullrom"
						},
						"3.0": {
							"post": [-1, 0.25, 0.03],
							"lerp_mode": "catmullrom"
						},
						"3.2083": {
							"post": [-1.275, 0.29, 0.03],
							"lerp_mode": "catmullrom"
						},
						"3.3333": {
							"post": [-1.905, 0.87, -0.1],
							"lerp_mode": "catmullrom"
						},
						"3.5": {
							"post": [-3.23, 0.32, -0.11],
							"lerp_mode": "catmullrom"
						},
						"3.7083": {
							"post": [-3.95, -0.555, -0.1],
							"lerp_mode": "catmullrom"
						},
						"3.8333": {
							"post": [-4.36, -0.46, -0.1],
							"lerp_mode": "catmullrom"
						},
						"4.0833": {
							"post": [-4.335, -0.345, -0.1],
							"lerp_mode": "catmullrom"
						},
						"4.3333": {
							"post": [-4.47, -0.45, -0.1],
							"lerp_mode": "catmullrom"
						},
						"4.4583": {
							"post": [-4.48, -0.28, -0.1],
							"lerp_mode": "catmullrom"
						},
						"4.5833": {
							"post": [-3.91, -0.615, -0.1],
							"lerp_mode": "catmullrom"
						},
						"4.7917": {
							"post": [-3.65, 1.115, -0.1],
							"lerp_mode": "catmullrom"
						},
						"4.9583": {
							"post": [-3.575, 0.935, -0.15],
							"lerp_mode": "catmullrom"
						},
						"5.0833": {
							"post": [-3.5, 0.64, -0.1],
							"lerp_mode": "catmullrom"
						},
						"5.1667": {
							"post": [-3.4, -0.035, 0.125],
							"lerp_mode": "catmullrom"
						},
						"5.25": {
							"post": [-3.4, 0.02, 0.13],
							"lerp_mode": "catmullrom"
						},
						"5.4167": {
							"post": [-3.4, -0.285, 0.125],
							"lerp_mode": "catmullrom"
						},
						"5.5417": {
							"post": [-2.25, -0.29, 0.48],
							"lerp_mode": "catmullrom"
						},
						"5.7083": {
							"post": [-2.14, -0.92, 0.74],
							"lerp_mode": "catmullrom"
						},
						"5.8333": {
							"post": [-2.28, -0.55, 0.85],
							"lerp_mode": "catmullrom"
						},
						"5.9167": {
							"post": [-2.3, -0.465, 0.955],
							"lerp_mode": "catmullrom"
						},
						"6.0": {
							"post": [-2.27, -0.38, 0.91],
							"lerp_mode": "catmullrom"
						},
						"6.0833": {
							"post": [-2.26, -0.33, 0.9],
							"lerp_mode": "catmullrom"
						},
						"6.3333": {
							"post": [-2.19, -0.16, 0.63],
							"lerp_mode": "catmullrom"
						},
						"6.5": {
							"post": [-2.2, -0.14, 0.57],
							"lerp_mode": "catmullrom"
						},
						"6.7083": {
							"post": [-2.21, -0.22, 0.535],
							"lerp_mode": "catmullrom"
						},
						"7.0833": {
							"post": [-2.25, -0.16, 0.63],
							"lerp_mode": "catmullrom"
						},
						"7.1667": {
							"post": [-2.335, -0.005, 0.155],
							"lerp_mode": "catmullrom"
						},
						"7.25": {
							"post": [-2.32, -0.555, 0.325],
							"lerp_mode": "catmullrom"
						},
						"7.3333": {
							"post": [-2, -0.35, 0],
							"lerp_mode": "catmullrom"
						},
						"7.4583": {
							"post": [-1.15, -0.105, -0.335],
							"lerp_mode": "catmullrom"
						},
						"7.5833": {
							"post": [0, 0.05, -0.45],
							"lerp_mode": "catmullrom"
						},
						"7.7083": {
							"post": [0, 0.1125, 0.225],
							"lerp_mode": "catmullrom"
						},
						"7.7917": {
							"post": [0, 0.0875, -0.1],
							"lerp_mode": "catmullrom"
						},
						"7.9167": {
							"post": [0, 0, 0],
							"lerp_mode": "catmullrom"
						}
					}
				},
				"mag": {
					"rotation": {
						"2.9167": [0, 0, 0],
						"3.0": [0, 0, 0],
						"3.2083": [0, 0, 0],
						"3.3333": {
							"pre": [0, 0, 0],
							"post": [0, 0, 0],
							"lerp_mode": "catmullrom"
						},
						"3.5417": {
							"post": [-0.90904, -6.80041, 0.13291],
							"lerp_mode": "catmullrom"
						},
						"3.75": {
							"post": [-5.57883, -11.04972, 3.16753],
							"lerp_mode": "catmullrom"
						},
						"4.0833": {
							"post": [-8.72535, -7.91594, 6.98949],
							"lerp_mode": "catmullrom"
						},
						"4.2917": {
							"post": [-9.3, -6.79, 3.9],
							"lerp_mode": "catmullrom"
						},
						"4.4167": {
							"post": [-7.98585, -8.29756, -6.07368],
							"lerp_mode": "catmullrom"
						},
						"4.5": {
							"post": [-3.04649, -8.78819, -26.84748],
							"lerp_mode": "catmullrom"
						},
						"4.5833": {
							"post": [-2.52626, -7.58991, -16.82727],
							"lerp_mode": "catmullrom"
						},
						"4.75": [0, 0, 0],
						"4.7917": [0, 0, 0],
						"4.9583": [-2, 0, 0],
						"5.0417": [-2, 0, 0],
						"5.0833": [0, 0, 0],
						"5.1667": [0, 0, 0],
						"5.4167": [0, 0, 0]
					},
					"position": {
						"2.9167": [0, 0, 0],
						"3.0": [0, -1.77, 0.7],
						"3.2083": [0, -1.77, 0.7],
						"3.3333": {
							"pre": [-0.06746, -5.22815, 2.11691],
							"post": [-0.06746, -5.22815, 2.11691],
							"lerp_mode": "catmullrom"
						},
						"3.5": {
							"post": [0.34734, -9.32727, 1.81573],
							"lerp_mode": "catmullrom"
						},
						"3.6667": {
							"post": [4.55678, -5.14159, 2.26016],
							"lerp_mode": "catmullrom"
						},
						"3.7917": {
							"post": [5.7, -4.2, 1.8],
							"lerp_mode": "catmullrom"
						},
						"4.0": {
							"post": [5.71031, -3.96353, 1.7149],
							"lerp_mode": "catmullrom"
						},
						"4.2917": {
							"post": [5.7, -4.2, 1.8],
							"lerp_mode": "catmullrom"
						},
						"4.4167": {
							"post": [5.85056, -3.5115, 1.39282],
							"lerp_mode": "catmullrom"
						},
						"4.5": {
							"post": [4.07, -5.07, 1.89],
							"lerp_mode": "catmullrom"
						},
						"4.5833": {
							"post": [2.44, -5.93, 1.97],
							"lerp_mode": "catmullrom"
						},
						"4.75": [0, -5.225, 1.35],
						"4.7917": [0, -5.225, 1.35],
						"4.9167": [0, -5.42, 1.65],
						"4.9583": [0, -5.275, 1.625],
						"5.0417": [0, -5.1, 1.725],
						"5.0833": [0, -4.775, 1.925],
						"5.1667": [0, 0, 0],
						"5.4167": [0, 0, 0]
					}
				},
				"bolt": {
					"position": {
						"6.2083": [0, 0, 0],
						"6.3333": [0, 0, 1],
						"7.0417": [0, 0, 1],
						"7.0833": [0, 0, 1.5],
						"7.125": [0, 0, 0]
					}
				},
				"camera": {
					"rotation": {
						"0.0": {
							"post": [0, 0, 0],
							"lerp_mode": "catmullrom"
						},
						"0.4583": {
							"post": [2.375, 0.3, -0.4],
							"lerp_mode": "catmullrom"
						},
						"0.6667": {
							"post": [3.085, 0.37, -0.23],
							"lerp_mode": "catmullrom"
						},
						"0.9167": {
							"post": [3, 0.4, -0.5],
							"lerp_mode": "catmullrom"
						},
						"1.4167": {
							"post": [3.175, 0.4, -0.5],
							"lerp_mode": "catmullrom"
						},
						"1.9167": {
							"post": [0.5, -0.8, -0.7],
							"lerp_mode": "catmullrom"
						},
						"2.2917": {
							"post": [-0.7, -0.7, -0.7],
							"lerp_mode": "catmullrom"
						},
						"2.6667": {
							"post": [1.1, 0.425, -0.4],
							"lerp_mode": "catmullrom"
						},
						"2.75": {
							"post": [1.4, 0.51, -0.09],
							"lerp_mode": "catmullrom"
						},
						"2.8333": {
							"post": [1.44, 0.46, -0.32],
							"lerp_mode": "catmullrom"
						},
						"3.2083": {
							"post": [1.5, 0.26, -0.17],
							"lerp_mode": "catmullrom"
						},
						"3.3333": {
							"post": [2.8, 0.05, -1.55],
							"lerp_mode": "catmullrom"
						},
						"3.5417": {
							"post": [2.895, -0.55, -1.415],
							"lerp_mode": "catmullrom"
						},
						"3.7917": {
							"post": [4.125, -1.3, -1.6],
							"lerp_mode": "catmullrom"
						},
						"4.25": {
							"post": [4.315, -1.34, -1.54],
							"lerp_mode": "catmullrom"
						},
						"4.3333": {
							"post": [4.11, -1.19, -0.725],
							"lerp_mode": "catmullrom"
						},
						"4.5833": {
							"post": [0.6, -0.4, -0.6],
							"lerp_mode": "catmullrom"
						},
						"4.7083": {
							"post": [0.325, -0.17, 0.045],
							"lerp_mode": "catmullrom"
						},
						"4.7917": {
							"post": [0.11, 0.02, -0.17],
							"lerp_mode": "catmullrom"
						},
						"4.9583": {
							"post": [-0.2, 0.3, 0],
							"lerp_mode": "catmullrom"
						},
						"5.0833": {
							"post": [-0.18, 0.31, -0.12],
							"lerp_mode": "catmullrom"
						},
						"5.1667": {
							"post": [0.825, 0.3, -1.01],
							"lerp_mode": "catmullrom"
						},
						"5.25": {
							"post": [-0.23, 0.26, 0.475],
							"lerp_mode": "catmullrom"
						},
						"5.3333": {
							"post": [-0.48, 0.24, -0.42],
							"lerp_mode": "catmullrom"
						},
						"5.5": {
							"post": [0.4, 0.3, -0.4],
							"lerp_mode": "catmullrom"
						},
						"5.75": {
							"post": [2.36, 0.98, 1.24],
							"lerp_mode": "catmullrom"
						},
						"5.8333": {
							"post": [3.2, 1.2, 1.875],
							"lerp_mode": "catmullrom"
						},
						"6.0833": {
							"post": [3.6, 1.2, 2.275],
							"lerp_mode": "catmullrom"
						},
						"6.25": {
							"post": [4.41, 1.13, 2.88],
							"lerp_mode": "catmullrom"
						},
						"6.6667": {
							"post": [5, 0.9, 1.8],
							"lerp_mode": "catmullrom"
						},
						"7.0417": {
							"post": [4.94, 1.13, 2.08],
							"lerp_mode": "catmullrom"
						},
						"7.0833": {
							"post": [6.175, 1.1, 0.75],
							"lerp_mode": "catmullrom"
						},
						"7.2083": {
							"post": [3.68, 0.91, 2.755],
							"lerp_mode": "catmullrom"
						},
						"7.3333": {
							"post": [2.805, 0.52, 1],
							"lerp_mode": "catmullrom"
						},
						"7.5417": {
							"post": [-0.1, 0, -0.3],
							"lerp_mode": "catmullrom"
						},
						"7.6667": {
							"post": [0.575, 0, 0.775],
							"lerp_mode": "catmullrom"
						},
						"7.75": {
							"post": [-0.1, 0, -0.325],
							"lerp_mode": "catmullrom"
						},
						"7.9167": {
							"post": [-0.1, 0, 0],
							"lerp_mode": "catmullrom"
						}
					}
				}
			}
		},
		"inspect_empty": {
			"animation_length": 7.9167,
			"bones": {
				"right": {
					"rotation": [97.52832, -355.04288, -179.34574],
					"position": [-6.8, -7, 7],
					"scale": [1, 1.5, 1]
				},
				"left": {
					"rotation": {
						"0.0": [104.41741, -8.06723, -198.01172],
						"0.0833": [104.41741, -8.06723, -198.01172],
						"0.25": [117.30897, -44.74439, -197.59411],
						"0.4167": [92.43286, -42.35775, -144.3706],
						"2.4167": [92.43286, -42.35775, -144.3706],
						"2.5833": [120.62851, -8.48775, -193.60482],
						"2.7083": [121.50104, -15.34359, -197.8213],
						"2.7917": [120.99754, -11.92351, -195.6864],
						"2.9167": [120.99754, -11.92351, -195.6864],
						"3.0": [121.94422, -10.72244, -204.85217],
						"3.1667": [119.83, -14.63, -197.84],
						"4.25": [111.46, -11.07, -197.93],
						"4.3333": [107.29313, -15.61804, -183.37296],
						"4.5": [111.46, -11.07, -197.93],
						"5.0417": [111.46, -11.07, -197.93],
						"5.2917": [111.46, -11.07, -197.93],
						"5.5833": [92.6122, -32.93456, -181.06149],
						"5.75": [81.16, -32.93, -181.06],
						"7.25": [81.16, -32.93, -181.06],
						"7.4583": [104.41741, -8.06723, -198.01172]
					},
					"position": {
						"0.0": [7.4, -7.3, -2.3],
						"0.0833": [7.4, -7.3, -2.3],
						"0.25": [8.02702, -12.48569, 4.0458],
						"0.4167": [9.64611, -17.50474, 11.64554],
						"2.4167": [9.64611, -17.50474, 11.64554],
						"2.5833": [9.48668, -9.39341, -1.00641],
						"2.7083": [9.14105, -7.98283, -0.74036],
						"2.9167": [9.14105, -7.98283, -0.74036],
						"3.0833": [8.55, -10.24, 0.17],
						"3.1667": [7.4, -10.8, 0.4],
						"3.2083": [7.4, -10.8, 0.4],
						"4.25": [7.4, -10.8, 0.4],
						"4.3333": [8.05287, -10.52184, -0.2216],
						"4.5": [7.36853, -11.25859, 0.68055],
						"5.0417": [7.36853, -11.25859, 0.68055],
						"5.2917": [7.36853, -11.25859, 0.68055],
						"5.4583": [7.93, -8.78, -0.66],
						"5.5833": [7.3, -7.3, -1],
						"5.75": [7.3, -7.3, -1],
						"7.25": [7.3, -7.3, -1],
						"7.4583": [7.4, -7.3, -2.3]
					},
					"scale": [1, 1.5, 1]
				},
				"constraint": {
					"rotation": [0.15, 0.15, 0.15],
					"position": [0.15, 0.15, 0.25]
				},
				"root": {
					"rotation": {
						"0.0": {
							"post": [0, 0, 0],
							"lerp_mode": "catmullrom"
						},
						"0.0833": {
							"post": [-0.48222, -10.32879, -10.6371],
							"lerp_mode": "catmullrom"
						},
						"0.25": {
							"post": [-7.81643, -38.04124, -43.59864],
							"lerp_mode": "catmullrom"
						},
						"0.4167": {
							"post": [0.52853, -46.12895, -62.22092],
							"lerp_mode": "catmullrom"
						},
						"0.5833": {
							"post": [2.35707, -46.56151, -65.14637],
							"lerp_mode": "catmullrom"
						},
						"1.4167": {
							"post": [3.9, -46, -66.9],
							"lerp_mode": "catmullrom"
						},
						"1.5": {
							"post": [10.5, -46.1, -76.07],
							"lerp_mode": "catmullrom"
						},
						"1.5833": {
							"post": [12.04584, -46.16492, -78.2249],
							"lerp_mode": "catmullrom"
						},
						"1.75": {
							"post": [9.46623, -46.63168, -74.66322],
							"lerp_mode": "catmullrom"
						},
						"2.0": {
							"post": [9.95239, -46.86376, -75.17502],
							"lerp_mode": "catmullrom"
						},
						"2.2917": {
							"post": [9.61908, -43.90831, -74.82758],
							"lerp_mode": "catmullrom"
						},
						"2.5": {
							"post": [-13.05553, -29.41404, -39.12332],
							"lerp_mode": "catmullrom"
						},
						"2.6667": {
							"post": [-24.46, -29.06, -26.67],
							"lerp_mode": "catmullrom"
						},
						"2.7917": {
							"post": [-24.77, -29.29, -26.41],
							"lerp_mode": "catmullrom"
						},
						"2.8333": {
							"post": [-25.53854, -28.5824, -24.30434],
							"lerp_mode": "catmullrom"
						},
						"2.9167": {
							"post": [-26.02602, -27.90024, -23.26298],
							"lerp_mode": "catmullrom"
						},
						"3.1667": {
							"post": [-22.12661, -30.06214, -26.94814],
							"lerp_mode": "catmullrom"
						},
						"3.25": {
							"post": [-17.89823, -31.26039, -38.8467],
							"lerp_mode": "catmullrom"
						},
						"3.3333": {
							"post": [-18.02675, -29.59281, -39.11901],
							"lerp_mode": "catmullrom"
						},
						"3.5": {
							"post": [-23.88068, -23.89861, -27.05986],
							"lerp_mode": "catmullrom"
						},
						"3.5833": {
							"post": [-25.80209, -22.09574, -23.61591],
							"lerp_mode": "catmullrom"
						},
						"4.4583": {
							"post": [-26.42779, -21.32537, -21.92459],
							"lerp_mode": "catmullrom"
						},
						"4.5833": {
							"post": [-20.88003, -27.95795, -23.38356],
							"lerp_mode": "catmullrom"
						},
						"4.7083": {
							"post": [-13.29, -35, -31.65],
							"lerp_mode": "catmullrom"
						},
						"4.75": {
							"post": [-7.08214, -39.04067, -40.65146],
							"lerp_mode": "catmullrom"
						},
						"4.7917": {
							"post": [-4.53034, -42.10711, -40.64172],
							"lerp_mode": "catmullrom"
						},
						"4.9583": {
							"post": [-9.6791, -40.56442, -33.31033],
							"lerp_mode": "catmullrom"
						},
						"5.0833": {
							"post": [-7.5921, -39.73003, -37.48158],
							"lerp_mode": "catmullrom"
						},
						"5.1667": {
							"post": [-15.61372, -37.31708, -24.62412],
							"lerp_mode": "catmullrom"
						},
						"5.2083": {
							"post": [-10.19401, -38.49259, -33.45924],
							"lerp_mode": "catmullrom"
						},
						"5.2917": {
							"post": [-10.47873, -36.44176, -27.0159],
							"lerp_mode": "catmullrom"
						},
						"5.4167": {
							"post": [-5.42836, -33.76964, -25.99474],
							"lerp_mode": "catmullrom"
						},
						"5.5": {
							"post": [-19.91, -11.23, 17.39],
							"lerp_mode": "catmullrom"
						},
						"5.5833": {
							"post": [-21.4, 8.05, 52.96],
							"lerp_mode": "catmullrom"
						},
						"5.7083": {
							"post": [-20.85854, 28.20685, 71.78983],
							"lerp_mode": "catmullrom"
						},
						"5.9167": {
							"post": [-22.94612, 31.41816, 75.51623],
							"lerp_mode": "catmullrom"
						},
						"6.1667": {
							"post": [-24.48954, 32.37338, 75.25584],
							"lerp_mode": "catmullrom"
						},
						"6.3333": {
							"post": [-24.32, 33.14, 75.45],
							"lerp_mode": "catmullrom"
						},
						"6.5": {
							"post": [-21.08355, 35.51386, 81.89687],
							"lerp_mode": "catmullrom"
						},
						"6.6667": {
							"post": [-21.12134, 35.35427, 81.49453],
							"lerp_mode": "catmullrom"
						},
						"6.9167": {
							"post": [-21.12134, 35.35427, 81.49453],
							"lerp_mode": "catmullrom"
						},
						"7.1667": {
							"post": [-20.22799, 33.56757, 80.18439],
							"lerp_mode": "catmullrom"
						},
						"7.25": {
							"post": [-16.40128, 26.68817, 73.35545],
							"lerp_mode": "catmullrom"
						},
						"7.3333": {
							"post": [-7.61838, 4.90189, 37.11753],
							"lerp_mode": "catmullrom"
						},
						"7.4583": {
							"post": [-0.08, -1.71, 21.05],
							"lerp_mode": "catmullrom"
						},
						"7.5417": {
							"post": [5.1, 0.6, 6.7],
							"lerp_mode": "catmullrom"
						},
						"7.6667": {
							"post": [0, 0, 0],
							"lerp_mode": "catmullrom"
						},
						"7.7083": {
							"post": [-0.18955, -0.01562, 1.75184],
							"lerp_mode": "catmullrom"
						},
						"7.75": {
							"post": [0, 0, -1.25],
							"lerp_mode": "catmullrom"
						},
						"7.7917": {
							"post": [0.01, 0, 0.525],
							"lerp_mode": "catmullrom"
						},
						"7.9167": {
							"post": [0, 0, 0],
							"lerp_mode": "catmullrom"
						}
					},
					"position": {
						"0.0": {
							"post": [0, 0, 0],
							"lerp_mode": "catmullrom"
						},
						"0.2083": {
							"post": [-0.07, 0.75, -2],
							"lerp_mode": "catmullrom"
						},
						"0.4167": {
							"post": [0.05, 2, -2.475],
							"lerp_mode": "catmullrom"
						},
						"0.5417": {
							"post": [-0.12, 1.66, -2.23],
							"lerp_mode": "catmullrom"
						},
						"0.7083": {
							"post": [-0.135, 1.555, -2.24],
							"lerp_mode": "catmullrom"
						},
						"1.1667": {
							"post": [0, 1.95, -2.3],
							"lerp_mode": "catmullrom"
						},
						"1.4583": {
							"post": [-0.06, 2.08, -2.38],
							"lerp_mode": "catmullrom"
						},
						"1.7083": {
							"post": [-0.05, 2.625, -2.575],
							"lerp_mode": "catmullrom"
						},
						"2.1667": {
							"post": [-0.02, 2.76, -2.75],
							"lerp_mode": "catmullrom"
						},
						"2.2917": {
							"post": [-0.1, 2.47, -2.395],
							"lerp_mode": "catmullrom"
						},
						"2.5833": {
							"post": [-1.075, 0.515, -0.295],
							"lerp_mode": "catmullrom"
						},
						"2.75": {
							"post": [-1.02, 0.095, 0.035],
							"lerp_mode": "catmullrom"
						},
						"2.8333": {
							"post": [-0.97, 0.14, 0.03],
							"lerp_mode": "catmullrom"
						},
						"3.0": {
							"post": [-1, 0.25, 0.03],
							"lerp_mode": "catmullrom"
						},
						"3.2083": {
							"post": [-1.275, 0.29, 0.03],
							"lerp_mode": "catmullrom"
						},
						"3.3333": {
							"post": [-1.905, 0.87, -0.1],
							"lerp_mode": "catmullrom"
						},
						"3.5": {
							"post": [-3.23, 0.32, -0.11],
							"lerp_mode": "catmullrom"
						},
						"3.7083": {
							"post": [-3.95, -0.555, -0.1],
							"lerp_mode": "catmullrom"
						},
						"3.8333": {
							"post": [-4.36, -0.46, -0.1],
							"lerp_mode": "catmullrom"
						},
						"4.0833": {
							"post": [-4.335, -0.345, -0.1],
							"lerp_mode": "catmullrom"
						},
						"4.3333": {
							"post": [-4.47, -0.45, -0.1],
							"lerp_mode": "catmullrom"
						},
						"4.4583": {
							"post": [-4.48, -0.28, -0.1],
							"lerp_mode": "catmullrom"
						},
						"4.5833": {
							"post": [-3.91, -0.615, -0.1],
							"lerp_mode": "catmullrom"
						},
						"4.7917": {
							"post": [-3.65, 1.115, -0.1],
							"lerp_mode": "catmullrom"
						},
						"4.9583": {
							"post": [-3.575, 0.935, -0.15],
							"lerp_mode": "catmullrom"
						},
						"5.0833": {
							"post": [-3.5, 0.64, -0.1],
							"lerp_mode": "catmullrom"
						},
						"5.1667": {
							"post": [-3.4, -0.035, 0.125],
							"lerp_mode": "catmullrom"
						},
						"5.25": {
							"post": [-3.4, 0.02, 0.13],
							"lerp_mode": "catmullrom"
						},
						"5.4167": {
							"post": [-3.4, -0.135, 0.125],
							"lerp_mode": "catmullrom"
						},
						"5.5417": {
							"post": [-2.25, -1.19, 0.48],
							"lerp_mode": "catmullrom"
						},
						"5.7083": {
							"post": [-2.14, -0.87, 0.74],
							"lerp_mode": "catmullrom"
						},
						"5.8333": {
							"post": [-2.28, -0.5, 0.85],
							"lerp_mode": "catmullrom"
						},
						"6.0": {
							"post": [-2.27, -0.23, 0.91],
							"lerp_mode": "catmullrom"
						},
						"6.0833": {
							"post": [-2.26, -0.18, 0.9],
							"lerp_mode": "catmullrom"
						},
						"6.4167": {
							"post": [-2.2, -0.215, 0.845],
							"lerp_mode": "catmullrom"
						},
						"6.75": {
							"post": [-2.21, -0.22, 0.81],
							"lerp_mode": "catmullrom"
						},
						"7.0833": {
							"post": [-2.25, -0.16, 0.63],
							"lerp_mode": "catmullrom"
						},
						"7.25": {
							"post": [-2.32, -0.555, 0.325],
							"lerp_mode": "catmullrom"
						},
						"7.3333": {
							"post": [-2, -0.35, 0],
							"lerp_mode": "catmullrom"
						},
						"7.4583": {
							"post": [-1.15, -0.23, -0.335],
							"lerp_mode": "catmullrom"
						},
						"7.5833": {
							"post": [0, -0.075, -0.45],
							"lerp_mode": "catmullrom"
						},
						"7.7083": {
							"post": [0, 0.05, 0.225],
							"lerp_mode": "catmullrom"
						},
						"7.7917": {
							"post": [0, 0.025, -0.1],
							"lerp_mode": "catmullrom"
						},
						"7.9167": {
							"post": [0, 0, 0],
							"lerp_mode": "catmullrom"
						}
					}
				},
				"mag": {
					"rotation": {
						"2.9167": [0, 0, 0],
						"3.0": [0, 0, 0],
						"3.2083": [0, 0, 0],
						"3.3333": {
							"pre": [0, 0, 0],
							"post": [0, 0, 0],
							"lerp_mode": "catmullrom"
						},
						"3.5417": {
							"post": [-0.90904, -6.80041, 0.13291],
							"lerp_mode": "catmullrom"
						},
						"3.75": {
							"post": [-5.57883, -11.04972, 3.16753],
							"lerp_mode": "catmullrom"
						},
						"4.0833": {
							"post": [-8.72535, -7.91594, 6.98949],
							"lerp_mode": "catmullrom"
						},
						"4.2917": {
							"post": [-9.3, -6.79, 3.9],
							"lerp_mode": "catmullrom"
						},
						"4.4167": {
							"post": [-7.98585, -8.29756, -6.07368],
							"lerp_mode": "catmullrom"
						},
						"4.5": {
							"post": [-3.04649, -8.78819, -26.84748],
							"lerp_mode": "catmullrom"
						},
						"4.5833": {
							"post": [-2.52626, -7.58991, -16.82727],
							"lerp_mode": "catmullrom"
						},
						"4.75": [0, 0, 0],
						"4.7917": [0, 0, 0],
						"4.9583": [-2, 0, 0],
						"5.0417": [-2, 0, 0],
						"5.0833": [0, 0, 0],
						"5.1667": [0, 0, 0],
						"5.4167": [0, 0, 0]
					},
					"position": {
						"2.9167": [0, 0, 0],
						"3.0": [0, -1.77, 0.7],
						"3.2083": [0, -1.77, 0.7],
						"3.3333": {
							"pre": [-0.06746, -5.22815, 2.11691],
							"post": [-0.06746, -5.22815, 2.11691],
							"lerp_mode": "catmullrom"
						},
						"3.5": {
							"post": [0.34734, -9.32727, 1.81573],
							"lerp_mode": "catmullrom"
						},
						"3.6667": {
							"post": [4.55678, -5.14159, 2.26016],
							"lerp_mode": "catmullrom"
						},
						"3.7917": {
							"post": [5.7, -4.2, 1.8],
							"lerp_mode": "catmullrom"
						},
						"4.0": {
							"post": [5.71031, -3.96353, 1.7149],
							"lerp_mode": "catmullrom"
						},
						"4.2917": {
							"post": [5.7, -4.2, 1.8],
							"lerp_mode": "catmullrom"
						},
						"4.4167": {
							"post": [5.85056, -3.5115, 1.39282],
							"lerp_mode": "catmullrom"
						},
						"4.5": {
							"post": [4.07, -5.07, 1.89],
							"lerp_mode": "catmullrom"
						},
						"4.5833": {
							"post": [2.44, -5.93, 1.97],
							"lerp_mode": "catmullrom"
						},
						"4.75": [0, -5.225, 1.35],
						"4.7917": [0, -5.225, 1.35],
						"4.9167": [0, -5.42, 1.65],
						"4.9583": [0, -5.275, 1.625],
						"5.0417": [0, -5.1, 1.725],
						"5.0833": [0, -4.775, 1.925],
						"5.1667": [0, 0, 0],
						"5.4167": [0, 0, 0]
					}
				},
				"camera": {
					"rotation": {
						"0.0": {
							"post": [0, 0, 0],
							"lerp_mode": "catmullrom"
						},
						"0.4583": {
							"post": [2.375, 0.3, -0.4],
							"lerp_mode": "catmullrom"
						},
						"0.6667": {
							"post": [3.085, 0.37, -0.23],
							"lerp_mode": "catmullrom"
						},
						"0.9167": {
							"post": [3, 0.4, -0.5],
							"lerp_mode": "catmullrom"
						},
						"1.4167": {
							"post": [3.175, 0.4, -0.5],
							"lerp_mode": "catmullrom"
						},
						"1.9167": {
							"post": [0.5, -0.8, -0.7],
							"lerp_mode": "catmullrom"
						},
						"2.2917": {
							"post": [-0.7, -0.7, -0.7],
							"lerp_mode": "catmullrom"
						},
						"2.6667": {
							"post": [1.1, 0.425, -0.4],
							"lerp_mode": "catmullrom"
						},
						"2.75": {
							"post": [1.4, 0.51, -0.09],
							"lerp_mode": "catmullrom"
						},
						"2.8333": {
							"post": [1.44, 0.46, -0.32],
							"lerp_mode": "catmullrom"
						},
						"3.2083": {
							"post": [1.5, 0.26, -0.17],
							"lerp_mode": "catmullrom"
						},
						"3.3333": {
							"post": [2.8, 0.05, -1.55],
							"lerp_mode": "catmullrom"
						},
						"3.5417": {
							"post": [2.895, -0.55, -1.415],
							"lerp_mode": "catmullrom"
						},
						"3.7917": {
							"post": [4.125, -1.3, -1.6],
							"lerp_mode": "catmullrom"
						},
						"4.25": {
							"post": [4.315, -1.34, -1.54],
							"lerp_mode": "catmullrom"
						},
						"4.3333": {
							"post": [4.11, -1.19, -0.725],
							"lerp_mode": "catmullrom"
						},
						"4.5833": {
							"post": [0.6, -0.4, -0.6],
							"lerp_mode": "catmullrom"
						},
						"4.7083": {
							"post": [0.325, -0.17, 0.045],
							"lerp_mode": "catmullrom"
						},
						"4.7917": {
							"post": [0.11, 0.02, -0.17],
							"lerp_mode": "catmullrom"
						},
						"4.9583": {
							"post": [-0.2, 0.3, 0],
							"lerp_mode": "catmullrom"
						},
						"5.0833": {
							"post": [-0.18, 0.31, -0.12],
							"lerp_mode": "catmullrom"
						},
						"5.1667": {
							"post": [0.825, 0.3, -1.01],
							"lerp_mode": "catmullrom"
						},
						"5.25": {
							"post": [-0.23, 0.26, 0.475],
							"lerp_mode": "catmullrom"
						},
						"5.3333": {
							"post": [-0.48, 0.24, -0.42],
							"lerp_mode": "catmullrom"
						},
						"5.5": {
							"post": [0.4, 0.3, -0.4],
							"lerp_mode": "catmullrom"
						},
						"5.75": {
							"post": [2.81, 0.855, 1.24],
							"lerp_mode": "catmullrom"
						},
						"5.8333": {
							"post": [3.65, 1.075, 1.875],
							"lerp_mode": "catmullrom"
						},
						"6.0833": {
							"post": [4.175, 1.2, 2.275],
							"lerp_mode": "catmullrom"
						},
						"6.6667": {
							"post": [4.575, 0.9, 2],
							"lerp_mode": "catmullrom"
						},
						"7.0417": {
							"post": [4.515, 1.13, 2.08],
							"lerp_mode": "catmullrom"
						},
						"7.3333": {
							"post": [2.805, 0.52, 1],
							"lerp_mode": "catmullrom"
						},
						"7.5417": {
							"post": [-0.1, 0, -0.3],
							"lerp_mode": "catmullrom"
						},
						"7.6667": {
							"post": [0.575, 0, 0.775],
							"lerp_mode": "catmullrom"
						},
						"7.75": {
							"post": [-0.1, 0, -0.325],
							"lerp_mode": "catmullrom"
						},
						"7.9167": {
							"post": [-0.1, 0, 0],
							"lerp_mode": "catmullrom"
						}
					}
				},
				"bolt_main": {
					"position": [0, 0, 2]
				}
			}
		}
	}
}