{
	"format_version": "1.8.0",
	"animations": {
		"static_idle": {
			"loop": true,
			"bones": {
				"rh": {
					"rotation": [90, -18, 0],
					"position": [-12.25, 3.9375, 18.875],
					"scale": [1, 1.5, 1]
				},
				"lf": {
					"rotation": [81.40827, 28.90632, -1.42509],
					"position": [15.5, 1.625, 16.1875],
					"scale": [1, 1.5, 1]
				},
				"constraint": {
					"rotation": [0.2, 0.2, 0.2],
					"position": [0.2, 0.2, 0.2]
				}
			}
		},
		"draw": {
			"animation_length": 1.125,
			"bones": {
				"root": {
					"rotation": {
						"0.0": [22.5, -22.5, 32.5],
						"0.1667": {
							"pre": [16.81, -14.77, 27.74],
							"post": [16.81, -14.77, 27.74],
							"lerp_mode": "catmullrom"
						},
						"0.25": {
							"post": [10.38725, -13.74806, 10.06185],
							"lerp_mode": "catmullrom"
						},
						"0.4167": {
							"post": [-0.88995, -1.54338, 7.15196],
							"lerp_mode": "catmullrom"
						},
						"0.5833": [1.10685, 1.42586, -1.99731],
						"0.6667": {
							"pre": [0.39065, 0.294, 2.28025],
							"post": [0.39065, 0.294, 2.28025],
							"lerp_mode": "catmullrom"
						},
						"0.75": {
							"post": [0.03946, 0.20234, -1.89002],
							"lerp_mode": "catmullrom"
						},
						"0.9167": {
							"post": [0.03, 0.12, 0.67],
							"lerp_mode": "catmullrom"
						},
						"1.125": [0, 0, 0]
					},
					"position": {
						"0.0": {
							"post": [-5, -14, 0],
							"lerp_mode": "catmullrom"
						},
						"0.25": {
							"post": [-3.79, -7.23, -0.38],
							"lerp_mode": "catmullrom"
						},
						"0.4583": {
							"post": [-0.3, -0.975, -0.6],
							"lerp_mode": "catmullrom"
						},
						"0.6667": {
							"post": [0.01, -0.3, 0.5],
							"lerp_mode": "catmullrom"
						},
						"0.7917": [-0.01, -0.07, -0.32],
						"1.0": {
							"pre": [0, 0, 0],
							"post": [0, 0, 0],
							"lerp_mode": "catmullrom"
						}
					}
				},
				"rh": {
					"rotation": [90, -18, 0],
					"position": [-12.25, 3.9375, 18.875],
					"scale": [1, 1.5, 1]
				},
				"lf": {
					"rotation": [81.40827, 28.90632, -1.42509],
					"position": [15.5, 1.625, 16.1875],
					"scale": [1, 1.5, 1]
				}
			}
		},
		"shoot": {
			"animation_length": 0.875,
			"bones": {
				"root": {
					"rotation": {
						"0.0": {
							"post": [0, 0, 0],
							"lerp_mode": "catmullrom"
						},
						"0.125": {
							"post": [-16, 0, 0],
							"lerp_mode": "catmullrom"
						},
						"0.2917": {
							"post": [0.26625, 0.0093, 0.5883],
							"lerp_mode": "catmullrom"
						},
						"0.3333": {
							"post": [0.05, 0.15, -0.175],
							"lerp_mode": "catmullrom"
						},
						"0.4167": {
							"post": [-0.175, 0.13, -0.265],
							"lerp_mode": "catmullrom"
						},
						"0.5": {
							"post": [0, -0.075, 0.35],
							"lerp_mode": "catmullrom"
						},
						"0.5833": {
							"post": [0.05, -0.075, 0.24],
							"lerp_mode": "catmullrom"
						},
						"0.6667": {
							"post": [0.15, -0.05, -0.3],
							"lerp_mode": "catmullrom"
						},
						"0.75": {
							"post": [0.03, 0, -0.065],
							"lerp_mode": "catmullrom"
						},
						"0.875": {
							"post": [0, 0, 0],
							"lerp_mode": "catmullrom"
						}
					},
					"position": {
						"0.0": {
							"post": [0, 0, 0],
							"lerp_mode": "catmullrom"
						},
						"0.0417": {
							"post": [0, 0.81, 7.3125],
							"lerp_mode": "catmullrom"
						},
						"0.125": {
							"post": [0, 2.4375, 12.75],
							"lerp_mode": "catmullrom"
						},
						"0.25": {
							"post": [0, -0.00156, -0.09609],
							"lerp_mode": "catmullrom"
						},
						"0.3333": {
							"post": [0, -0.075, 0.05703],
							"lerp_mode": "catmullrom"
						},
						"0.4583": {
							"post": [0, 0.005, 0.04],
							"lerp_mode": "catmullrom"
						},
						"0.5": {
							"post": [0, 0.05, 0],
							"lerp_mode": "catmullrom"
						},
						"0.625": {
							"post": [0, 0.03, 0],
							"lerp_mode": "catmullrom"
						},
						"0.7083": {
							"post": [0, 0, 0],
							"lerp_mode": "catmullrom"
						},
						"0.8333": {
							"post": [0, 0, 0],
							"lerp_mode": "catmullrom"
						}
					}
				},
				"camera": {
					"rotation": {
						"0.0": {
							"post": [0, 0, 0],
							"lerp_mode": "catmullrom"
						},
						"0.0417": {
							"post": [-10, 0, 0.7],
							"lerp_mode": "catmullrom"
						},
						"0.1667": {
							"post": [0, 0, -0.15],
							"lerp_mode": "catmullrom"
						},
						"0.25": {
							"post": [0, 0, 0.125],
							"lerp_mode": "catmullrom"
						},
						"0.3333": {
							"post": [0, 0, -0.075],
							"lerp_mode": "catmullrom"
						},
						"0.4167": {
							"post": [0, 0, 0],
							"lerp_mode": "catmullrom"
						}
					}
				}
			}
		},
		"reload_tactical": {
			"animation_length": 1.5833,
			"bones": {
				"root": {
					"rotation": {
						"0.0": {
							"post": [0, 0, 0],
							"lerp_mode": "catmullrom"
						},
						"0.1667": {
							"post": [13.26924, 2.06428, 14.86051],
							"lerp_mode": "catmullrom"
						},
						"0.2917": {
							"post": [19.26924, 2.06428, 14.86051],
							"lerp_mode": "catmullrom"
						},
						"0.375": {
							"post": [-7.73076, 2.06428, 14.86051],
							"lerp_mode": "catmullrom"
						},
						"0.7083": {
							"post": [-7.73076, 2.06428, 14.86051],
							"lerp_mode": "catmullrom"
						},
						"0.75": {
							"post": [8.62086, 2.06428, 14.86051],
							"lerp_mode": "catmullrom"
						},
						"0.9583": {
							"post": [-7.73076, 2.06428, 14.86051],
							"lerp_mode": "catmullrom"
						},
						"1.0417": {
							"post": [-20.73076, 2.06428, 14.86051],
							"lerp_mode": "catmullrom"
						},
						"1.125": {
							"post": [-27.73076, 2.06428, 14.86051],
							"lerp_mode": "catmullrom"
						},
						"1.2917": {
							"post": [10.98483, -0.34834, -4.01212],
							"lerp_mode": "catmullrom"
						},
						"1.4167": {
							"post": [0, 0, 0],
							"lerp_mode": "catmullrom"
						},
						"1.5833": {
							"post": [0, 0, 0],
							"lerp_mode": "catmullrom"
						}
					},
					"position": {
						"0.0": {
							"post": [0, 0, 0],
							"lerp_mode": "catmullrom"
						},
						"1.4167": {
							"post": [0, 0, 0],
							"lerp_mode": "catmullrom"
						},
						"1.5833": {
							"post": [0, 0, 0],
							"lerp_mode": "catmullrom"
						}
					}
				},
				"kk": {
					"rotation": {
						"0.1667": [0, 0, 0],
						"0.25": [-71, 0, 0],
						"1.125": [-71, 0, 0],
						"1.25": [0, 0, 0]
					}
				},
				"qd": {
					"rotation": {
						"0.0": [0, 0, 0],
						"0.1667": [0, 0, 0],
						"0.2917": [45, 0, 0],
						"1.0": [45, 0, 0],
						"1.0417": [0, 0, 0]
					}
				},
				"kk2": {
					"rotation": {
						"0.0": [0, 0, 0],
						"0.1667": [0, 0, 0],
						"0.2917": [71, 0, 0],
						"0.3333": [75, 0, 0],
						"0.375": [70.75, 0, 0],
						"0.4167": [68.27, 0, 0],
						"0.4583": [75.78, 0, 0],
						"0.5417": [71, 0, 0],
						"0.7083": [71, 0, 0],
						"0.75": [90, 0, 0],
						"0.7917": [74.33, 0, 0],
						"0.8333": [73.66, 0, 0],
						"0.875": [71.5, 0, 0],
						"1.0": [71, 0, 0],
						"1.25": [0, 0, 0]
					}
				},
				"rh": {
					"rotation": [90, -18, 0],
					"position": [-12.25, 3.9375, 18.875],
					"scale": [1, 1.5, 1]
				},
				"lf": {
					"rotation": {
						"0.0": {
							"post": [81.40827, 28.90632, -1.42509],
							"lerp_mode": "catmullrom"
						},
						"0.1667": {
							"post": [76.99146, 54.4794, -7.89719],
							"lerp_mode": "catmullrom"
						},
						"0.2083": {
							"post": [61.91, 58.23, -13.19],
							"lerp_mode": "catmullrom"
						},
						"0.2917": {
							"post": [99.96881, -43.752, 19.04974],
							"lerp_mode": "catmullrom"
						},
						"0.625": {
							"post": [25.85921, 20.95513, -38.94101],
							"lerp_mode": "catmullrom"
						},
						"0.75": {
							"post": [38.2725, 22.45103, -45.52533],
							"lerp_mode": "catmullrom"
						},
						"0.8333": {
							"post": [47.82186, 39.42279, -27.267],
							"lerp_mode": "catmullrom"
						},
						"0.9167": {
							"post": [68.53937, 21.95197, -7.28887],
							"lerp_mode": "catmullrom"
						},
						"1.0": {
							"post": [79.82341, 42.28625, -2.84648],
							"lerp_mode": "catmullrom"
						},
						"1.0417": {
							"post": [65.81795, 51.8608, -8.69055],
							"lerp_mode": "catmullrom"
						},
						"1.125": {
							"post": [65.81795, 51.8608, -8.69055],
							"lerp_mode": "catmullrom"
						},
						"1.3333": {
							"post": [85.46465, 27.48928, -1.05449],
							"lerp_mode": "catmullrom"
						},
						"1.5": {
							"post": [81.40827, 28.90632, -1.42509],
							"lerp_mode": "catmullrom"
						}
					},
					"position": {
						"0.0": {
							"post": [15.5, 1.625, 16.1875],
							"lerp_mode": "catmullrom"
						},
						"0.1667": {
							"post": [20.5, 4.38, 17.7525],
							"lerp_mode": "catmullrom"
						},
						"0.2917": {
							"post": [20.55, 4.74, 16.79],
							"lerp_mode": "catmullrom"
						},
						"0.625": {
							"post": [19.17542, 5.26518, 12.78838],
							"lerp_mode": "catmullrom"
						},
						"0.75": {
							"post": [19.16, 5.99, 11.69],
							"lerp_mode": "catmullrom"
						},
						"0.8333": {
							"post": [19.16, 5.99, 11.69],
							"lerp_mode": "catmullrom"
						},
						"1.0": {
							"post": [21.06702, 6.93077, 7.6037],
							"lerp_mode": "catmullrom"
						},
						"1.125": {
							"post": [21.06702, 6.93077, 7.6037],
							"lerp_mode": "catmullrom"
						},
						"1.3333": {
							"post": [17.89, 3.91, 12.5],
							"lerp_mode": "catmullrom"
						},
						"1.5": {
							"post": [15.5, 1.625, 16.1875],
							"lerp_mode": "catmullrom"
						}
					},
					"scale": {
						"0.0": {
							"post": [1, 1.5, 1],
							"lerp_mode": "catmullrom"
						},
						"1.5": {
							"post": [1, 1.5, 1],
							"lerp_mode": "catmullrom"
						}
					}
				},
				"camera": {
					"rotation": {
						"0.0": {
							"post": [0, 0, 0],
							"lerp_mode": "catmullrom"
						},
						"0.1667": {
							"post": [0, 0, 0],
							"lerp_mode": "catmullrom"
						},
						"0.25": {
							"post": [7.92313, -1.10984, 7.92314],
							"lerp_mode": "catmullrom"
						},
						"0.3333": {
							"post": [0, 0, -2],
							"lerp_mode": "catmullrom"
						},
						"0.7083": {
							"post": [0.12, 0.09, -1.16],
							"lerp_mode": "catmullrom"
						},
						"0.75": {
							"post": [4.19334, 0.09074, -0.96122],
							"lerp_mode": "catmullrom"
						},
						"0.9583": {
							"post": [0, 0, 0],
							"lerp_mode": "catmullrom"
						},
						"1.125": {
							"post": [-6.98469, -0.54984, -0.9105],
							"lerp_mode": "catmullrom"
						},
						"1.25": {
							"post": [0, 0, 0],
							"lerp_mode": "catmullrom"
						},
						"1.3333": {
							"post": [1, 0, 0],
							"lerp_mode": "catmullrom"
						},
						"1.4167": {
							"post": [-1, 0, 0],
							"lerp_mode": "catmullrom"
						},
						"1.5417": {
							"post": [0, 0, 0],
							"lerp_mode": "catmullrom"
						}
					}
				},
				"mag": {
					"scale": {
						"0.0": [0, 0, 0],
						"0.7083": [0, 0, 0],
						"0.75": [1, 1, 1]
					}
				}
			}
		},
		"reload_empty": {
			"animation_length": 1.5833,
			"bones": {
				"root": {
					"rotation": {
						"0.0": {
							"post": [0, 0, 0],
							"lerp_mode": "catmullrom"
						},
						"0.1667": {
							"post": [13.26924, 2.06428, 14.86051],
							"lerp_mode": "catmullrom"
						},
						"0.2917": {
							"post": [19.26924, 2.06428, 14.86051],
							"lerp_mode": "catmullrom"
						},
						"0.375": {
							"post": [-7.73076, 2.06428, 14.86051],
							"lerp_mode": "catmullrom"
						},
						"0.7083": {
							"post": [-7.73076, 2.06428, 14.86051],
							"lerp_mode": "catmullrom"
						},
						"0.75": {
							"post": [8.62086, 2.06428, 14.86051],
							"lerp_mode": "catmullrom"
						},
						"0.9583": {
							"post": [-7.73076, 2.06428, 14.86051],
							"lerp_mode": "catmullrom"
						},
						"1.0417": {
							"post": [-20.73076, 2.06428, 14.86051],
							"lerp_mode": "catmullrom"
						},
						"1.125": {
							"post": [-27.73076, 2.06428, 14.86051],
							"lerp_mode": "catmullrom"
						},
						"1.2917": {
							"post": [10.98483, -0.34834, -4.01212],
							"lerp_mode": "catmullrom"
						},
						"1.4167": {
							"post": [0, 0, 0],
							"lerp_mode": "catmullrom"
						},
						"1.5833": {
							"post": [0, 0, 0],
							"lerp_mode": "catmullrom"
						}
					},
					"position": {
						"0.0": {
							"post": [0, 0, 0],
							"lerp_mode": "catmullrom"
						},
						"1.4167": {
							"post": [0, 0, 0],
							"lerp_mode": "catmullrom"
						},
						"1.5833": {
							"post": [0, 0, 0],
							"lerp_mode": "catmullrom"
						}
					}
				},
				"kk": {
					"rotation": {
						"0.0": [0, 0, 0],
						"0.1667": [0, 0, 0],
						"0.25": [-71, 0, 0],
						"1.125": [-71, 0, 0],
						"1.25": [0, 0, 0]
					}
				},
				"qd": {
					"rotation": {
						"0.0": [0, 0, 0],
						"0.1667": [0, 0, 0],
						"0.2917": [45, 0, 0],
						"1.0": [45, 0, 0],
						"1.0417": [0, 0, 0]
					}
				},
				"kk2": {
					"rotation": {
						"0.0": [0, 0, 0],
						"0.1667": [0, 0, 0],
						"0.2917": [71, 0, 0],
						"0.3333": [75, 0, 0],
						"0.375": [70.75, 0, 0],
						"0.4167": [68.27, 0, 0],
						"0.4583": [75.78, 0, 0],
						"0.5417": [71, 0, 0],
						"0.7083": [71, 0, 0],
						"0.75": [90, 0, 0],
						"0.7917": [74.33, 0, 0],
						"0.8333": [73.66, 0, 0],
						"0.875": [71.5, 0, 0],
						"1.0": [71, 0, 0],
						"1.25": [0, 0, 0]
					}
				},
				"rh": {
					"rotation": [90, -18, 0],
					"position": [-12.25, 3.9375, 18.875],
					"scale": [1, 1.5, 1]
				},
				"lf": {
					"rotation": {
						"0.0": {
							"post": [81.40827, 28.90632, -1.42509],
							"lerp_mode": "catmullrom"
						},
						"0.1667": {
							"post": [76.99146, 54.4794, -7.89719],
							"lerp_mode": "catmullrom"
						},
						"0.2083": {
							"post": [61.91, 58.23, -13.19],
							"lerp_mode": "catmullrom"
						},
						"0.2917": {
							"post": [99.96881, -43.752, 19.04974],
							"lerp_mode": "catmullrom"
						},
						"0.625": {
							"post": [25.85921, 20.95513, -38.94101],
							"lerp_mode": "catmullrom"
						},
						"0.75": {
							"post": [38.2725, 22.45103, -45.52533],
							"lerp_mode": "catmullrom"
						},
						"0.8333": {
							"post": [47.82186, 39.42279, -27.267],
							"lerp_mode": "catmullrom"
						},
						"0.9167": {
							"post": [68.53937, 21.95197, -7.28887],
							"lerp_mode": "catmullrom"
						},
						"1.0": {
							"post": [79.82341, 42.28625, -2.84648],
							"lerp_mode": "catmullrom"
						},
						"1.0417": {
							"post": [65.81795, 51.8608, -8.69055],
							"lerp_mode": "catmullrom"
						},
						"1.125": {
							"post": [65.81795, 51.8608, -8.69055],
							"lerp_mode": "catmullrom"
						},
						"1.3333": {
							"post": [85.46465, 27.48928, -1.05449],
							"lerp_mode": "catmullrom"
						},
						"1.5": {
							"post": [81.40827, 28.90632, -1.42509],
							"lerp_mode": "catmullrom"
						}
					},
					"position": {
						"0.0": {
							"post": [15.5, 1.625, 16.1875],
							"lerp_mode": "catmullrom"
						},
						"0.1667": {
							"post": [20.5, 4.38, 17.7525],
							"lerp_mode": "catmullrom"
						},
						"0.2917": {
							"post": [20.55, 4.74, 16.79],
							"lerp_mode": "catmullrom"
						},
						"0.625": {
							"post": [19.17542, 5.26518, 12.78838],
							"lerp_mode": "catmullrom"
						},
						"0.75": {
							"post": [19.16, 5.99, 11.69],
							"lerp_mode": "catmullrom"
						},
						"0.8333": {
							"post": [19.16, 5.99, 11.69],
							"lerp_mode": "catmullrom"
						},
						"1.0": {
							"post": [21.06702, 6.93077, 7.6037],
							"lerp_mode": "catmullrom"
						},
						"1.125": {
							"post": [21.06702, 6.93077, 7.6037],
							"lerp_mode": "catmullrom"
						},
						"1.3333": {
							"post": [17.89, 3.91, 12.5],
							"lerp_mode": "catmullrom"
						},
						"1.5": {
							"post": [15.5, 1.625, 16.1875],
							"lerp_mode": "catmullrom"
						}
					},
					"scale": {
						"0.0": {
							"post": [1, 1.5, 1],
							"lerp_mode": "catmullrom"
						},
						"1.5": {
							"post": [1, 1.5, 1],
							"lerp_mode": "catmullrom"
						}
					}
				},
				"mag": {
					"scale": {
						"0.0": [0, 0, 0],
						"0.7083": [0, 0, 0],
						"0.75": [1, 1, 1]
					}
				},
				"camera": {
					"rotation": {
						"0.0": {
							"post": [0, 0, 0],
							"lerp_mode": "catmullrom"
						},
						"0.1667": {
							"post": [0, 0, 0],
							"lerp_mode": "catmullrom"
						},
						"0.25": {
							"post": [7.92313, -1.10984, 7.92314],
							"lerp_mode": "catmullrom"
						},
						"0.3333": {
							"post": [0, 0, -2],
							"lerp_mode": "catmullrom"
						},
						"0.7083": {
							"post": [0.12, 0.09, -1.16],
							"lerp_mode": "catmullrom"
						},
						"0.75": {
							"post": [4.19334, 0.09074, -0.96122],
							"lerp_mode": "catmullrom"
						},
						"0.9583": {
							"post": [0, 0, 0],
							"lerp_mode": "catmullrom"
						},
						"1.125": {
							"post": [-6.98469, -0.54984, -0.9105],
							"lerp_mode": "catmullrom"
						},
						"1.25": {
							"post": [0, 0, 0],
							"lerp_mode": "catmullrom"
						},
						"1.3333": {
							"post": [1, 0, 0],
							"lerp_mode": "catmullrom"
						},
						"1.4167": {
							"post": [-1, 0, 0],
							"lerp_mode": "catmullrom"
						},
						"1.5417": {
							"post": [0, 0, 0],
							"lerp_mode": "catmullrom"
						}
					}
				}
			}
		},
		"inspect": {
			"animation_length": 4.5,
			"bones": {
				"rh": {
					"rotation": [90, -18, 0],
					"position": [-12.25, 3.9375, 18.875],
					"scale": [1, 1.5, 1]
				},
				"lf": {
					"rotation": {
						"0.0": {
							"post": [81.40827, 28.90632, -1.42509],
							"lerp_mode": "catmullrom"
						},
						"0.5": {
							"post": [53.49227, 21.04349, -11.62187],
							"lerp_mode": "catmullrom"
						},
						"0.5833": {
							"post": [75.49227, 21.04349, -11.62187],
							"lerp_mode": "catmullrom"
						},
						"3.75": {
							"post": [75.49, 21.04, -11.62],
							"lerp_mode": "catmullrom"
						},
						"3.8333": {
							"post": [53.49227, 21.04349, -11.62187],
							"lerp_mode": "catmullrom"
						},
						"3.9583": {
							"post": [53.49227, 21.04349, -11.62187],
							"lerp_mode": "catmullrom"
						},
						"4.0833": {
							"post": [72.66523, 21.46067, 5.26486],
							"lerp_mode": "catmullrom"
						},
						"4.25": {
							"post": [81.40827, 28.90632, -1.42509],
							"lerp_mode": "catmullrom"
						},
						"4.5": {
							"post": [81.40827, 28.90632, -1.42509],
							"lerp_mode": "catmullrom"
						}
					},
					"position": {
						"0.0": {
							"post": [15.5, 1.625, 16.1875],
							"lerp_mode": "catmullrom"
						},
						"0.5": {
							"post": [15.5, 1.63, 7.6275],
							"lerp_mode": "catmullrom"
						},
						"3.625": {
							"post": [15.5, 1.63, 7.63],
							"lerp_mode": "catmullrom"
						},
						"3.8333": {
							"post": [15.5, 1.63, 7.6275],
							"lerp_mode": "catmullrom"
						},
						"3.9583": {
							"post": [15.5, 1.63, 7.6275],
							"lerp_mode": "catmullrom"
						},
						"4.25": {
							"post": [15.5, 1.625, 16.1875],
							"lerp_mode": "catmullrom"
						},
						"4.5": {
							"post": [15.5, 1.625, 16.1875],
							"lerp_mode": "catmullrom"
						}
					},
					"scale": {
						"0.0": {
							"post": [1, 1.5, 1],
							"lerp_mode": "catmullrom"
						},
						"4.25": {
							"post": [1, 1.5, 1],
							"lerp_mode": "catmullrom"
						},
						"4.5": {
							"post": [1, 1.5, 1],
							"lerp_mode": "catmullrom"
						}
					}
				},
				"root": {
					"rotation": {
						"0.0": {
							"post": [0, 0, 0],
							"lerp_mode": "catmullrom"
						},
						"0.5": {
							"post": [0, 0, 0],
							"lerp_mode": "catmullrom"
						},
						"0.5833": {
							"post": [17, 0, 0],
							"lerp_mode": "catmullrom"
						},
						"0.625": {
							"post": [22.69, 0, 0],
							"lerp_mode": "catmullrom"
						},
						"0.75": {
							"post": [17, 0, 0],
							"lerp_mode": "catmullrom"
						},
						"1.4167": {
							"post": [-13.26238, -5.68828, 21.18447],
							"lerp_mode": "catmullrom"
						},
						"3.1667": {
							"post": [-13.26238, -5.68828, 21.18447],
							"lerp_mode": "catmullrom"
						},
						"3.7917": {
							"post": [6.7, -3.46, 9.61],
							"lerp_mode": "catmullrom"
						},
						"3.8333": {
							"post": [1.42194, -3.31616, 9.2109],
							"lerp_mode": "catmullrom"
						},
						"3.9583": {
							"post": [6.7, -3.46, 9.61],
							"lerp_mode": "catmullrom"
						},
						"4.25": {
							"post": [0, 0, 0],
							"lerp_mode": "catmullrom"
						},
						"4.5": {
							"post": [0, 0, 0],
							"lerp_mode": "catmullrom"
						}
					},
					"position": {
						"0.0": {
							"post": [0, 0, 0],
							"lerp_mode": "catmullrom"
						},
						"0.5": {
							"post": [0, 0, 0],
							"lerp_mode": "catmullrom"
						},
						"0.5833": {
							"post": [0, -1.6875, 0],
							"lerp_mode": "catmullrom"
						},
						"0.75": {
							"post": [0, -1.6875, 0],
							"lerp_mode": "catmullrom"
						},
						"1.4167": {
							"post": [0.375, 5.065, 4],
							"lerp_mode": "catmullrom"
						},
						"3.1667": {
							"post": [0.375, 5.065, 4],
							"lerp_mode": "catmullrom"
						},
						"3.7917": {
							"post": [0, 0.2, 0],
							"lerp_mode": "catmullrom"
						},
						"3.9583": {
							"post": [0, 0.2, 0],
							"lerp_mode": "catmullrom"
						},
						"4.25": {
							"post": [0, 0, 0],
							"lerp_mode": "catmullrom"
						},
						"4.5": {
							"post": [0, 0, 0],
							"lerp_mode": "catmullrom"
						}
					}
				},
				"kk": {
					"rotation": {
						"0.0": [0, 0, 0],
						"0.5": [0, 0, 0],
						"0.5833": [-107, 0, 0],
						"0.7083": [-126, 0, 0],
						"0.875": [-110, 0, 0],
						"1.0417": [-118, 0, 0],
						"1.1667": [-105, 0, 0],
						"3.75": [-105, 0, 0],
						"3.875": [0, 0, 0]
					}
				},
				"qd": {
					"rotation": {
						"0.5": [0, 0, 0],
						"0.5833": [58, 0, 0],
						"3.75": [58, 0, 0],
						"3.8333": [0, 0, 0]
					}
				},
				"kk2": {
					"rotation": {
						"0.0": [0, 0, 0],
						"0.5": [0, 0, 0],
						"0.7083": [75, 0, 0],
						"0.9167": [88, 0, 0],
						"1.0833": [84, 0, 0],
						"1.2083": [79, 0, 0],
						"3.75": [79, 0, 0],
						"3.875": [0, 0, 0]
					}
				},
				"camera": {
					"rotation": {
						"0.5": {
							"pre": [0, 0, 0],
							"post": [0, 0, 0],
							"lerp_mode": "catmullrom"
						},
						"0.5833": {
							"post": [4, 0, 0],
							"lerp_mode": "catmullrom"
						},
						"0.7083": {
							"post": [0, 0, 0],
							"lerp_mode": "catmullrom"
						},
						"1.4583": {
							"post": [5, 18, 0],
							"lerp_mode": "catmullrom"
						},
						"3.0833": {
							"post": [5, 18, 0],
							"lerp_mode": "catmullrom"
						},
						"3.8333": {
							"post": [0, 0, 0],
							"lerp_mode": "catmullrom"
						},
						"3.9167": {
							"post": [0, 0, 0],
							"lerp_mode": "catmullrom"
						},
						"3.9583": {
							"post": [-4, 0, 0],
							"lerp_mode": "catmullrom"
						},
						"4.3333": {
							"post": [0, 0, 0],
							"lerp_mode": "catmullrom"
						}
					}
				}
			}
		},
		"inspect_empty": {
			"animation_length": 4.5,
			"bones": {
				"rh": {
					"rotation": [90, -18, 0],
					"position": [-12.25, 3.9375, 18.875],
					"scale": [1, 1.5, 1]
				},
				"lf": {
					"rotation": {
						"0.0": {
							"post": [81.40827, 28.90632, -1.42509],
							"lerp_mode": "catmullrom"
						},
						"0.5": {
							"post": [53.49227, 21.04349, -11.62187],
							"lerp_mode": "catmullrom"
						},
						"0.5833": {
							"post": [75.49227, 21.04349, -11.62187],
							"lerp_mode": "catmullrom"
						},
						"3.75": {
							"post": [75.49, 21.04, -11.62],
							"lerp_mode": "catmullrom"
						},
						"3.8333": {
							"post": [53.49227, 21.04349, -11.62187],
							"lerp_mode": "catmullrom"
						},
						"3.9583": {
							"post": [53.49227, 21.04349, -11.62187],
							"lerp_mode": "catmullrom"
						},
						"4.0833": {
							"post": [72.66523, 21.46067, 5.26486],
							"lerp_mode": "catmullrom"
						},
						"4.25": {
							"post": [81.40827, 28.90632, -1.42509],
							"lerp_mode": "catmullrom"
						},
						"4.5": {
							"post": [81.40827, 28.90632, -1.42509],
							"lerp_mode": "catmullrom"
						}
					},
					"position": {
						"0.0": {
							"post": [15.5, 1.625, 16.1875],
							"lerp_mode": "catmullrom"
						},
						"0.5": {
							"post": [15.5, 1.63, 7.6275],
							"lerp_mode": "catmullrom"
						},
						"3.625": {
							"post": [15.5, 1.63, 7.63],
							"lerp_mode": "catmullrom"
						},
						"3.8333": {
							"post": [15.5, 1.63, 7.6275],
							"lerp_mode": "catmullrom"
						},
						"3.9583": {
							"post": [15.5, 1.63, 7.6275],
							"lerp_mode": "catmullrom"
						},
						"4.25": {
							"post": [15.5, 1.625, 16.1875],
							"lerp_mode": "catmullrom"
						},
						"4.5": {
							"post": [15.5, 1.625, 16.1875],
							"lerp_mode": "catmullrom"
						}
					},
					"scale": {
						"0.0": {
							"post": [1, 1.5, 1],
							"lerp_mode": "catmullrom"
						},
						"4.25": {
							"post": [1, 1.5, 1],
							"lerp_mode": "catmullrom"
						},
						"4.5": {
							"post": [1, 1.5, 1],
							"lerp_mode": "catmullrom"
						}
					}
				},
				"root": {
					"rotation": {
						"0.0": {
							"post": [0, 0, 0],
							"lerp_mode": "catmullrom"
						},
						"0.5": {
							"post": [0, 0, 0],
							"lerp_mode": "catmullrom"
						},
						"0.5833": {
							"post": [17, 0, 0],
							"lerp_mode": "catmullrom"
						},
						"0.625": {
							"post": [22.69, 0, 0],
							"lerp_mode": "catmullrom"
						},
						"0.75": {
							"post": [17, 0, 0],
							"lerp_mode": "catmullrom"
						},
						"1.4167": {
							"post": [-13.26238, -5.68828, 21.18447],
							"lerp_mode": "catmullrom"
						},
						"3.1667": {
							"post": [-13.26238, -5.68828, 21.18447],
							"lerp_mode": "catmullrom"
						},
						"3.7917": {
							"post": [6.7, -3.46, 9.61],
							"lerp_mode": "catmullrom"
						},
						"3.8333": {
							"post": [1.42194, -3.31616, 9.2109],
							"lerp_mode": "catmullrom"
						},
						"3.9583": {
							"post": [6.7, -3.46, 9.61],
							"lerp_mode": "catmullrom"
						},
						"4.25": {
							"post": [0, 0, 0],
							"lerp_mode": "catmullrom"
						},
						"4.5": {
							"post": [0, 0, 0],
							"lerp_mode": "catmullrom"
						}
					},
					"position": {
						"0.0": {
							"post": [0, 0, 0],
							"lerp_mode": "catmullrom"
						},
						"0.5": {
							"post": [0, 0, 0],
							"lerp_mode": "catmullrom"
						},
						"0.5833": {
							"post": [0, -1.6875, 0],
							"lerp_mode": "catmullrom"
						},
						"0.75": {
							"post": [0, -1.6875, 0],
							"lerp_mode": "catmullrom"
						},
						"1.4167": {
							"post": [0.375, 5.065, 4],
							"lerp_mode": "catmullrom"
						},
						"3.1667": {
							"post": [0.375, 5.065, 4],
							"lerp_mode": "catmullrom"
						},
						"3.7917": {
							"post": [0, 0.2, 0],
							"lerp_mode": "catmullrom"
						},
						"3.9583": {
							"post": [0, 0.2, 0],
							"lerp_mode": "catmullrom"
						},
						"4.25": {
							"post": [0, 0, 0],
							"lerp_mode": "catmullrom"
						},
						"4.5": {
							"post": [0, 0, 0],
							"lerp_mode": "catmullrom"
						}
					}
				},
				"kk": {
					"rotation": {
						"0.0": [0, 0, 0],
						"0.5": [0, 0, 0],
						"0.5833": [-107, 0, 0],
						"0.7083": [-126, 0, 0],
						"0.875": [-110, 0, 0],
						"1.0417": [-118, 0, 0],
						"1.1667": [-105, 0, 0],
						"3.75": [-105, 0, 0],
						"3.875": [0, 0, 0]
					}
				},
				"qd": {
					"rotation": {
						"0.5": [0, 0, 0],
						"0.5833": [58, 0, 0],
						"3.75": [58, 0, 0],
						"3.8333": [0, 0, 0]
					}
				},
				"kk2": {
					"rotation": {
						"0.0": [0, 0, 0],
						"0.5": [0, 0, 0],
						"0.7083": [75, 0, 0],
						"0.9167": [88, 0, 0],
						"1.0833": [84, 0, 0],
						"1.2083": [79, 0, 0],
						"3.75": [79, 0, 0],
						"3.875": [0, 0, 0]
					}
				},
				"mag": {
					"scale": 0
				},
				"camera": {
					"rotation": {
						"0.5": {
							"pre": [0, 0, 0],
							"post": [0, 0, 0],
							"lerp_mode": "catmullrom"
						},
						"0.5833": {
							"post": [4, 0, 0],
							"lerp_mode": "catmullrom"
						},
						"0.7083": {
							"post": [0, 0, 0],
							"lerp_mode": "catmullrom"
						},
						"1.4583": {
							"post": [5, 18, 0],
							"lerp_mode": "catmullrom"
						},
						"3.0833": {
							"post": [5, 18, 0],
							"lerp_mode": "catmullrom"
						},
						"3.8333": {
							"post": [0, 0, 0],
							"lerp_mode": "catmullrom"
						},
						"3.9167": {
							"post": [0, 0, 0],
							"lerp_mode": "catmullrom"
						},
						"3.9583": {
							"post": [-4, 0, 0],
							"lerp_mode": "catmullrom"
						},
						"4.3333": {
							"post": [0, 0, 0],
							"lerp_mode": "catmullrom"
						}
					}
				}
			}
		}
	}
}