{
	"format_version": "1.8.0",
	"animations": {
		"static_idle": {
			"loop": true,
			"bones": {
				"root": {
					"rotation": [0, 0, 0],
					"position": [0, 0, 0]
				},
				"lefthand_pos": {
					"rotation": [93.84534, 29.99496, -0.5773],
					"position": [13.75, 0, 18.3125]
				},
				"righthand_pos": {
					"rotation": [90, -15, 0],
					"position": [-9.75, 0.625, 20.375]
				},
				"constraint": {
					"rotation": [0.2, 0.2, 0.2],
					"position": [0.2, 0.2, 0.2]
				}
			}
		},
		"shoot": {
			"animation_length": 0.5833,
			"bones": {
				"root": {
					"rotation": {
						"0.0": [0, 0, 0],
						"0.0417": [5.94, -0.27, -11.04],
						"0.0833": [-27.98, -8.63, -7.72],
						"0.125": [-17.35, -1, 2.05],
						"0.1667": [-13.94, -1.29, 3.6],
						"0.2083": [-10.31, -2.35, 3.27],
						"0.25": [2.03, -0.93, -2.03],
						"0.2917": [2.35, -0.29, -1.82],
						"0.3333": [1.06, 0.38, -0.79],
						"0.375": [0, 0.75, 0],
						"0.4167": [-0.07, 0.13, 0],
						"0.4583": [0, -0.2, -0.1],
						"0.5": [0, -0.21, -0.08],
						"0.5417": [0, -0.09, -0.03],
						"0.5833": [0, 0, 0]
					},
					"position": {
						"0.0": [0, 0, 0],
						"0.0417": [0, -0.22, 2.42],
						"0.0833": [-0.16, 0.56, 1.75],
						"0.125": [-0.11, 0.56, 1.14],
						"0.1667": [-0.06, 0.41, 0.43],
						"0.2083": [-0.03, 0.13, 0.14],
						"0.25": [0, -0.45, -0.17],
						"0.2917": [0, -0.39, -0.14],
						"0.3333": [0, -0.19, -0.02],
						"0.375": [0, -0.03, 0.08],
						"0.4167": [0, 0.01, 0.03],
						"0.4583": [0, 0, 0],
						"0.5": [0, 0, -0.01],
						"0.5417": [0, 0, 0],
						"0.5833": [0, 0, 0]
					}
				},
				"mag": {
					"rotation": {
						"0.0": {
							"post": [0, 0, 0],
							"lerp_mode": "catmullrom"
						},
						"0.125": {
							"post": [0, 0, 90],
							"lerp_mode": "catmullrom"
						},
						"0.5": {
							"post": [0, 0, 0],
							"lerp_mode": "catmullrom"
						}
					}
				},
				"QJ": {
					"rotation": {
						"0.0": [0, 0, 0],
						"0.0417": [-52, 0, 0],
						"0.0833": [0, 0, 0]
					}
				},
				"camera": {
					"rotation": {
						"0.0": [0, 0, 0],
						"0.0417": [0, 0, 3.15],
						"0.0833": [0, 0, 1.94],
						"0.125": [0, 0, -0.96],
						"0.1667": [0, 0, 0.6],
						"0.2083": [0, 0, -0.32],
						"0.25": [0, 0, 0]
					}
				}
			}
		},
		"put_away": {
			"animation_length": 0.5,
			"bones": {
				"root": {
					"rotation": {
						"0.0": {
							"post": [0, 0, 0],
							"lerp_mode": "catmullrom"
						},
						"0.5": {
							"post": [63, 0, 0],
							"lerp_mode": "catmullrom"
						}
					},
					"position": {
						"0.0": {
							"post": [0, 0, 0],
							"lerp_mode": "catmullrom"
						},
						"0.5": {
							"post": [0, -15.625, 4.9375],
							"lerp_mode": "catmullrom"
						}
					}
				}
			}
		},
		"inspect": {
			"animation_length": 3,
			"bones": {
				"root": {
					"rotation": {
						"2.75": {
							"pre": [0, 0, 0],
							"post": [0, 0, 0],
							"lerp_mode": "catmullrom"
						},
						"3.0": {
							"post": [0, 0, 0],
							"lerp_mode": "catmullrom"
						}
					},
					"position": {
						"0.0": {
							"post": [0, 0, 0],
							"lerp_mode": "catmullrom"
						},
						"2.0": {
							"post": [0, 0, 0],
							"lerp_mode": "catmullrom"
						},
						"2.0833": {
							"post": [-1.75, -0.4375, 0],
							"lerp_mode": "catmullrom"
						},
						"2.25": {
							"post": [0, 0, 0],
							"lerp_mode": "catmullrom"
						},
						"2.75": {
							"post": [0, 0, 0],
							"lerp_mode": "catmullrom"
						},
						"2.875": {
							"post": [0, -1.0625, 0],
							"lerp_mode": "catmullrom"
						},
						"3.0": {
							"post": [0, 0, 0],
							"lerp_mode": "catmullrom"
						}
					}
				},
				"lefthand_pos": {
					"rotation": {
						"0.0": {
							"post": [93.84534, 29.99496, -0.5773],
							"lerp_mode": "catmullrom"
						},
						"0.25": {
							"post": [161.93311, 25.24512, -51.49125],
							"lerp_mode": "catmullrom"
						},
						"1.0": {
							"post": [161.93311, 25.24512, -51.49125],
							"lerp_mode": "catmullrom"
						},
						"1.75": {
							"post": [68.23921, -8.71959, -42.81548],
							"lerp_mode": "catmullrom"
						},
						"1.9583": {
							"post": [63.11834, -33.70859, -26.30591],
							"lerp_mode": "catmullrom"
						},
						"2.0833": {
							"post": [65.76948, 3.88244, -50.38491],
							"lerp_mode": "catmullrom"
						},
						"3.0": {
							"post": [93.84534, 29.99496, -0.5773],
							"lerp_mode": "catmullrom"
						}
					},
					"position": {
						"0.0": {
							"post": [13.75, 0, 18.3125],
							"lerp_mode": "catmullrom"
						},
						"0.25": {
							"post": [13.82, -0.46, 16.77],
							"lerp_mode": "catmullrom"
						},
						"1.0": {
							"post": [13.82, -0.46, 16.77],
							"lerp_mode": "catmullrom"
						},
						"1.75": {
							"post": [13.82, 0.2275, 13.5825],
							"lerp_mode": "catmullrom"
						},
						"3.0": {
							"post": [13.75, 0, 18.3125],
							"lerp_mode": "catmullrom"
						}
					}
				},
				"righthand_and_gun": {
					"rotation": {
						"0.0": {
							"post": [0, 0, 0],
							"lerp_mode": "catmullrom"
						},
						"0.2917": {
							"post": [-17, 0, -17],
							"lerp_mode": "catmullrom"
						},
						"0.8333": {
							"post": [-17, 0, -17],
							"lerp_mode": "catmullrom"
						},
						"1.375": {
							"post": [-3.08371, 31.76539, 62.7627],
							"lerp_mode": "catmullrom"
						},
						"1.75": {
							"post": [-3.08371, 31.76539, 62.7627],
							"lerp_mode": "catmullrom"
						},
						"2.3333": {
							"post": [-3.08371, 31.76539, 62.7627],
							"lerp_mode": "catmullrom"
						},
						"2.8333": {
							"post": [0, 0, 0],
							"lerp_mode": "catmullrom"
						}
					},
					"position": {
						"0.0": {
							"post": [0, 0, 0],
							"lerp_mode": "catmullrom"
						},
						"0.2917": {
							"post": [-0.8125, 6.5625, 0],
							"lerp_mode": "catmullrom"
						},
						"0.4583": {
							"post": [-0.86, 5.9075, 0],
							"lerp_mode": "catmullrom"
						},
						"0.6667": {
							"post": [-0.8125, 6.5625, 0],
							"lerp_mode": "catmullrom"
						},
						"0.8333": {
							"post": [-0.8125, 6.5625, 0],
							"lerp_mode": "catmullrom"
						},
						"1.375": {
							"post": [-4.2475, 9.935, -2],
							"lerp_mode": "catmullrom"
						},
						"1.75": {
							"post": [-4.2475, 9.935, -2],
							"lerp_mode": "catmullrom"
						},
						"2.3333": {
							"post": [-4.2475, 9.935, -2],
							"lerp_mode": "catmullrom"
						},
						"2.8333": {
							"post": [0, 0, 0],
							"lerp_mode": "catmullrom"
						}
					}
				},
				"righthand_pos": {
					"rotation": [90, -15, 0],
					"position": [-9.75, 0.625, 20.375]
				},
				"mag": {
					"rotation": {
						"0.0": [0, 0, 0],
						"2.0417": {
							"pre": [0, 0, 0],
							"post": [0, 0, 0],
							"lerp_mode": "catmullrom"
						},
						"2.3333": {
							"post": [0, 0, 360],
							"lerp_mode": "catmullrom"
						},
						"2.75": {
							"post": [0, 0, 720],
							"lerp_mode": "catmullrom"
						}
					}
				},
				"camera": {
					"rotation": {
						"0.0": {
							"post": [0, 0, 0],
							"lerp_mode": "catmullrom"
						},
						"0.375": {
							"post": [-0.01885, -0.01204, -6],
							"lerp_mode": "catmullrom"
						},
						"1.2917": {
							"post": [1.93, -0.05, -5.28],
							"lerp_mode": "catmullrom"
						},
						"1.9583": {
							"post": [0, 0, 0],
							"lerp_mode": "catmullrom"
						},
						"2.0833": {
							"post": [2.50152, 1.9981, 0.08727],
							"lerp_mode": "catmullrom"
						},
						"2.3333": {
							"post": [0, 0, 0],
							"lerp_mode": "catmullrom"
						}
					},
					"position": {
						"0.0": [0, 0, 0],
						"1.2917": [0, -0.4375, 0]
					}
				}
			}
		},
		"reload_empty": {
			"animation_length": 2.6667,
			"bones": {
				"QDD": {
					"rotation": {
						"0.0": {
							"post": [0, 0, 0],
							"lerp_mode": "catmullrom"
						},
						"0.3333": {
							"post": [0, 0, 0],
							"lerp_mode": "catmullrom"
						},
						"0.4167": {
							"post": [53, 0, 0],
							"lerp_mode": "catmullrom"
						},
						"1.8333": {
							"post": [53, 0, 0],
							"lerp_mode": "catmullrom"
						},
						"2.0": {
							"post": [0, 0, 0],
							"lerp_mode": "catmullrom"
						}
					}
				},
				"mag": {
					"rotation": {
						"0.75": {
							"pre": [0, 0, 0],
							"post": [0, 0, 0],
							"lerp_mode": "catmullrom"
						},
						"0.7917": {
							"post": [0, 45.39, 0],
							"lerp_mode": "catmullrom"
						},
						"0.875": {
							"post": [0, 78.2, 0],
							"lerp_mode": "catmullrom"
						},
						"0.9583": {
							"post": [0, 17, 0],
							"lerp_mode": "catmullrom"
						},
						"1.25": {
							"post": [0, 0, 0],
							"lerp_mode": "catmullrom"
						}
					},
					"position": {
						"0.75": {
							"pre": [0, 0, 0],
							"post": [0, 0, 0],
							"lerp_mode": "catmullrom"
						},
						"0.8333": {
							"post": [12.2725, -0.58, 5.8175],
							"lerp_mode": "catmullrom"
						},
						"0.875": {
							"post": [24.98, -0.57, 5.68],
							"lerp_mode": "catmullrom"
						},
						"0.9167": {
							"post": [17.5775, -0.5, 19.055],
							"lerp_mode": "catmullrom"
						},
						"0.9583": {
							"post": [11.035, -0.42, 14.405],
							"lerp_mode": "catmullrom"
						},
						"1.0": {
							"post": [9.645, -0.4, 12.0525],
							"lerp_mode": "catmullrom"
						},
						"1.0833": {
							"post": [6.2775, -0.8325, 7.035],
							"lerp_mode": "catmullrom"
						},
						"1.125": {
							"post": [1.6, -0.24, 1.75],
							"lerp_mode": "catmullrom"
						},
						"1.25": {
							"post": [0, 0, 0],
							"lerp_mode": "catmullrom"
						}
					}
				},
				"lefthand_pos": {
					"rotation": {
						"0.0": {
							"post": [93.84534, 29.99496, -0.5773],
							"lerp_mode": "catmullrom"
						},
						"0.25": {
							"post": [161.93311, 25.24512, -51.49125],
							"lerp_mode": "catmullrom"
						},
						"0.625": {
							"post": [161.93311, 25.24512, -51.49125],
							"lerp_mode": "catmullrom"
						},
						"0.9583": {
							"post": [99.93311, 25.24512, -51.49125],
							"lerp_mode": "catmullrom"
						},
						"1.0417": {
							"post": [86.68267, 24.0771, -49.19038],
							"lerp_mode": "catmullrom"
						},
						"1.0833": {
							"post": [77.38799, 23.41163, -47.87946],
							"lerp_mode": "catmullrom"
						},
						"1.125": {
							"post": [42.55818, 22.40247, -45.89154],
							"lerp_mode": "catmullrom"
						},
						"1.25": {
							"post": [30.6331, 20.41825, -41.98283],
							"lerp_mode": "catmullrom"
						},
						"1.4167": {
							"post": [63.6331, 20.41825, -41.98283],
							"lerp_mode": "catmullrom"
						},
						"1.5833": {
							"post": [161.93311, 25.24512, -51.49125],
							"lerp_mode": "catmullrom"
						},
						"1.9583": {
							"post": [161.93311, 25.24512, -51.49125],
							"lerp_mode": "catmullrom"
						},
						"2.5": {
							"post": [93.84534, 29.99496, -0.5773],
							"lerp_mode": "catmullrom"
						}
					},
					"position": {
						"0.0": {
							"post": [13.75, 0, 18.3125],
							"lerp_mode": "catmullrom"
						},
						"0.25": {
							"post": [13.82, -0.46, 16.77],
							"lerp_mode": "catmullrom"
						},
						"0.9583": {
							"post": [13.75, -1.8125, 11.1225],
							"lerp_mode": "catmullrom"
						},
						"1.125": {
							"post": [8.94, 0.72, 11.05],
							"lerp_mode": "catmullrom"
						},
						"1.25": {
							"post": [8.3125, 1.1275, 11.12],
							"lerp_mode": "catmullrom"
						},
						"1.3333": {
							"post": [9.685, 1.13, 11.12],
							"lerp_mode": "catmullrom"
						},
						"1.5833": {
							"post": [13.82, -0.46, 16.77],
							"lerp_mode": "catmullrom"
						},
						"1.9583": {
							"post": [13.82, -0.46, 16.77],
							"lerp_mode": "catmullrom"
						},
						"2.5": {
							"post": [13.75, 0, 18.3125],
							"lerp_mode": "catmullrom"
						}
					}
				},
				"righthand_and_gun": {
					"rotation": {
						"0.0": {
							"post": [0, 0, 0],
							"lerp_mode": "catmullrom"
						},
						"0.0833": {
							"post": [-10, 0, 0],
							"lerp_mode": "catmullrom"
						},
						"0.25": {
							"post": [-14, 0, 0],
							"lerp_mode": "catmullrom"
						},
						"0.3333": {
							"post": [26, 0, 0],
							"lerp_mode": "catmullrom"
						},
						"0.375": {
							"post": [26, 0, 0],
							"lerp_mode": "catmullrom"
						},
						"0.75": {
							"post": [28.87161, 29.45523, 112.35389],
							"lerp_mode": "catmullrom"
						},
						"0.875": {
							"post": [37.89311, 14.9318, 135.76331],
							"lerp_mode": "catmullrom"
						},
						"1.0833": {
							"post": [28.87161, 29.45523, 112.35389],
							"lerp_mode": "catmullrom"
						},
						"1.1667": {
							"post": [28.87161, 29.45523, 112.35389],
							"lerp_mode": "catmullrom"
						},
						"1.4167": {
							"post": [28.87161, 29.45523, 112.35389],
							"lerp_mode": "catmullrom"
						},
						"1.75": {
							"post": [26, 0, 0],
							"lerp_mode": "catmullrom"
						},
						"1.8333": {
							"post": [30, 0, 0],
							"lerp_mode": "catmullrom"
						},
						"1.9167": {
							"post": [-44, 0, 0],
							"lerp_mode": "catmullrom"
						},
						"2.0": {
							"post": [-52, 0, 0],
							"lerp_mode": "catmullrom"
						},
						"2.2083": {
							"post": [4.92442, -0.86717, 9.96271],
							"lerp_mode": "catmullrom"
						},
						"2.5": {
							"post": [0, 0, 0],
							"lerp_mode": "catmullrom"
						}
					},
					"position": {
						"0.0": {
							"post": [0, 0, 0],
							"lerp_mode": "catmullrom"
						},
						"0.0833": {
							"post": [0, 4.5625, 0],
							"lerp_mode": "catmullrom"
						},
						"0.25": {
							"post": [0, 5.3125, 0],
							"lerp_mode": "catmullrom"
						},
						"0.3333": {
							"post": [0, -6.1275, 0],
							"lerp_mode": "catmullrom"
						},
						"0.375": {
							"post": [0, -6.6275, -0.25],
							"lerp_mode": "catmullrom"
						},
						"0.5833": {
							"post": [-14.315, 2.5, 2.38],
							"lerp_mode": "catmullrom"
						},
						"0.75": {
							"post": [-15.375, 12.5575, 4.75],
							"lerp_mode": "catmullrom"
						},
						"0.875": {
							"post": [-15.37, 12.7475, 5.25],
							"lerp_mode": "catmullrom"
						},
						"1.0833": {
							"post": [-15.375, 12.5575, 4.75],
							"lerp_mode": "catmullrom"
						},
						"1.1667": {
							"post": [-15.375, 12.5575, 4.75],
							"lerp_mode": "catmullrom"
						},
						"1.4167": {
							"post": [-15.375, 12.5575, 4.75],
							"lerp_mode": "catmullrom"
						},
						"1.75": {
							"post": [0, -6.6275, -0.25],
							"lerp_mode": "catmullrom"
						},
						"1.8333": {
							"post": [0, -8.4425, -0.25],
							"lerp_mode": "catmullrom"
						},
						"1.9167": {
							"post": [0, 18.935, 1.8125],
							"lerp_mode": "catmullrom"
						},
						"2.0": {
							"post": [0, 21.19, 3.185],
							"lerp_mode": "catmullrom"
						},
						"2.2083": {
							"post": [0, -0.8125, 0],
							"lerp_mode": "catmullrom"
						},
						"2.5": {
							"post": [0, 0, 0],
							"lerp_mode": "catmullrom"
						}
					}
				},
				"root": {
					"rotation": {
						"0.0": {
							"post": [0, 0, 0],
							"lerp_mode": "catmullrom"
						},
						"1.25": {
							"post": [0, 0, 0],
							"lerp_mode": "catmullrom"
						},
						"1.3333": {
							"post": [0, 0, -9],
							"lerp_mode": "catmullrom"
						},
						"2.6667": {
							"post": [0, 0, 0],
							"lerp_mode": "catmullrom"
						}
					},
					"position": {
						"0.0": {
							"post": [0, 0, 0],
							"lerp_mode": "catmullrom"
						},
						"1.25": {
							"post": [0, 0, 0],
							"lerp_mode": "catmullrom"
						},
						"1.3333": {
							"post": [-1.125, 0.8125, 0],
							"lerp_mode": "catmullrom"
						},
						"1.5": {
							"post": [0, 0, 0],
							"lerp_mode": "catmullrom"
						},
						"2.1667": {
							"post": [0, 0, 0],
							"lerp_mode": "catmullrom"
						},
						"2.6667": {
							"post": [0, 0, 0],
							"lerp_mode": "catmullrom"
						}
					}
				},
				"righthand_pos": {
					"rotation": [90, -15, 0],
					"position": [-9.75, 0.625, 20.375]
				},
				"camera": {
					"rotation": {
						"0.2917": {
							"pre": [0, 0, 0],
							"post": [0, 0, 0],
							"lerp_mode": "catmullrom"
						},
						"0.4167": {
							"post": [2.5, 0, 0],
							"lerp_mode": "catmullrom"
						},
						"0.4583": {
							"post": [2.5, 0, 0],
							"lerp_mode": "catmullrom"
						},
						"0.6667": {
							"post": [0, 0, 0],
							"lerp_mode": "catmullrom"
						},
						"0.8333": {
							"post": [0, 0, 2],
							"lerp_mode": "catmullrom"
						},
						"0.875": {
							"post": [0, 0, 2],
							"lerp_mode": "catmullrom"
						},
						"0.9583": {
							"post": [1, 0, 0],
							"lerp_mode": "catmullrom"
						},
						"1.125": {
							"post": [0, 0, 0],
							"lerp_mode": "catmullrom"
						},
						"1.2083": {
							"post": [0, 0, 0],
							"lerp_mode": "catmullrom"
						},
						"1.25": {
							"post": [0, 0, 0],
							"lerp_mode": "catmullrom"
						},
						"1.3333": {
							"post": [2.5, 0, 0],
							"lerp_mode": "catmullrom"
						},
						"1.5833": {
							"post": [0, 0, 0],
							"lerp_mode": "catmullrom"
						},
						"1.8333": {
							"post": [0, 0, 0],
							"lerp_mode": "catmullrom"
						},
						"1.9583": {
							"post": [-3, 0, 0],
							"lerp_mode": "catmullrom"
						},
						"2.0": {
							"post": [-3, 0, 0],
							"lerp_mode": "catmullrom"
						},
						"2.2083": {
							"post": [2, 0, 0],
							"lerp_mode": "catmullrom"
						},
						"2.2917": {
							"post": [1, 0, 0],
							"lerp_mode": "catmullrom"
						},
						"2.5": {
							"post": [0, 0, 0],
							"lerp_mode": "catmullrom"
						}
					},
					"position": {
						"0.0": [0, 0, 0],
						"2.125": [0, 0, 0],
						"2.2917": [0, -0.125, 0],
						"2.5": [0, 0, 0]
					}
				}
			}
		},
		"reload_tactical": {
			"animation_length": 2.6667,
			"bones": {
				"QDD": {
					"rotation": {
						"0.0": {
							"post": [0, 0, 0],
							"lerp_mode": "catmullrom"
						},
						"0.3333": {
							"post": [0, 0, 0],
							"lerp_mode": "catmullrom"
						},
						"0.4167": {
							"post": [53, 0, 0],
							"lerp_mode": "catmullrom"
						},
						"1.8333": {
							"post": [53, 0, 0],
							"lerp_mode": "catmullrom"
						},
						"2.0": {
							"post": [0, 0, 0],
							"lerp_mode": "catmullrom"
						}
					}
				},
				"mag": {
					"rotation": {
						"0.75": {
							"pre": [0, 0, 0],
							"post": [0, 0, 0],
							"lerp_mode": "catmullrom"
						},
						"0.7917": {
							"post": [0, 45.39, 0],
							"lerp_mode": "catmullrom"
						},
						"0.875": {
							"post": [0, 78.2, 0],
							"lerp_mode": "catmullrom"
						},
						"0.9583": {
							"post": [0, 17, 0],
							"lerp_mode": "catmullrom"
						},
						"1.25": {
							"post": [0, 0, 0],
							"lerp_mode": "catmullrom"
						}
					},
					"position": {
						"0.75": {
							"pre": [0, 0, 0],
							"post": [0, 0, 0],
							"lerp_mode": "catmullrom"
						},
						"0.8333": {
							"post": [12.2725, -0.58, 5.8175],
							"lerp_mode": "catmullrom"
						},
						"0.875": {
							"post": [24.98, -0.57, 5.68],
							"lerp_mode": "catmullrom"
						},
						"0.9167": {
							"post": [17.5775, -0.5, 19.055],
							"lerp_mode": "catmullrom"
						},
						"0.9583": {
							"post": [11.035, -0.42, 14.405],
							"lerp_mode": "catmullrom"
						},
						"1.0": {
							"post": [9.645, -0.4, 12.0525],
							"lerp_mode": "catmullrom"
						},
						"1.0833": {
							"post": [6.2775, -0.8325, 7.035],
							"lerp_mode": "catmullrom"
						},
						"1.125": {
							"post": [1.6, -0.24, 1.75],
							"lerp_mode": "catmullrom"
						},
						"1.25": {
							"post": [0, 0, 0],
							"lerp_mode": "catmullrom"
						}
					}
				},
				"lefthand_pos": {
					"rotation": {
						"0.0": {
							"post": [93.84534, 29.99496, -0.5773],
							"lerp_mode": "catmullrom"
						},
						"0.25": {
							"post": [161.93311, 25.24512, -51.49125],
							"lerp_mode": "catmullrom"
						},
						"0.625": {
							"post": [161.93311, 25.24512, -51.49125],
							"lerp_mode": "catmullrom"
						},
						"0.9583": {
							"post": [99.93311, 25.24512, -51.49125],
							"lerp_mode": "catmullrom"
						},
						"1.0417": {
							"post": [86.68267, 24.0771, -49.19038],
							"lerp_mode": "catmullrom"
						},
						"1.0833": {
							"post": [77.38799, 23.41163, -47.87946],
							"lerp_mode": "catmullrom"
						},
						"1.125": {
							"post": [42.55818, 22.40247, -45.89154],
							"lerp_mode": "catmullrom"
						},
						"1.25": {
							"post": [30.6331, 20.41825, -41.98283],
							"lerp_mode": "catmullrom"
						},
						"1.4167": {
							"post": [63.6331, 20.41825, -41.98283],
							"lerp_mode": "catmullrom"
						},
						"1.5833": {
							"post": [161.93311, 25.24512, -51.49125],
							"lerp_mode": "catmullrom"
						},
						"1.9583": {
							"post": [161.93311, 25.24512, -51.49125],
							"lerp_mode": "catmullrom"
						},
						"2.5": {
							"post": [93.84534, 29.99496, -0.5773],
							"lerp_mode": "catmullrom"
						}
					},
					"position": {
						"0.0": {
							"post": [13.75, 0, 18.3125],
							"lerp_mode": "catmullrom"
						},
						"0.25": {
							"post": [13.82, -0.46, 16.77],
							"lerp_mode": "catmullrom"
						},
						"0.9583": {
							"post": [13.75, -1.8125, 11.1225],
							"lerp_mode": "catmullrom"
						},
						"1.125": {
							"post": [8.94, 0.72, 11.05],
							"lerp_mode": "catmullrom"
						},
						"1.25": {
							"post": [8.3125, 1.1275, 11.12],
							"lerp_mode": "catmullrom"
						},
						"1.3333": {
							"post": [9.685, 1.13, 11.12],
							"lerp_mode": "catmullrom"
						},
						"1.5833": {
							"post": [13.82, -0.46, 16.77],
							"lerp_mode": "catmullrom"
						},
						"1.9583": {
							"post": [13.82, -0.46, 16.77],
							"lerp_mode": "catmullrom"
						},
						"2.5": {
							"post": [13.75, 0, 18.3125],
							"lerp_mode": "catmullrom"
						}
					}
				},
				"righthand_and_gun": {
					"rotation": {
						"0.0": {
							"post": [0, 0, 0],
							"lerp_mode": "catmullrom"
						},
						"0.0833": {
							"post": [-10, 0, 0],
							"lerp_mode": "catmullrom"
						},
						"0.25": {
							"post": [-14, 0, 0],
							"lerp_mode": "catmullrom"
						},
						"0.3333": {
							"post": [26, 0, 0],
							"lerp_mode": "catmullrom"
						},
						"0.375": {
							"post": [26, 0, 0],
							"lerp_mode": "catmullrom"
						},
						"0.75": {
							"post": [28.87161, 29.45523, 112.35389],
							"lerp_mode": "catmullrom"
						},
						"0.875": {
							"post": [37.89311, 14.9318, 135.76331],
							"lerp_mode": "catmullrom"
						},
						"1.0833": {
							"post": [28.87161, 29.45523, 112.35389],
							"lerp_mode": "catmullrom"
						},
						"1.1667": {
							"post": [28.87161, 29.45523, 112.35389],
							"lerp_mode": "catmullrom"
						},
						"1.4167": {
							"post": [28.87161, 29.45523, 112.35389],
							"lerp_mode": "catmullrom"
						},
						"1.75": {
							"post": [26, 0, 0],
							"lerp_mode": "catmullrom"
						},
						"1.8333": {
							"post": [30, 0, 0],
							"lerp_mode": "catmullrom"
						},
						"1.9167": {
							"post": [-44, 0, 0],
							"lerp_mode": "catmullrom"
						},
						"2.0": {
							"post": [-52, 0, 0],
							"lerp_mode": "catmullrom"
						},
						"2.2083": {
							"post": [4.92442, -0.86717, 9.96271],
							"lerp_mode": "catmullrom"
						},
						"2.5": {
							"post": [0, 0, 0],
							"lerp_mode": "catmullrom"
						}
					},
					"position": {
						"0.0": {
							"post": [0, 0, 0],
							"lerp_mode": "catmullrom"
						},
						"0.0833": {
							"post": [0, 4.5625, 0],
							"lerp_mode": "catmullrom"
						},
						"0.25": {
							"post": [0, 5.3125, 0],
							"lerp_mode": "catmullrom"
						},
						"0.3333": {
							"post": [0, -6.1275, 0],
							"lerp_mode": "catmullrom"
						},
						"0.375": {
							"post": [0, -6.6275, -0.25],
							"lerp_mode": "catmullrom"
						},
						"0.5833": {
							"post": [-14.315, 2.5, 2.38],
							"lerp_mode": "catmullrom"
						},
						"0.75": {
							"post": [-15.375, 12.5575, 4.75],
							"lerp_mode": "catmullrom"
						},
						"0.875": {
							"post": [-15.37, 12.7475, 5.25],
							"lerp_mode": "catmullrom"
						},
						"1.0833": {
							"post": [-15.375, 12.5575, 4.75],
							"lerp_mode": "catmullrom"
						},
						"1.1667": {
							"post": [-15.375, 12.5575, 4.75],
							"lerp_mode": "catmullrom"
						},
						"1.4167": {
							"post": [-15.375, 12.5575, 4.75],
							"lerp_mode": "catmullrom"
						},
						"1.75": {
							"post": [0, -6.6275, -0.25],
							"lerp_mode": "catmullrom"
						},
						"1.8333": {
							"post": [0, -8.4425, -0.25],
							"lerp_mode": "catmullrom"
						},
						"1.9167": {
							"post": [0, 18.935, 1.8125],
							"lerp_mode": "catmullrom"
						},
						"2.0": {
							"post": [0, 21.19, 3.185],
							"lerp_mode": "catmullrom"
						},
						"2.2083": {
							"post": [0, -0.8125, 0],
							"lerp_mode": "catmullrom"
						},
						"2.5": {
							"post": [0, 0, 0],
							"lerp_mode": "catmullrom"
						}
					}
				},
				"root": {
					"rotation": {
						"0.0": {
							"post": [0, 0, 0],
							"lerp_mode": "catmullrom"
						},
						"1.25": {
							"post": [0, 0, 0],
							"lerp_mode": "catmullrom"
						},
						"1.3333": {
							"post": [0, 0, -9],
							"lerp_mode": "catmullrom"
						},
						"2.6667": {
							"post": [0, 0, 0],
							"lerp_mode": "catmullrom"
						}
					},
					"position": {
						"0.0": {
							"post": [0, 0, 0],
							"lerp_mode": "catmullrom"
						},
						"1.25": {
							"post": [0, 0, 0],
							"lerp_mode": "catmullrom"
						},
						"1.3333": {
							"post": [-1.125, 0.8125, 0],
							"lerp_mode": "catmullrom"
						},
						"1.5": {
							"post": [0, 0, 0],
							"lerp_mode": "catmullrom"
						},
						"2.1667": {
							"post": [0, 0, 0],
							"lerp_mode": "catmullrom"
						},
						"2.6667": {
							"post": [0, 0, 0],
							"lerp_mode": "catmullrom"
						}
					}
				},
				"righthand_pos": {
					"rotation": [90, -15, 0],
					"position": [-9.75, 0.625, 20.375]
				},
				"camera": {
					"rotation": {
						"0.2917": {
							"pre": [0, 0, 0],
							"post": [0, 0, 0],
							"lerp_mode": "catmullrom"
						},
						"0.4167": {
							"post": [2.5, 0, 0],
							"lerp_mode": "catmullrom"
						},
						"0.4583": {
							"post": [2.5, 0, 0],
							"lerp_mode": "catmullrom"
						},
						"0.6667": {
							"post": [0, 0, 0],
							"lerp_mode": "catmullrom"
						},
						"0.8333": {
							"post": [0, 0, 2],
							"lerp_mode": "catmullrom"
						},
						"0.875": {
							"post": [0, 0, 2],
							"lerp_mode": "catmullrom"
						},
						"0.9583": {
							"post": [1, 0, 0],
							"lerp_mode": "catmullrom"
						},
						"1.125": {
							"post": [0, 0, 0],
							"lerp_mode": "catmullrom"
						},
						"1.2083": {
							"post": [0, 0, 0],
							"lerp_mode": "catmullrom"
						},
						"1.25": {
							"post": [0, 0, 0],
							"lerp_mode": "catmullrom"
						},
						"1.3333": {
							"post": [2.5, 0, 0],
							"lerp_mode": "catmullrom"
						},
						"1.5833": {
							"post": [0, 0, 0],
							"lerp_mode": "catmullrom"
						},
						"1.8333": {
							"post": [0, 0, 0],
							"lerp_mode": "catmullrom"
						},
						"1.9583": {
							"post": [-3, 0, 0],
							"lerp_mode": "catmullrom"
						},
						"2.0": {
							"post": [-3, 0, 0],
							"lerp_mode": "catmullrom"
						},
						"2.2083": {
							"post": [2, 0, 0],
							"lerp_mode": "catmullrom"
						},
						"2.2917": {
							"post": [1, 0, 0],
							"lerp_mode": "catmullrom"
						},
						"2.5": {
							"post": [0, 0, 0],
							"lerp_mode": "catmullrom"
						}
					},
					"position": {
						"0.0": [0, 0, 0],
						"2.125": [0, 0, 0],
						"2.2917": [0, -0.125, 0],
						"2.5": [0, 0, 0]
					}
				}
			}
		},
		"draw": {
			"animation_length": 0.7083,
			"bones": {
				"root": {
					"rotation": {
						"0.0": [47.5, 0, 0],
						"0.0417": [40.9, -0.67, 0.98],
						"0.0833": [19.98, -2.83, 4.13],
						"0.125": [8.86, -3.92, 5.74],
						"0.1667": [-0.57, -4.78, 7],
						"0.2083": [-6.71, -5.19, 7.62],
						"0.25": [-6.83, -3.71, 5.61],
						"0.2917": [-2.75, -2.42, 3.8],
						"0.3333": [-0.07, -1.5, 2.5],
						"0.375": [0.83, -0.76, 1.38],
						"0.4167": [1.08, 0, 0],
						"0.4583": [0.59, -0.16, -0.1],
						"0.5": [-0.1, -0.49, -0.05],
						"0.5417": [-0.55, -0.66, 0],
						"0.5833": [-0.46, -0.46, 0],
						"0.625": [-0.28, -0.28, 0],
						"0.6667": [-0.11, -0.11, 0],
						"0.7083": [0, 0, 0]
					},
					"position": {
						"0.0": [-4.5, -6.45, 4.05],
						"0.0417": [-4.8, -4.57, 3.06],
						"0.0833": [-4.24, -2.07, 1.51],
						"0.125": [-3.76, -1.75, 1.21],
						"0.1667": [-3.18, -1.45, 0.9],
						"0.2083": [-2.55, -1.19, 0.59],
						"0.25": [-1.33, -0.75, 0.05],
						"0.2917": [-0.82, -0.57, -0.15],
						"0.3333": [-0.45, -0.41, -0.3],
						"0.375": [-0.11, -0.25, -0.39],
						"0.4167": [0.06, -0.17, -0.21],
						"0.4583": [0.03, -0.18, -0.08],
						"0.5": [0.04, -0.16, 0],
						"0.5417": [0.06, -0.13, 0.02],
						"0.5833": [0.05, -0.07, 0.02],
						"0.625": [0.03, -0.04, 0.01],
						"0.6667": [0.01, -0.02, 0],
						"0.7083": [0, 0, 0]
					}
				},
				"lefthand_pos": {
					"rotation": [93.84534, 29.99496, -0.5773],
					"position": [13.75, 0, 18.3125]
				},
				"righthand_pos": {
					"rotation": [90, -15, 0],
					"position": [-9.75, 0.625, 20.375]
				}
			}
		},
		"inspect_empty": {
			"animation_length": 3,
			"bones": {
				"root": {
					"rotation": {
						"2.75": {
							"pre": [0, 0, 0],
							"post": [0, 0, 0],
							"lerp_mode": "catmullrom"
						},
						"3.0": {
							"post": [0, 0, 0],
							"lerp_mode": "catmullrom"
						}
					},
					"position": {
						"0.0": {
							"post": [0, 0, 0],
							"lerp_mode": "catmullrom"
						},
						"2.0": {
							"post": [0, 0, 0],
							"lerp_mode": "catmullrom"
						},
						"2.0833": {
							"post": [-1.75, -0.4375, 0],
							"lerp_mode": "catmullrom"
						},
						"2.25": {
							"post": [0, 0, 0],
							"lerp_mode": "catmullrom"
						},
						"2.75": {
							"post": [0, 0, 0],
							"lerp_mode": "catmullrom"
						},
						"2.875": {
							"post": [0, -1.0625, 0],
							"lerp_mode": "catmullrom"
						},
						"3.0": {
							"post": [0, 0, 0],
							"lerp_mode": "catmullrom"
						}
					}
				},
				"lefthand_pos": {
					"rotation": {
						"0.0": {
							"post": [93.84534, 29.99496, -0.5773],
							"lerp_mode": "catmullrom"
						},
						"0.25": {
							"post": [161.93311, 25.24512, -51.49125],
							"lerp_mode": "catmullrom"
						},
						"1.0": {
							"post": [161.93311, 25.24512, -51.49125],
							"lerp_mode": "catmullrom"
						},
						"1.75": {
							"post": [68.23921, -8.71959, -42.81548],
							"lerp_mode": "catmullrom"
						},
						"1.9583": {
							"post": [63.11834, -33.70859, -26.30591],
							"lerp_mode": "catmullrom"
						},
						"2.0833": {
							"post": [65.76948, 3.88244, -50.38491],
							"lerp_mode": "catmullrom"
						},
						"3.0": {
							"post": [93.84534, 29.99496, -0.5773],
							"lerp_mode": "catmullrom"
						}
					},
					"position": {
						"0.0": {
							"post": [13.75, 0, 18.3125],
							"lerp_mode": "catmullrom"
						},
						"0.25": {
							"post": [13.82, -0.46, 16.77],
							"lerp_mode": "catmullrom"
						},
						"1.0": {
							"post": [13.82, -0.46, 16.77],
							"lerp_mode": "catmullrom"
						},
						"1.75": {
							"post": [13.82, 0.2275, 13.5825],
							"lerp_mode": "catmullrom"
						},
						"3.0": {
							"post": [13.75, 0, 18.3125],
							"lerp_mode": "catmullrom"
						}
					}
				},
				"righthand_and_gun": {
					"rotation": {
						"0.0": {
							"post": [0, 0, 0],
							"lerp_mode": "catmullrom"
						},
						"0.2917": {
							"post": [-17, 0, -17],
							"lerp_mode": "catmullrom"
						},
						"0.8333": {
							"post": [-17, 0, -17],
							"lerp_mode": "catmullrom"
						},
						"1.375": {
							"post": [-3.08371, 31.76539, 62.7627],
							"lerp_mode": "catmullrom"
						},
						"1.75": {
							"post": [-3.08371, 31.76539, 62.7627],
							"lerp_mode": "catmullrom"
						},
						"2.3333": {
							"post": [-3.08371, 31.76539, 62.7627],
							"lerp_mode": "catmullrom"
						},
						"2.8333": {
							"post": [0, 0, 0],
							"lerp_mode": "catmullrom"
						}
					},
					"position": {
						"0.0": {
							"post": [0, 0, 0],
							"lerp_mode": "catmullrom"
						},
						"0.2917": {
							"post": [-0.8125, 6.5625, 0],
							"lerp_mode": "catmullrom"
						},
						"0.4583": {
							"post": [-0.86, 5.9075, 0],
							"lerp_mode": "catmullrom"
						},
						"0.6667": {
							"post": [-0.8125, 6.5625, 0],
							"lerp_mode": "catmullrom"
						},
						"0.8333": {
							"post": [-0.8125, 6.5625, 0],
							"lerp_mode": "catmullrom"
						},
						"1.375": {
							"post": [-4.2475, 9.935, -2],
							"lerp_mode": "catmullrom"
						},
						"1.75": {
							"post": [-4.2475, 9.935, -2],
							"lerp_mode": "catmullrom"
						},
						"2.3333": {
							"post": [-4.2475, 9.935, -2],
							"lerp_mode": "catmullrom"
						},
						"2.8333": {
							"post": [0, 0, 0],
							"lerp_mode": "catmullrom"
						}
					}
				},
				"righthand_pos": {
					"rotation": [90, -15, 0],
					"position": [-9.75, 0.625, 20.375]
				},
				"mag": {
					"rotation": {
						"0.0": [0, 0, 0],
						"2.0417": {
							"pre": [0, 0, 0],
							"post": [0, 0, 0],
							"lerp_mode": "catmullrom"
						},
						"2.3333": {
							"post": [0, 0, 360],
							"lerp_mode": "catmullrom"
						},
						"2.75": {
							"post": [0, 0, 720],
							"lerp_mode": "catmullrom"
						}
					}
				},
				"camera": {
					"rotation": {
						"0.0": {
							"post": [0, 0, 0],
							"lerp_mode": "catmullrom"
						},
						"0.375": {
							"post": [-0.01885, -0.01204, -6],
							"lerp_mode": "catmullrom"
						},
						"1.2917": {
							"post": [1.93, -0.05, -5.28],
							"lerp_mode": "catmullrom"
						},
						"1.9583": {
							"post": [0, 0, 0],
							"lerp_mode": "catmullrom"
						},
						"2.0833": {
							"post": [2.50152, 1.9981, 0.08727],
							"lerp_mode": "catmullrom"
						},
						"2.3333": {
							"post": [0, 0, 0],
							"lerp_mode": "catmullrom"
						}
					},
					"position": {
						"0.0": [0, 0, 0],
						"1.2917": [0, -0.4375, 0]
					}
				}
			}
		}
	}
}