{
	"format_version": "1.8.0",
	"animations": {
		"static_idle": {
			"loop": true,
			"bones": {
				"lh": {
					"rotation": [90, 30, 0],
					"position": [11.57175, -6.0625, 9.91787],
					"scale": [1, 1.5, 1]
				},
				"rh": {
					"rotation": [90, -15, 0],
					"position": [-9.70679, -4.25, 23.66921],
					"scale": [1, 1.5, 1]
				},
				"constraint": {
					"rotation": [0.2, 0.2, 0.2],
					"position": [0.2, 0.2, 0.2]
				}
			}
		},
		"reload_tactical": {
			"animation_length": 1.75,
			"bones": {
				"lh": {
					"rotation": [90, 30, 0],
					"position": [11.57175, -6.0625, 9.91787],
					"scale": [1, 1.5, 1]
				},
				"rh": {
					"rotation": [90, -15, 0],
					"position": [-9.70679, -4.25, 23.66921],
					"scale": [1, 1.5, 1]
				},
				"root": {
					"rotation": {
						"0.0": {
							"post": [0, 0, 0],
							"lerp_mode": "catmullrom"
						},
						"0.375": {
							"post": [-10.9412, -1.14284, -27.89055],
							"lerp_mode": "catmullrom"
						},
						"0.5417": {
							"post": [-14.82934, -2.17077, -31.75788],
							"lerp_mode": "catmullrom"
						},
						"0.75": {
							"post": [-10.9412, -1.14284, -27.89055],
							"lerp_mode": "catmullrom"
						},
						"0.9583": {
							"post": [-10.9412, -1.14284, -27.89055],
							"lerp_mode": "catmullrom"
						},
						"1.0": {
							"post": [-14.9412, -1.14284, -27.89055],
							"lerp_mode": "catmullrom"
						},
						"1.1667": {
							"post": [-10.9412, -1.14284, -27.89055],
							"lerp_mode": "catmullrom"
						},
						"1.375": {
							"post": [0, 0, 0],
							"lerp_mode": "catmullrom"
						},
						"1.75": {
							"post": [0, 0, 0],
							"lerp_mode": "catmullrom"
						}
					},
					"position": {
						"0.0": {
							"post": [0, 0, 0],
							"lerp_mode": "catmullrom"
						},
						"0.375": {
							"post": [-1.61514, 3.99762, -0.56265],
							"lerp_mode": "catmullrom"
						},
						"0.5417": {
							"post": [-1.91084, 4.45948, -0.41614],
							"lerp_mode": "catmullrom"
						},
						"0.75": {
							"post": [-1.61514, 3.99762, -0.56265],
							"lerp_mode": "catmullrom"
						},
						"0.9583": {
							"post": [-1.61514, 3.99762, -0.56265],
							"lerp_mode": "catmullrom"
						},
						"1.0": {
							"post": [-2.08263, 4.86601, -0.37024],
							"lerp_mode": "catmullrom"
						},
						"1.1667": {
							"post": [-1.61514, 3.99762, -0.56265],
							"lerp_mode": "catmullrom"
						},
						"1.375": {
							"post": [0, 0, 0],
							"lerp_mode": "catmullrom"
						},
						"1.75": {
							"post": [0, 0, 0],
							"lerp_mode": "catmullrom"
						}
					}
				},
				"additional_magazine": {
					"rotation": {
						"0.0": [0, 0, 0],
						"0.375": [0, 0, 0],
						"0.5417": {
							"pre": [-45, 0, 0],
							"post": [-45, 0, 0],
							"lerp_mode": "catmullrom"
						},
						"0.75": {
							"post": [-93, 0, 0],
							"lerp_mode": "catmullrom"
						},
						"1.75": {
							"post": [0, 0, 0],
							"lerp_mode": "catmullrom"
						}
					},
					"position": {
						"0.0": [0, 0, 0],
						"0.375": [0, 0, 0],
						"0.5417": {
							"pre": [0.8125, -8.52144, -8.11407],
							"post": [0.8125, -8.52144, -8.11407],
							"lerp_mode": "catmullrom"
						},
						"0.75": {
							"post": [0, -29.31831, -14.81522],
							"lerp_mode": "catmullrom"
						},
						"1.75": {
							"post": [0, 0, 0],
							"lerp_mode": "catmullrom"
						}
					},
					"scale": {
						"0.0": [1, 1, 1],
						"0.75": [1, 1, 1],
						"0.7917": [0, 0, 0],
						"1.7083": [0, 0, 0],
						"1.75": [1, 1, 1]
					}
				},
				"lf_and_mag": {
					"rotation": {
						"0.0": {
							"post": [0, 0, 0],
							"lerp_mode": "catmullrom"
						},
						"0.1667": {
							"post": [24, 0, 0],
							"lerp_mode": "catmullrom"
						},
						"0.3333": {
							"post": [-69.74946, -21.91786, -9.82227],
							"lerp_mode": "catmullrom"
						},
						"0.4583": {
							"post": [-28.74946, -21.91786, -9.82227],
							"lerp_mode": "catmullrom"
						},
						"0.5833": {
							"post": [-28.74946, -21.91786, -9.82227],
							"lerp_mode": "catmullrom"
						},
						"0.875": {
							"post": [3.25054, -21.91786, -9.82227],
							"lerp_mode": "catmullrom"
						},
						"1.0": {
							"post": [0, 0, 0],
							"lerp_mode": "catmullrom"
						}
					},
					"position": {
						"0.0": {
							"post": [0, 0, 0],
							"lerp_mode": "catmullrom"
						},
						"0.1667": {
							"post": [0, -20.59151, 3.68605],
							"lerp_mode": "catmullrom"
						},
						"0.3333": {
							"post": [-0.39708, 4.80546, 10.06584],
							"lerp_mode": "catmullrom"
						},
						"0.4583": {
							"post": [3.01324, 0.33143, 3.58871],
							"lerp_mode": "catmullrom"
						},
						"0.5833": {
							"post": [3.01324, 0.33143, 3.58871],
							"lerp_mode": "catmullrom"
						},
						"0.875": {
							"post": [4.16331, -11.11662, 5.61069],
							"lerp_mode": "catmullrom"
						},
						"1.0": {
							"post": [0, 0, 0],
							"lerp_mode": "catmullrom"
						}
					}
				},
				"lefthand_pos": {
					"rotation": [0, 0, 0],
					"position": {
						"0.0": [0, 0, 0],
						"0.2917": [-3.25, -4.4375, -1.75],
						"1.125": [-3.25, -4.4375, -1.75],
						"1.5": [0, 0, 0]
					}
				},
				"bone2": {
					"position": {
						"0.0": [0, 0, 0],
						"0.125": [0, 0, 1.6875],
						"1.0833": [0, 0, 1.6875],
						"1.2083": [0, 0, 0]
					}
				},
				"camera": {
					"rotation": {
						"0.0": {
							"post": [0, 0, 0],
							"lerp_mode": "catmullrom"
						},
						"0.375": {
							"post": [-3, 0, 0],
							"lerp_mode": "catmullrom"
						},
						"0.5": {
							"post": [-4, 0, 0],
							"lerp_mode": "catmullrom"
						},
						"0.625": {
							"post": [0, 0, 0],
							"lerp_mode": "catmullrom"
						},
						"0.9167": {
							"post": [0, 0, 0],
							"lerp_mode": "catmullrom"
						},
						"1.0417": {
							"post": [-3.98483, -0.34834, -4.98788],
							"lerp_mode": "catmullrom"
						},
						"1.2083": {
							"post": [0, 0, 0],
							"lerp_mode": "catmullrom"
						},
						"1.7083": {
							"post": [0, 0, 0],
							"lerp_mode": "catmullrom"
						}
					}
				},
				"magazine": {
					"rotation": [0, 0, 0],
					"position": [0, 0, 0],
					"scale": {
						"0.0": [0, 0, 0],
						"0.2083": [0, 0, 0],
						"0.25": [1, 1, 1]
					}
				}
			}
		},
		"inspect": {
			"animation_length": 5.25,
			"bones": {
				"root": {
					"rotation": {
						"0.0": [0, 0, 0],
						"0.0417": [-1.15, 0.01, -0.57],
						"0.0833": [-2.8, 0.11, -1.25],
						"0.125": [-4.67, -0.36, -2.89],
						"0.1667": [-6.5, -2.07, -6.35],
						"0.2083": [-8.7, -5.62, -12.48],
						"0.25": [-11.25, -10.49, -20.61],
						"0.2917": [-13.25, -15.76, -29.32],
						"0.3333": [-13.79, -20.46, -37.21],
						"0.375": [-12.04, -24.63, -44.41],
						"0.4167": [-8.68, -28.68, -51.5],
						"0.4583": [-5.08, -32.24, -57.74],
						"0.5": [-2.6, -34.94, -62.39],
						"0.5417": [-1.81, -36.28, -64.57],
						"0.5833": [-1.62, -36.99, -65.62],
						"0.625": [-1.77, -37.31, -65.94],
						"0.6667": [-1.99, -37.45, -65.98],
						"0.7083": [-2.02, -37.63, -66.14],
						"0.75": [-1.93, -37.76, -66.3],
						"0.7917": [-1.83, -37.84, -66.37],
						"0.8333": [-1.71, -37.87, -66.38],
						"0.875": [-1.59, -37.87, -66.34],
						"0.9167": [-1.48, -37.85, -66.28],
						"0.9583": [-1.36, -37.83, -66.2],
						"1.0": [-1.26, -37.8, -66.14],
						"1.0417": [-1.18, -37.78, -66.1],
						"1.0833": [-1.11, -37.79, -66.11],
						"1.125": [-1.04, -37.83, -66.2],
						"1.1667": [-1.02, -37.87, -66.34],
						"1.2083": [-1.03, -37.92, -66.5],
						"1.25": [-1.05, -37.96, -66.66],
						"1.2917": [-1.05, -37.98, -66.79],
						"1.3333": [-1.05, -37.99, -66.88],
						"1.375": [-1.05, -38, -66.96],
						"1.4167": [-1.05, -37.99, -67.03],
						"1.4583": [-1.05, -37.98, -67.1],
						"1.5": [-1.05, -37.97, -67.18],
						"1.5417": [-1.05, -37.97, -67.26],
						"1.5833": [-1.06, -37.96, -67.41],
						"1.625": [-1.06, -37.95, -67.59],
						"1.6667": [-1.07, -37.94, -67.77],
						"1.7083": [-1.07, -37.92, -67.87],
						"1.75": [-1.07, -37.9, -67.83],
						"1.7917": [-1.08, -37.89, -67.79],
						"1.8333": [-1.09, -37.87, -67.77],
						"1.875": [-1.09, -37.84, -67.69],
						"1.9167": [-1.1, -37.82, -67.45],
						"1.9583": [-1.11, -37.8, -66.96],
						"2.0": [-1.11, -37.79, -66.11],
						"2.0417": [-0.77, -38.16, -64.83],
						"2.0833": [-0.2, -38.8, -63.37],
						"2.125": [-0.09, -38.94, -60.53],
						"2.1667": [-1.11, -37.79, -55.11],
						"2.2083": [-7.29, -30.97, -34.42],
						"2.25": [-15.62, -21.36, -9.19],
						"2.2917": [-25, -10.06, 16],
						"2.3333": [-32.91, 0.97, 38.17],
						"2.375": [-34.65, 5.41, 45.94],
						"2.4167": [-35.29, 9.45, 52.05],
						"2.4583": [-35.41, 12.79, 56.66],
						"2.5": [-35.64, 15.19, 59.92],
						"2.5417": [-36.05, 16.27, 61.33],
						"2.5833": [-36.35, 16.27, 60.97],
						"2.625": [-36.57, 15.83, 59.93],
						"2.6667": [-36.72, 15.58, 59.25],
						"2.7083": [-36.8, 15.6, 58.91],
						"2.75": [-36.73, 15.56, 58.77],
						"2.7917": [-36.74, 15.54, 58.83],
						"2.8333": [-36.75, 15.52, 58.96],
						"2.875": [-36.76, 15.49, 59.13],
						"2.9167": [-36.77, 15.47, 59.3],
						"2.9583": [-36.77, 15.45, 59.45],
						"3.0": [-36.77, 15.45, 59.55],
						"3.0417": [-36.78, 15.44, 59.51],
						"3.0833": [-36.78, 15.42, 59.36],
						"3.125": [-36.79, 15.4, 59.16],
						"3.1667": [-36.79, 15.39, 58.97],
						"3.2083": [-36.79, 15.39, 58.84],
						"3.25": [-36.78, 15.42, 58.84],
						"3.2917": [-36.76, 15.49, 59.01],
						"3.3333": [-36.72, 15.6, 59.43],
						"3.375": [-36.61, 15.92, 60.8],
						"3.4167": [-36.45, 16.38, 62.81],
						"3.4583": [-36.28, 16.88, 65.05],
						"3.5": [-36.12, 17.34, 67.1],
						"3.5417": [-36, 17.68, 68.54],
						"3.5833": [-35.97, 17.79, 68.97],
						"3.625": [-35.95, 17.88, 69.27],
						"3.6667": [-35.94, 17.94, 69.48],
						"3.7083": [-35.94, 17.98, 69.59],
						"3.75": [-35.94, 18.01, 69.63],
						"3.7917": [-35.95, 18.03, 69.62],
						"3.8333": [-35.95, 18.04, 69.57],
						"3.875": [-35.95, 18.05, 69.51],
						"3.9167": [-35.95, 18.05, 69.44],
						"3.9583": [-35.93, 18.05, 69.4],
						"4.0": [-35.92, 18.05, 69.38],
						"4.0417": [-35.93, 18.05, 69.37],
						"4.0833": [-35.94, 18.05, 69.37],
						"4.125": [-35.95, 18.04, 69.33],
						"4.1667": [-35.94, 18.01, 69.25],
						"4.2083": [-35.92, 17.98, 69.08],
						"4.25": [-35.86, 17.92, 68.81],
						"4.2917": [-35.77, 17.85, 68.41],
						"4.3333": [-35.63, 17.76, 67.86],
						"4.375": [-35.68, 17.86, 66.51],
						"4.4167": [-35.9, 18.14, 64.85],
						"4.4583": [-35.33, 17.83, 62.24],
						"4.5": [-33, 16.18, 58.04],
						"4.5417": [-27.82, 12.16, 51.32],
						"4.5833": [-20.56, 6.43, 42.69],
						"4.625": [-13.14, 0.83, 33.75],
						"4.6667": [-7.42, -2.84, 26.12],
						"4.7083": [-3.06, -3.62, 18.13],
						"4.75": [-0.62, -2.05, 11.52],
						"4.7917": [0.81, -0.65, 6.5],
						"4.8333": [1.18, -0.29, 3.45],
						"4.875": [0.55, -0.11, 2],
						"4.9167": [0, 0, 1.25],
						"4.9583": [-0.05, 0.04, 2.33],
						"5.0": [-0.03, 0.02, 1.51],
						"5.0417": [0, 0, 0.5],
						"5.0833": [0, 0, 0.22],
						"5.125": [0, 0, 0.08],
						"5.1667": [0, 0, 0],
						"5.2083": [0, 0, -0.03],
						"5.25": [0, 0, -0.03]
					},
					"position": {
						"0.0": [0, 0, 0],
						"0.0417": [-0.12, -0.06, -0.65],
						"0.0833": [-0.21, -0.24, -1.04],
						"0.125": [-0.32, -0.48, -1.55],
						"0.1667": [-0.43, -0.72, -2.03],
						"0.2083": [-0.53, -0.87, -2.35],
						"0.25": [-0.62, -0.94, -2.44],
						"0.2917": [-0.69, -0.9, -2.33],
						"0.3333": [-0.83, -0.8, -2.25],
						"0.375": [-1.08, -0.62, -2.3],
						"0.4167": [-1.4, -0.38, -2.39],
						"0.4583": [-1.68, -0.15, -2.45],
						"0.5": [-1.94, 0.14, -2.47],
						"0.5417": [-2.1, 0.36, -2.46],
						"0.5833": [-2.13, 0.39, -2.46],
						"0.625": [-2.12, 0.39, -2.45],
						"0.6667": [-2.1, 0.37, -2.45],
						"0.7083": [-2.09, 0.35, -2.44],
						"0.75": [-2.09, 0.33, -2.43],
						"0.7917": [-2.09, 0.29, -2.43],
						"0.8333": [-2.08, 0.25, -2.42],
						"0.875": [-2.08, 0.21, -2.42],
						"0.9167": [-2.08, 0.2, -2.41],
						"0.9583": [-2.08, 0.2, -2.4],
						"1.0": [-2.08, 0.21, -2.4],
						"1.0417": [-2.07, 0.24, -2.4],
						"1.0833": [-2.07, 0.25, -2.39],
						"1.125": [-2.07, 0.25, -2.39],
						"1.1667": [-2.07, 0.26, -2.38],
						"1.2083": [-2.06, 0.26, -2.38],
						"1.25": [-2.06, 0.26, -2.37],
						"1.2917": [-2.06, 0.26, -2.37],
						"1.3333": [-2.06, 0.26, -2.36],
						"1.375": [-2.06, 0.26, -2.36],
						"1.4167": [-2.05, 0.25, -2.35],
						"1.4583": [-2.05, 0.25, -2.35],
						"1.5": [-2.05, 0.22, -2.34],
						"1.5417": [-2.04, 0.18, -2.33],
						"1.5833": [-2.03, 0.14, -2.32],
						"1.625": [-2.03, 0.09, -2.32],
						"1.6667": [-2.02, 0.06, -2.31],
						"1.7083": [-2.02, 0.04, -2.3],
						"1.75": [-2.02, 0.03, -2.29],
						"1.7917": [-2.02, 0.05, -2.28],
						"1.8333": [-2.02, 0.07, -2.28],
						"1.875": [-2.01, 0.08, -2.27],
						"1.9167": [-2, 0.07, -2.26],
						"1.9583": [-2.01, 0.04, -2.25],
						"2.0": [-2, -0.03, -2.24],
						"2.0417": [-1.84, -0.23, -2.21],
						"2.0833": [-1.6, -0.53, -2.19],
						"2.125": [-1.27, -0.95, -2.19],
						"2.1667": [-0.9, -1.38, -2.16],
						"2.2083": [-0.58, -1.69, -2.11],
						"2.25": [-0.35, -1.77, -1.99],
						"2.2917": [-0.27, -1.59, -1.82],
						"2.3333": [-0.25, -1.22, -1.59],
						"2.375": [-0.27, -0.74, -1.33],
						"2.4167": [-0.31, -0.23, -1.07],
						"2.4583": [-0.35, 0.22, -0.84],
						"2.5": [-0.37, 0.55, -0.67],
						"2.5417": [-0.37, 0.73, -0.57],
						"2.5833": [-0.38, 0.84, -0.51],
						"2.625": [-0.38, 0.89, -0.48],
						"2.6667": [-0.39, 0.92, -0.46],
						"2.7083": [-0.39, 0.93, -0.46],
						"2.75": [-0.39, 0.95, -0.44],
						"2.7917": [-0.4, 0.97, -0.43],
						"2.8333": [-0.4, 0.98, -0.43],
						"2.875": [-0.4, 0.98, -0.43],
						"2.9167": [-0.39, 0.98, -0.43],
						"2.9583": [-0.39, 0.97, -0.43],
						"3.0": [-0.39, 0.95, -0.43],
						"3.0417": [-0.39, 0.94, -0.44],
						"3.0833": [-0.39, 0.93, -0.44],
						"3.125": [-0.39, 0.93, -0.44],
						"3.1667": [-0.39, 0.92, -0.44],
						"3.2083": [-0.39, 0.91, -0.44],
						"3.25": [-0.39, 0.9, -0.44],
						"3.2917": [-0.39, 0.9, -0.45],
						"3.3333": [-0.39, 0.89, -0.45],
						"3.375": [-0.39, 0.88, -0.45],
						"3.4167": [-0.39, 0.87, -0.45],
						"3.4583": [-0.39, 0.86, -0.45],
						"3.5": [-0.39, 0.85, -0.45],
						"3.5417": [-0.39, 0.84, -0.46],
						"3.5833": [-0.39, 0.83, -0.46],
						"3.625": [-0.39, 0.82, -0.46],
						"3.6667": [-0.39, 0.81, -0.46],
						"3.7083": [-0.39, 0.8, -0.46],
						"3.75": [-0.39, 0.8, -0.46],
						"3.7917": [-0.39, 0.79, -0.47],
						"3.8333": [-0.39, 0.78, -0.47],
						"3.875": [-0.39, 0.78, -0.47],
						"3.9167": [-0.39, 0.77, -0.47],
						"3.9583": [-0.39, 0.76, -0.47],
						"4.0": [-0.39, 0.75, -0.47],
						"4.0417": [-0.39, 0.75, -0.48],
						"4.0833": [-0.39, 0.74, -0.48],
						"4.125": [-0.39, 0.74, -0.48],
						"4.1667": [-0.39, 0.74, -0.48],
						"4.2083": [-0.39, 0.74, -0.48],
						"4.25": [-0.39, 0.74, -0.48],
						"4.2917": [-0.38, 0.77, -0.48],
						"4.3333": [-0.38, 0.8, -0.48],
						"4.375": [-0.37, 0.81, -0.48],
						"4.4167": [-0.36, 0.79, -0.48],
						"4.4583": [-0.35, 0.72, -0.47],
						"4.5": [-0.32, 0.54, -0.47],
						"4.5417": [-0.28, 0.28, -0.47],
						"4.5833": [-0.23, 0, -0.47],
						"4.625": [-0.19, -0.26, -0.46],
						"4.6667": [-0.15, -0.42, -0.45],
						"4.7083": [-0.09, -0.48, -0.44],
						"4.75": [-0.04, -0.4, -0.43],
						"4.7917": [0, -0.3, -0.35],
						"4.8333": [0.03, -0.23, -0.2],
						"4.875": [0.07, -0.14, 0],
						"4.9167": [0.09, -0.06, 0.19],
						"4.9583": [0.1, 0, 0.3],
						"5.0": [0.06, 0.02, 0.19],
						"5.0417": [0, 0, 0],
						"5.0833": [-0.01, 0, -0.02],
						"5.125": [-0.01, 0, -0.02],
						"5.1667": [0, 0, -0.01],
						"5.2083": [0, 0, 0]
					}
				},
				"rh": {
					"rotation": [90, -15, 0],
					"position": [-9.70679, -4.25, 23.66921],
					"scale": [1, 1.5, 1]
				},
				"lh": {
					"rotation": [90, 30, 0],
					"position": [11.57175, -6.0625, 9.91787],
					"scale": [1, 1.5, 1]
				},
				"camera": {
					"rotation": {
						"0.0": [0, 0, 0],
						"0.0417": [0.02, 0.01, 0.05],
						"0.0833": [0.03, 0.03, 0.13],
						"0.125": [0.08, 0.07, 0.14],
						"0.1667": [0.19, 0.17, 0],
						"0.2083": [0.3, 0.26, -0.2],
						"0.25": [0.46, 0.38, -0.49],
						"0.2917": [0.63, 0.52, -0.84],
						"0.3333": [0.82, 0.66, -1.2],
						"0.375": [0.98, 0.81, -1.54],
						"0.4167": [1.12, 0.94, -1.82],
						"0.4583": [1.2, 1.06, -2.02],
						"0.5": [1.21, 1.18, -2.13],
						"0.5417": [1.16, 1.31, -2.16],
						"0.5833": [1.08, 1.42, -2.13],
						"0.625": [0.98, 1.52, -2.05],
						"0.6667": [0.9, 1.6, -1.96],
						"0.7083": [0.85, 1.65, -1.87],
						"0.75": [0.85, 1.66, -1.83],
						"0.7917": [0.84, 1.67, -1.77],
						"0.8333": [0.84, 1.67, -1.7],
						"0.875": [0.84, 1.66, -1.63],
						"0.9167": [0.84, 1.65, -1.55],
						"0.9583": [0.84, 1.63, -1.46],
						"1.0": [0.85, 1.62, -1.38],
						"1.0417": [0.85, 1.6, -1.3],
						"1.0833": [0.87, 1.58, -1.22],
						"1.125": [0.88, 1.56, -1.15],
						"1.1667": [0.9, 1.55, -1.09],
						"1.2083": [0.92, 1.53, -1.05],
						"1.25": [0.95, 1.52, -1.01],
						"1.2917": [0.97, 1.52, -1],
						"1.3333": [1, 1.52, -1],
						"1.375": [1.03, 1.51, -1.02],
						"1.4167": [1.07, 1.51, -1.05],
						"1.4583": [1.11, 1.52, -1.09],
						"1.5": [1.15, 1.52, -1.13],
						"1.5417": [1.2, 1.52, -1.19],
						"1.5833": [1.24, 1.53, -1.24],
						"1.625": [1.29, 1.53, -1.3],
						"1.6667": [1.34, 1.53, -1.37],
						"1.7083": [1.39, 1.54, -1.43],
						"1.75": [1.44, 1.54, -1.49],
						"1.7917": [1.49, 1.55, -1.55],
						"1.8333": [1.53, 1.55, -1.61],
						"1.875": [1.58, 1.55, -1.66],
						"1.9167": [1.62, 1.55, -1.7],
						"1.9583": [1.67, 1.55, -1.73],
						"2.0": [1.7, 1.55, -1.75],
						"2.0417": [1.78, 1.55, -1.8],
						"2.0833": [1.8, 1.55, -1.8],
						"2.125": [1.9, 1.53, -1.71],
						"2.1667": [2.2, 1.48, -1.5],
						"2.2083": [2.6, 1.42, -1.24],
						"2.25": [3.14, 1.33, -0.88],
						"2.2917": [3.75, 1.24, -0.47],
						"2.3333": [4.37, 1.14, -0.05],
						"2.375": [4.91, 1.05, 0.31],
						"2.4167": [5.3, 0.99, 0.58],
						"2.4583": [5.54, 0.95, 0.75],
						"2.5": [5.68, 0.92, 0.86],
						"2.5417": [5.74, 0.91, 0.92],
						"2.5833": [5.76, 0.9, 0.95],
						"2.625": [5.76, 0.9, 0.96],
						"2.6667": [5.77, 0.9, 0.95],
						"2.7083": [5.76, 0.91, 0.87],
						"2.75": [5.71, 0.94, 0.7],
						"2.7917": [5.62, 0.97, 0.54],
						"2.8333": [5.5, 0.98, 0.46],
						"2.875": [5.48, 0.98, 0.47],
						"2.9167": [5.47, 0.99, 0.48],
						"2.9583": [5.48, 1, 0.49],
						"3.0": [5.5, 1.01, 0.52],
						"3.0417": [5.52, 1.02, 0.54],
						"3.0833": [5.53, 1.03, 0.57],
						"3.125": [5.55, 1.05, 0.61],
						"3.1667": [5.55, 1.05, 0.64],
						"3.2083": [5.55, 1.06, 0.68],
						"3.25": [5.52, 1.06, 0.72],
						"3.2917": [5.47, 1.05, 0.76],
						"3.3333": [5.4, 1.04, 0.8],
						"3.375": [5.3, 1.02, 0.84],
						"3.4167": [5.16, 0.99, 0.88],
						"3.4583": [4.98, 0.95, 0.91],
						"3.5": [4.77, 0.9, 0.95],
						"3.5417": [4.41, 0.82, 0.99],
						"3.5833": [3.97, 0.71, 1.03],
						"3.625": [3.44, 0.58, 1.07],
						"3.6667": [2.86, 0.43, 1.11],
						"3.7083": [2.23, 0.28, 1.15],
						"3.75": [1.58, 0.11, 1.2],
						"3.7917": [0.92, -0.05, 1.24],
						"3.8333": [0.27, -0.22, 1.28],
						"3.875": [-0.36, -0.37, 1.33],
						"3.9167": [-0.94, -0.52, 1.37],
						"3.9583": [-1.46, -0.64, 1.42],
						"4.0": [-1.9, -0.75, 1.47],
						"4.0417": [-2.24, -0.83, 1.52],
						"4.0833": [-2.67, -0.92, 1.62],
						"4.125": [-2.92, -0.96, 1.75],
						"4.1667": [-3.01, -0.96, 1.88],
						"4.2083": [-3, -0.93, 2.01],
						"4.25": [-2.93, -0.88, 2.13],
						"4.2917": [-2.83, -0.83, 2.21],
						"4.3333": [-2.75, -0.79, 2.27],
						"4.375": [-2.56, -0.71, 2.3],
						"4.4167": [-2.23, -0.6, 2.27],
						"4.4583": [-1.83, -0.49, 2.15],
						"4.5": [-1.41, -0.37, 1.93],
						"4.5417": [-1.1, -0.31, 1.67],
						"4.5833": [-0.73, -0.23, 1.32],
						"4.625": [-0.34, -0.16, 0.92],
						"4.6667": [0.02, -0.1, 0.53],
						"4.7083": [0.31, -0.04, 0.2],
						"4.75": [0.5, 0, -0.02],
						"4.7917": [0.53, 0.03, -0.12],
						"4.8333": [0.37, 0.02, -0.05],
						"4.875": [0.15, 0.01, 0.07],
						"4.9167": [0, 0, 0.1],
						"4.9583": [-0.04, 0, -0.47],
						"5.0": [-0.02, 0, -0.2],
						"5.0417": [0, 0, 0.13],
						"5.0833": [0, 0, 0.13],
						"5.125": [0, 0, 0.06],
						"5.1667": [0, 0, 0]
					}
				}
			}
		},
		"shoot": {
			"animation_length": 0.5,
			"bones": {
				"root": {
					"rotation": {
						"0.0": {
							"post": [0, 0, 0],
							"lerp_mode": "catmullrom"
						},
						"0.0417": {
							"post": [0.16986, -0.11208, 2.14881],
							"lerp_mode": "catmullrom"
						},
						"0.0833": {
							"post": [-0.99135, 0.12866, 1.12246],
							"lerp_mode": "catmullrom"
						},
						"0.1667": {
							"post": [0.77838, 0.0674, -0.52417],
							"lerp_mode": "catmullrom"
						},
						"0.25": {
							"post": [0.27498, -0.0036, 0.17499],
							"lerp_mode": "catmullrom"
						},
						"0.375": {
							"post": [0.425, -0.2, 0.525],
							"lerp_mode": "catmullrom"
						},
						"0.5": {
							"post": [-0.07, -0.075, -0.05],
							"lerp_mode": "catmullrom"
						},
						"0.625": {
							"post": [0, 0, 0],
							"lerp_mode": "catmullrom"
						}
					},
					"position": {
						"0.0": {
							"post": [0, 0, 0],
							"lerp_mode": "catmullrom"
						},
						"0.0417": {
							"post": [0, -0.025, 1.7],
							"lerp_mode": "catmullrom"
						},
						"0.0833": {
							"post": [0, -0.075, 1.555],
							"lerp_mode": "catmullrom"
						},
						"0.1667": {
							"post": [0, -0.175, -0.12],
							"lerp_mode": "catmullrom"
						},
						"0.25": {
							"post": [0, -0.025, 0.1],
							"lerp_mode": "catmullrom"
						},
						"0.375": {
							"post": [0, 0, 0],
							"lerp_mode": "catmullrom"
						}
					}
				},
				"bone2": {
					"position": {
						"0.0": [0, 0, 0],
						"0.0417": [0, 0, 1.6875],
						"0.0833": [0, 0, 0]
					}
				},
				"camera": {
					"rotation": {
						"0.0": {
							"post": [0, 0, 0],
							"lerp_mode": "catmullrom"
						},
						"0.0417": {
							"post": [0, 0, 0.6],
							"lerp_mode": "catmullrom"
						},
						"0.0833": {
							"post": [0, 0, -0.4],
							"lerp_mode": "catmullrom"
						},
						"0.125": {
							"post": [0, 0, 0.325],
							"lerp_mode": "catmullrom"
						},
						"0.2083": {
							"post": [0, 0, -0.225],
							"lerp_mode": "catmullrom"
						},
						"0.25": {
							"post": [0, 0, 0],
							"lerp_mode": "catmullrom"
						},
						"0.375": {
							"post": [0, 0, 0],
							"lerp_mode": "catmullrom"
						}
					}
				}
			}
		},
		"reload_empty": {
			"animation_length": 1.75,
			"bones": {
				"lh": {
					"rotation": [90, 30, 0],
					"position": [11.57175, -6.0625, 9.91787],
					"scale": [1, 1.5, 1]
				},
				"rh": {
					"rotation": [90, -15, 0],
					"position": [-9.70679, -4.25, 23.66921],
					"scale": [1, 1.5, 1]
				},
				"root": {
					"rotation": {
						"0.0": {
							"post": [0, 0, 0],
							"lerp_mode": "catmullrom"
						},
						"0.375": {
							"post": [-10.9412, -1.14284, -27.89055],
							"lerp_mode": "catmullrom"
						},
						"0.5417": {
							"post": [-14.82934, -2.17077, -31.75788],
							"lerp_mode": "catmullrom"
						},
						"0.75": {
							"post": [-10.9412, -1.14284, -27.89055],
							"lerp_mode": "catmullrom"
						},
						"0.9583": {
							"post": [-10.9412, -1.14284, -27.89055],
							"lerp_mode": "catmullrom"
						},
						"1.0": {
							"post": [-14.9412, -1.14284, -27.89055],
							"lerp_mode": "catmullrom"
						},
						"1.1667": {
							"post": [-10.9412, -1.14284, -27.89055],
							"lerp_mode": "catmullrom"
						},
						"1.375": {
							"post": [0, 0, 0],
							"lerp_mode": "catmullrom"
						},
						"1.75": {
							"post": [0, 0, 0],
							"lerp_mode": "catmullrom"
						}
					},
					"position": {
						"0.0": {
							"post": [0, 0, 0],
							"lerp_mode": "catmullrom"
						},
						"0.375": {
							"post": [-1.61514, 3.99762, -0.56265],
							"lerp_mode": "catmullrom"
						},
						"0.5417": {
							"post": [-1.91084, 4.45948, -0.41614],
							"lerp_mode": "catmullrom"
						},
						"0.75": {
							"post": [-1.61514, 3.99762, -0.56265],
							"lerp_mode": "catmullrom"
						},
						"0.9583": {
							"post": [-1.61514, 3.99762, -0.56265],
							"lerp_mode": "catmullrom"
						},
						"1.0": {
							"post": [-2.08263, 4.86601, -0.37024],
							"lerp_mode": "catmullrom"
						},
						"1.1667": {
							"post": [-1.61514, 3.99762, -0.56265],
							"lerp_mode": "catmullrom"
						},
						"1.375": {
							"post": [0, 0, 0],
							"lerp_mode": "catmullrom"
						},
						"1.75": {
							"post": [0, 0, 0],
							"lerp_mode": "catmullrom"
						}
					}
				},
				"additional_magazine": {
					"rotation": {
						"0.0": [0, 0, 0],
						"0.375": [0, 0, 0],
						"0.5417": {
							"pre": [-45, 0, 0],
							"post": [-45, 0, 0],
							"lerp_mode": "catmullrom"
						},
						"0.75": {
							"post": [-93, 0, 0],
							"lerp_mode": "catmullrom"
						},
						"1.75": {
							"post": [0, 0, 0],
							"lerp_mode": "catmullrom"
						}
					},
					"position": {
						"0.0": [0, 0, 0],
						"0.375": [0, 0, 0],
						"0.5417": {
							"pre": [0.8125, -8.52144, -8.11407],
							"post": [0.8125, -8.52144, -8.11407],
							"lerp_mode": "catmullrom"
						},
						"0.75": {
							"post": [0, -29.31831, -14.81522],
							"lerp_mode": "catmullrom"
						},
						"1.75": {
							"post": [0, 0, 0],
							"lerp_mode": "catmullrom"
						}
					},
					"scale": {
						"0.0": [1, 1, 1],
						"0.75": [1, 1, 1],
						"0.7917": [0, 0, 0],
						"1.7083": [0, 0, 0],
						"1.75": [1, 1, 1]
					}
				},
				"lf_and_mag": {
					"rotation": {
						"0.0": {
							"post": [0, 0, 0],
							"lerp_mode": "catmullrom"
						},
						"0.1667": {
							"post": [24, 0, 0],
							"lerp_mode": "catmullrom"
						},
						"0.3333": {
							"post": [-69.74946, -21.91786, -9.82227],
							"lerp_mode": "catmullrom"
						},
						"0.4583": {
							"post": [-28.74946, -21.91786, -9.82227],
							"lerp_mode": "catmullrom"
						},
						"0.5833": {
							"post": [-28.74946, -21.91786, -9.82227],
							"lerp_mode": "catmullrom"
						},
						"0.875": {
							"post": [3.25054, -21.91786, -9.82227],
							"lerp_mode": "catmullrom"
						},
						"1.0": {
							"post": [0, 0, 0],
							"lerp_mode": "catmullrom"
						}
					},
					"position": {
						"0.0": {
							"post": [0, 0, 0],
							"lerp_mode": "catmullrom"
						},
						"0.1667": {
							"post": [0, -20.59151, 3.68605],
							"lerp_mode": "catmullrom"
						},
						"0.3333": {
							"post": [-0.39708, 4.80546, 10.06584],
							"lerp_mode": "catmullrom"
						},
						"0.4583": {
							"post": [3.01324, 0.33143, 3.58871],
							"lerp_mode": "catmullrom"
						},
						"0.5833": {
							"post": [3.01324, 0.33143, 3.58871],
							"lerp_mode": "catmullrom"
						},
						"0.875": {
							"post": [4.16331, -11.11662, 5.61069],
							"lerp_mode": "catmullrom"
						},
						"1.0": {
							"post": [0, 0, 0],
							"lerp_mode": "catmullrom"
						}
					}
				},
				"lefthand_pos": {
					"rotation": [0, 0, 0],
					"position": {
						"0.0": [0, 0, 0],
						"0.2917": [-3.25, -4.4375, -1.75],
						"1.125": [-3.25, -4.4375, -1.75],
						"1.5": [0, 0, 0]
					}
				},
				"bone2": {
					"position": {
						"0.0": [0, 0, 0],
						"0.125": [0, 0, 1.6875],
						"1.0833": [0, 0, 1.6875],
						"1.2083": [0, 0, 0]
					}
				},
				"camera": {
					"rotation": {
						"0.0": {
							"post": [0, 0, 0],
							"lerp_mode": "catmullrom"
						},
						"0.375": {
							"post": [-3, 0, 0],
							"lerp_mode": "catmullrom"
						},
						"0.5": {
							"post": [-4, 0, 0],
							"lerp_mode": "catmullrom"
						},
						"0.625": {
							"post": [0, 0, 0],
							"lerp_mode": "catmullrom"
						},
						"0.9167": {
							"post": [0, 0, 0],
							"lerp_mode": "catmullrom"
						},
						"1.0417": {
							"post": [-3.98483, -0.34834, -4.98788],
							"lerp_mode": "catmullrom"
						},
						"1.2083": {
							"post": [0, 0, 0],
							"lerp_mode": "catmullrom"
						},
						"1.7083": {
							"post": [0, 0, 0],
							"lerp_mode": "catmullrom"
						}
					}
				},
				"magazine": {
					"rotation": [0, 0, 0],
					"position": [0, 0, 0],
					"scale": {
						"0.0": [0, 0, 0],
						"0.2083": [0, 0, 0],
						"0.25": [1, 1, 1]
					}
				}
			}
		}
	}
}