{
	"format_version": "1.8.0",
	"animations": {
		"draw": {
			"loop": "hold_on_last_frame",
			"animation_length": 0.5,
			"bones": {
				"root": {
					"rotation": {
						"0.0": {
							"post": [60.49574, -64.35089, 18.17046],
							"lerp_mode": "catmullrom"
						},
						"0.25": {
							"post": [7.2882, -13.07127, 3.69087],
							"lerp_mode": "catmullrom"
						},
						"0.5": [0, 0, 0]
					},
					"position": {
						"0.0": {
							"post": [0, -10, -6],
							"lerp_mode": "catmullrom"
						},
						"0.25": {
							"post": [-1, 0.62, 2],
							"lerp_mode": "catmullrom"
						},
						"0.5": [0, 0, 0]
					}
				},
				"lefthand_pos": {
					"rotation": [90, 30, 0],
					"position": [11.875, 4.0625, 9.5625]
				},
				"righthand_pos": {
					"rotation": [90, -15, 0],
					"position": [-9.25, 4.875, 28.9375]
				},
				"camera": {
					"rotation": {
						"0.0": {
							"post": [0, 0, 0],
							"lerp_mode": "catmullrom"
						},
						"0.0833": {
							"post": [0, 0, 0],
							"lerp_mode": "catmullrom"
						},
						"0.2083": {
							"post": [2, 3, -3],
							"lerp_mode": "catmullrom"
						},
						"0.3333": {
							"post": [-2, 0, 3],
							"lerp_mode": "catmullrom"
						},
						"0.5": {
							"post": [0, 0, 0],
							"lerp_mode": "catmullrom"
						}
					},
					"position": {
						"0.0": [0, 0, 0],
						"0.5": [0, 0, 0]
					}
				}
			}
		},
		"put_away": {
			"loop": "hold_on_last_frame",
			"animation_length": 0.75,
			"bones": {
				"righthand_pos": {
					"rotation": {
						"0.0": {
							"post": [90, -15, 0],
							"lerp_mode": "catmullrom"
						},
						"0.25": {
							"post": [90, -15, 0],
							"lerp_mode": "catmullrom"
						},
						"0.5": {
							"post": [65.17884, -1.35161, 20.84896],
							"lerp_mode": "catmullrom"
						},
						"0.75": {
							"post": [54.35769, 12.29678, 41.69792],
							"lerp_mode": "catmullrom"
						}
					},
					"position": {
						"0.0": {
							"post": [-9.25, 4.875, 28.9375],
							"lerp_mode": "catmullrom"
						},
						"0.25": {
							"post": [-9.25, 4.875, 28.9375],
							"lerp_mode": "catmullrom"
						},
						"0.5": {
							"post": [-8.9375, 8.6875, -4.3125],
							"lerp_mode": "catmullrom"
						}
					}
				},
				"lefthand_pos": {
					"rotation": [90, 30, 0],
					"position": [11.875, 4.0625, 9.5625]
				},
				"magazine": {
					"rotation": [0, 0, 0],
					"position": [5.125, -4.5625, 20.375]
				},
				"root": {
					"rotation": {
						"0.0": {
							"post": [0, 0, 0],
							"lerp_mode": "catmullrom"
						},
						"0.5": {
							"post": [-53.14064, 1.92894, 13.97619],
							"lerp_mode": "catmullrom"
						},
						"0.75": [-21.74618, 5.38601, -3.21687]
					},
					"position": {
						"0.0": {
							"post": [0, 0, 0],
							"lerp_mode": "catmullrom"
						},
						"0.5": {
							"post": [0, -15.27, -4.62],
							"lerp_mode": "catmullrom"
						},
						"0.75": [0, -44, 15]
					}
				},
				"DS1": {
					"rotation": [0, 0, 0]
				},
				"right_hand_and_mag": {
					"rotation": [0, 0, 0],
					"position": [0, 0, 0]
				},
				"GB": {
					"rotation": [0, 0, 0]
				},
				"TT": {
					"position": [0, 0, -0.5]
				},
				"bone3": {
					"position": [-9, 2, 0]
				},
				"camera": {
					"rotation": {
						"0.0": {
							"post": [0, 0, 0],
							"lerp_mode": "catmullrom"
						},
						"0.0833": {
							"post": [1, 4, 3],
							"lerp_mode": "catmullrom"
						},
						"0.25": {
							"post": [2, 2, 3],
							"lerp_mode": "catmullrom"
						},
						"0.5": {
							"post": [0, 0, 0],
							"lerp_mode": "catmullrom"
						}
					}
				}
			}
		},
		"static_idle": {
			"animation_length": 0.25,
			"bones": {
				"righthand_pos": {
					"rotation": [90, -15, 0],
					"position": [-9.25, 4.875, 28.9375]
				},
				"lefthand_pos": {
					"rotation": [90, 30, 0],
					"position": [11.875, 4.0625, 9.5625]
				},
				"magazine": {
					"rotation": [0, 0, 0],
					"position": [5.125, -4.5625, 20.375]
				},
				"root": {
					"rotation": [0, 0, 0],
					"position": [0, 0, 0]
				},
				"DS1": {
					"rotation": [0, 0, 0]
				},
				"right_hand_and_mag": {
					"rotation": [0, 0, 0],
					"position": [0, 0, 0]
				},
				"GB": {
					"rotation": [0, 0, 0]
				},
				"TT": {
					"position": [0, 0, 0]
				},
				"DS": {
					"position": [0, 0, 0]
				},
				"bone3": {
					"position": [-9, 2, 0]
				},
				"constraint": {
					"rotation": [0.2, 0.2, 0.2],
					"position": [0.2, 0.2, 0.2]
				}
			}
		},
		"inspect_empty": {
			"animation_length": 3.625,
			"bones": {
				"root": {
					"rotation": {
						"0.0": [0, 0, 0],
						"0.1667": {
							"pre": [0, 0, 0],
							"post": [0, 0, 0],
							"lerp_mode": "catmullrom"
						},
						"0.4167": {
							"post": [-12, 0, 0],
							"lerp_mode": "catmullrom"
						},
						"0.875": {
							"post": [-12, 0, 0],
							"lerp_mode": "catmullrom"
						},
						"1.0833": {
							"post": [-12, 0, 0],
							"lerp_mode": "catmullrom"
						},
						"1.1667": {
							"post": [-15.32428, -2.59321, 4.83974],
							"lerp_mode": "catmullrom"
						},
						"2.0": {
							"post": [-15.32428, -2.59321, 13.83974],
							"lerp_mode": "catmullrom"
						},
						"2.25": {
							"post": [-11.20205, -4.38054, 13.03109],
							"lerp_mode": "catmullrom"
						},
						"2.3333": {
							"post": [-11.22551, -6.22468, 10.62588],
							"lerp_mode": "catmullrom"
						},
						"2.4167": {
							"post": [-16.05918, -2.78247, 19.87169],
							"lerp_mode": "catmullrom"
						},
						"2.75": {
							"post": [-12, 0, 0],
							"lerp_mode": "catmullrom"
						},
						"2.875": {
							"post": [-8.08, -4.8, -0.65],
							"lerp_mode": "catmullrom"
						},
						"3.1667": {
							"post": [0, 0, 0],
							"lerp_mode": "catmullrom"
						},
						"3.625": {
							"post": [0, 0, 0],
							"lerp_mode": "catmullrom"
						}
					},
					"position": {
						"0.0": [0, 0, 0],
						"0.25": {
							"pre": [0, -2.75, 0],
							"post": [0, -2.75, 0],
							"lerp_mode": "catmullrom"
						},
						"0.4167": {
							"post": [0, -2, 0],
							"lerp_mode": "catmullrom"
						},
						"0.5417": {
							"post": [0, -2.75, 0],
							"lerp_mode": "catmullrom"
						},
						"0.75": {
							"post": [0, -2.75, 0],
							"lerp_mode": "catmullrom"
						},
						"0.8333": {
							"post": [0, -2.75, 2],
							"lerp_mode": "catmullrom"
						},
						"1.0": {
							"post": [0, -2.75, 0],
							"lerp_mode": "catmullrom"
						},
						"1.0833": {
							"post": [0, -3.7, 1.5],
							"lerp_mode": "catmullrom"
						},
						"1.25": {
							"post": [0, -2.7, 0],
							"lerp_mode": "catmullrom"
						},
						"1.8333": {
							"post": [0, -2.7, 0],
							"lerp_mode": "catmullrom"
						},
						"2.0833": {
							"post": [0, -2.7, 0.25],
							"lerp_mode": "catmullrom"
						},
						"2.3333": {
							"post": [0, -3.78, -2.5],
							"lerp_mode": "catmullrom"
						},
						"2.4583": {
							"post": [0.5625, -4.7592, -2.69],
							"lerp_mode": "catmullrom"
						},
						"2.625": {
							"post": [0.5625, -4.7592, -2.69],
							"lerp_mode": "catmullrom"
						},
						"2.75": {
							"post": [0.3125, -4.5792, -1.69],
							"lerp_mode": "catmullrom"
						},
						"2.9167": {
							"post": [0, -3.42, -2.3125],
							"lerp_mode": "catmullrom"
						},
						"3.0833": {
							"post": [0, -1.98, 0],
							"lerp_mode": "catmullrom"
						},
						"3.2083": {
							"post": [0, 0, 0],
							"lerp_mode": "catmullrom"
						},
						"3.3333": {
							"post": [0, 0.875, 0],
							"lerp_mode": "catmullrom"
						},
						"3.625": {
							"post": [0, 0, 0],
							"lerp_mode": "catmullrom"
						}
					}
				},
				"m1000": {
					"rotation": [0, 0, 0],
					"position": [0, 0, 0]
				},
				"TT": {
					"rotation": {
						"0.0": [0, 0, 0],
						"0.7917": [0, 0, 0]
					},
					"position": {
						"0.0": [0, 0, 0],
						"0.75": [0, 0, -0.5],
						"0.8333": [0, 0, 2.125],
						"2.75": [0, 0, 2.125],
						"2.8333": [0, 0, 0]
					}
				},
				"GB": {
					"rotation": {
						"0.0": [0, 0, 0],
						"1.0": [0, 0, 0],
						"1.0833": {
							"pre": [133.5, 0, 0],
							"post": [133.5, 0, 0],
							"lerp_mode": "catmullrom"
						},
						"1.1667": {
							"post": [108, 0, 0],
							"lerp_mode": "catmullrom"
						},
						"1.25": {
							"post": [133.5, 0, 0],
							"lerp_mode": "catmullrom"
						},
						"1.2917": {
							"post": [122, 0, 0],
							"lerp_mode": "catmullrom"
						},
						"1.3333": {
							"post": [133.5, 0, 0],
							"lerp_mode": "catmullrom"
						},
						"1.75": {
							"post": [133.5, 0, 0],
							"lerp_mode": "catmullrom"
						},
						"2.0": {
							"post": [133.5, 0, 0],
							"lerp_mode": "catmullrom"
						},
						"2.2083": {
							"post": [101, 0, 0],
							"lerp_mode": "catmullrom"
						},
						"2.3333": [118, 0, 0],
						"2.375": [0, 0, 0]
					},
					"position": {
						"0.0": [0, 0, 0],
						"0.9167": {
							"pre": [0, 0, 0],
							"post": [0, 0, 0],
							"lerp_mode": "catmullrom"
						},
						"1.0": {
							"post": [0, 0, 0],
							"lerp_mode": "catmullrom"
						}
					}
				},
				"DS": {
					"rotation": {
						"0.0": [0, 0, 0],
						"0.9583": [0, 0, 0]
					},
					"position": {
						"0.0": [0, 0, 0],
						"0.75": [0, 0, 0],
						"0.8333": [0, 0, 3.375],
						"2.75": [0, 0, 3.375],
						"2.8333": [0, 0, 0]
					}
				},
				"DS1": {
					"rotation": {
						"0.0": [0, 0, 0],
						"1.0": [0, 0, 0],
						"1.0833": [0, 0, -41],
						"2.3333": [0, 0, -41],
						"2.4167": [0, 0, 0]
					},
					"position": [0, 0, 0]
				},
				"right_hand_and_mag": {
					"rotation": [0, 0, 0],
					"position": [0, 0, 0]
				},
				"magazine": {
					"rotation": {
						"0.0": [0, 0, 0],
						"3.625": [0, 0, 0]
					},
					"position": {
						"0.0": [5.125, -4.5625, 20.375],
						"3.625": [5.125, -4.5625, 20.375]
					},
					"scale": {
						"0.0": [1, 1, 1],
						"0.0417": [0, 0, 0],
						"3.5833": [0, 0, 0],
						"3.625": [1, 1, 1]
					}
				},
				"righthand_pos": {
					"rotation": {
						"0.0": [90, -15, 0],
						"0.5": [79, -15, 0],
						"0.75": [79, -15, 0],
						"0.8333": [79, -15, 0],
						"0.9583": [79, -15, 0],
						"1.125": [82.10205, -16.81194, -11.28364],
						"2.3333": [82.10205, -16.81194, -11.28364],
						"2.5": [79, -15, 0],
						"2.75": [79, -15, 0],
						"2.875": [79, -15, 0],
						"3.5833": [90, -15, 0]
					},
					"position": {
						"0.0": [-9.25, 4.875, 28.9375],
						"0.5": {
							"pre": [-11.9375, 5.8125, 15.1875],
							"post": [-11.9375, 5.8125, 15.1875],
							"lerp_mode": "catmullrom"
						},
						"0.75": [-11.9375, 5.8125, 15.1875],
						"0.8333": [-11.1275, 5.25, 19.2525],
						"0.9583": [-11.1275, 5.25, 19.2525],
						"1.125": [-12.0675, 3.1875, 18.3125],
						"2.3333": [-12.0675, 3.1875, 18.3125],
						"2.5": [-11.1275, 5.25, 19.2525],
						"2.75": [-11.1275, 5.25, 19.2525],
						"2.875": [-11.9375, 5.8125, 15.1875],
						"3.5833": [-9.25, 4.875, 28.9375]
					}
				},
				"bone3": {
					"position": [-9, 2, 0]
				},
				"bullet": {
					"scale": 0
				},
				"bullet2": {
					"scale": 0
				},
				"bullet3": {
					"scale": 0
				},
				"bullet4": {
					"scale": 0
				},
				"bullet5": {
					"scale": 0
				},
				"bullet6": {
					"scale": 0
				},
				"bullet7": {
					"scale": 0
				},
				"bullet8": {
					"scale": 0
				},
				"camera": {
					"rotation": {
						"0.0": [0, 0, 0],
						"0.125": {
							"pre": [-0.86, 1.74, -0.7],
							"post": [-0.86, 1.74, -0.7],
							"lerp_mode": "catmullrom"
						},
						"0.2083": {
							"post": [-1.36, 1.74, -0.7],
							"lerp_mode": "catmullrom"
						},
						"0.2917": {
							"post": [-0.43, 1.16, -0.35],
							"lerp_mode": "catmullrom"
						},
						"0.4167": {
							"post": [1.98, 1.16, -0.35],
							"lerp_mode": "catmullrom"
						},
						"0.7083": {
							"post": [1.98, 1.16, -0.35],
							"lerp_mode": "catmullrom"
						},
						"0.75": {
							"post": [1.32, -1.26, 3],
							"lerp_mode": "catmullrom"
						},
						"0.8333": {
							"post": [2.64, 8.16, -4.05],
							"lerp_mode": "catmullrom"
						},
						"1.0833": {
							"post": [2.64, 0, 0],
							"lerp_mode": "catmullrom"
						},
						"1.1667": {
							"post": [1.32, -0.68, -4.7],
							"lerp_mode": "catmullrom"
						},
						"1.375": {
							"post": [2.64, 6, 0],
							"lerp_mode": "catmullrom"
						},
						"1.5": {
							"post": [4.64, 9.32, 0],
							"lerp_mode": "catmullrom"
						},
						"2.0417": {
							"post": [5.64, 10.32, -1.05],
							"lerp_mode": "catmullrom"
						},
						"2.2917": {
							"post": [2.64, 0.58, -0.7],
							"lerp_mode": "catmullrom"
						},
						"2.375": {
							"post": [3.66, 0.58, 2],
							"lerp_mode": "catmullrom"
						},
						"2.7083": {
							"post": [3.96, 0.58, 0],
							"lerp_mode": "catmullrom"
						},
						"2.7917": {
							"post": [-0.43, 1.74, 0],
							"lerp_mode": "catmullrom"
						},
						"2.9583": {
							"post": [0.66, 1.74, 0],
							"lerp_mode": "catmullrom"
						},
						"3.25": {
							"post": [1.98, -1, 0],
							"lerp_mode": "catmullrom"
						},
						"3.5": {
							"post": [0, 0, 0],
							"lerp_mode": "catmullrom"
						}
					},
					"position": {
						"0.0": [0, 0, 0],
						"1.0833": [0, 0, 0],
						"1.1667": [0, -1, 0],
						"1.75": [0, -1, 0],
						"2.125": [0, 0, 0]
					}
				},
				"lefthand_pos": {
					"rotation": [90, 30, 0],
					"position": [11.875, 4.0625, 9.5625]
				}
			}
		},
		"shoot": {
			"loop": true,
			"animation_length": 0.6667,
			"bones": {
				"root": {
					"rotation": {
						"0.0": {
							"post": [0, 0, 0],
							"lerp_mode": "catmullrom"
						},
						"0.0417": {
							"post": [0.24839, 0.0283, -6.49994],
							"lerp_mode": "catmullrom"
						},
						"0.0833": {
							"post": [-2.16351, -0.12391, -1.41431],
							"lerp_mode": "catmullrom"
						},
						"0.1667": {
							"post": [-0.9984, 0.06651, 0.74977],
							"lerp_mode": "catmullrom"
						},
						"0.25": {
							"post": [0.37499, -0.00327, 0.24998],
							"lerp_mode": "catmullrom"
						},
						"0.4167": {
							"post": [-0.135, 0, -0.18],
							"lerp_mode": "catmullrom"
						},
						"0.5417": {
							"post": [0.125, 0, 0],
							"lerp_mode": "catmullrom"
						},
						"0.6667": {
							"post": [0, 0, 0],
							"lerp_mode": "catmullrom"
						}
					},
					"position": {
						"0.0": {
							"post": [0, 0, 0],
							"lerp_mode": "catmullrom"
						},
						"0.0417": {
							"post": [0, -0.3, 1.65],
							"lerp_mode": "catmullrom"
						},
						"0.0833": {
							"post": [0, 0.075, 1.455],
							"lerp_mode": "catmullrom"
						},
						"0.125": {
							"post": [0, 0.0375, -0.325],
							"lerp_mode": "catmullrom"
						},
						"0.25": {
							"post": [0, -0.0625, -0.075],
							"lerp_mode": "catmullrom"
						},
						"0.375": {
							"post": [0, -0.0625, 0.03125],
							"lerp_mode": "catmullrom"
						},
						"0.5417": {
							"post": [0, 0, 0],
							"lerp_mode": "catmullrom"
						},
						"0.6667": {
							"post": [0, 0, 0],
							"lerp_mode": "catmullrom"
						}
					}
				},
				"TT": {
					"position": {
						"0.0": [0, 0, 0],
						"0.0417": [0, 0, 1.995],
						"0.1667": [0, 0, 0]
					}
				},
				"GB": {
					"rotation": {
						"0.0": [0, 0, 0],
						"0.0417": [112.5, 0, 0],
						"0.125": [112.5, 0, 0],
						"0.25": [0, 0, 0],
						"0.2917": [20, 0, 0],
						"0.375": [0, 0, 0]
					}
				},
				"DS": {
					"position": {
						"0.0": [0, 0, 0.0625],
						"0.0417": [0, 0, 3],
						"0.125": [0, 0, 0.0625]
					}
				},
				"magazine": {
					"rotation": {
						"0.0": [0, 0, 0],
						"0.25": [0, 0, 0]
					},
					"position": {
						"0.0": [5.125, -4.5625, 20.375],
						"0.25": [5.125, -4.5625, 20.375]
					}
				},
				"bone3": {
					"position": [-9, 2, 0]
				},
				"camera": {
					"rotation": {
						"0.0": {
							"post": [0, 0, 0],
							"lerp_mode": "catmullrom"
						},
						"0.0417": {
							"post": [0, 0, 1.1],
							"lerp_mode": "catmullrom"
						},
						"0.0833": {
							"post": [0, 0, 0.755],
							"lerp_mode": "catmullrom"
						},
						"0.125": {
							"post": [0, 0, -0.39],
							"lerp_mode": "catmullrom"
						},
						"0.1667": {
							"post": [0, 0, 0.28],
							"lerp_mode": "catmullrom"
						},
						"0.25": {
							"post": [0, 0, -0.07],
							"lerp_mode": "catmullrom"
						},
						"0.2917": {
							"post": [0, 0, 0],
							"lerp_mode": "catmullrom"
						}
					}
				}
			}
		},
		"reload_tactical": {
			"animation_length": 2.75,
			"bones": {
				"root": {
					"rotation": {
						"0.0": {
							"post": [-0.39167, 0, 0],
							"lerp_mode": "catmullrom"
						},
						"0.125": {
							"post": [-0.39167, -2.5, 14],
							"lerp_mode": "catmullrom"
						},
						"0.25": {
							"post": [-0.39167, -2.5, 19],
							"lerp_mode": "catmullrom"
						},
						"0.3333": {
							"post": [-0.39167, 2.5, 17.15],
							"lerp_mode": "catmullrom"
						},
						"0.4167": {
							"post": [-0.87038, 4.92385, 16.361],
							"lerp_mode": "catmullrom"
						},
						"0.5417": {
							"post": [-0.87038, 4.92385, 16.361],
							"lerp_mode": "catmullrom"
						},
						"0.625": {
							"post": [0.98333, -2.5, 19.15],
							"lerp_mode": "catmullrom"
						},
						"0.875": {
							"post": [3.5603, -8.73126, -2.42941],
							"lerp_mode": "catmullrom"
						},
						"1.25": {
							"post": [9.0603, -8.73126, -2.42941],
							"lerp_mode": "catmullrom"
						},
						"1.3333": {
							"post": [6.3103, -8.73126, -2.42941],
							"lerp_mode": "catmullrom"
						},
						"1.5833": {
							"post": [9.0603, -8.73126, -2.42941],
							"lerp_mode": "catmullrom"
						},
						"1.75": {
							"post": [9.0603, -8.73126, -2.42941],
							"lerp_mode": "catmullrom"
						},
						"1.8333": {
							"post": [7.91981, -14.61951, 9.11764],
							"lerp_mode": "catmullrom"
						},
						"2.0": {
							"post": [7.83475, -12.20506, 9.78428],
							"lerp_mode": "catmullrom"
						},
						"2.125": {
							"post": [9.25164, -11.10835, -3.1837],
							"lerp_mode": "catmullrom"
						},
						"2.375": {
							"post": [8.62162, -10.17618, 2.42335],
							"lerp_mode": "catmullrom"
						},
						"2.5": {
							"post": [-0.39167, 0, 0],
							"lerp_mode": "catmullrom"
						},
						"2.6667": [-0.39167, 0, 0]
					},
					"position": {
						"0.0": {
							"post": [0, 0, 0],
							"lerp_mode": "catmullrom"
						},
						"0.125": {
							"post": [1, 0, 0],
							"lerp_mode": "catmullrom"
						},
						"0.25": {
							"post": [0, 0, 0],
							"lerp_mode": "catmullrom"
						},
						"0.3333": {
							"post": [2, 0, 3],
							"lerp_mode": "catmullrom"
						},
						"0.4167": {
							"post": [0, 0, 2],
							"lerp_mode": "catmullrom"
						},
						"0.5417": {
							"post": [0, 0, 2],
							"lerp_mode": "catmullrom"
						},
						"0.625": {
							"post": [0, -1.1808, 1],
							"lerp_mode": "catmullrom"
						},
						"0.875": [1.09, 0.8745, -0.04],
						"1.25": {
							"pre": [1.09, 1.71878, 0],
							"post": [1.09, 1.71878, 0],
							"lerp_mode": "catmullrom"
						},
						"1.3333": {
							"post": [1.09, 1.51398, 1],
							"lerp_mode": "catmullrom"
						},
						"1.5833": {
							"post": [1.09, 1.71878, 0],
							"lerp_mode": "catmullrom"
						},
						"1.75": {
							"post": [1.09, 1.71878, 0],
							"lerp_mode": "catmullrom"
						},
						"1.8333": {
							"post": [1.09, 1.51398, 0],
							"lerp_mode": "catmullrom"
						},
						"2.0417": {
							"post": [1.09, 1.51398, 0],
							"lerp_mode": "catmullrom"
						},
						"2.125": {
							"post": [1.09, 1.92358, -3],
							"lerp_mode": "catmullrom"
						},
						"2.375": {
							"post": [1.0625, 1.60563, 0],
							"lerp_mode": "catmullrom"
						},
						"2.5417": {
							"post": [0, 0, 0],
							"lerp_mode": "catmullrom"
						},
						"2.7083": {
							"post": [0, 0, 0],
							"lerp_mode": "catmullrom"
						}
					}
				},
				"righthand_pos": {
					"rotation": {
						"0.0": {
							"post": [90, -15, 0],
							"lerp_mode": "catmullrom"
						},
						"0.5833": {
							"post": [90, -15, 0],
							"lerp_mode": "catmullrom"
						},
						"0.6667": {
							"post": [86.49812, -17.60136, 13.63149],
							"lerp_mode": "catmullrom"
						},
						"0.75": {
							"post": [86.49812, -17.60136, 13.63149],
							"lerp_mode": "catmullrom"
						},
						"0.8333": {
							"post": [73.63133, -18.94451, 14.02927],
							"lerp_mode": "catmullrom"
						},
						"1.0417": {
							"post": [73.88686, -23.37493, 15.37557],
							"lerp_mode": "catmullrom"
						},
						"1.1667": {
							"post": [67.54438, -25.22559, 16.20767],
							"lerp_mode": "catmullrom"
						},
						"1.2917": {
							"post": [76.46563, -26.72604, 21.10954],
							"lerp_mode": "catmullrom"
						},
						"1.7917": {
							"post": [89.50651, -14.72652, 20.99467],
							"lerp_mode": "catmullrom"
						},
						"1.9583": {
							"post": [77.50651, -14.72652, 20.99467],
							"lerp_mode": "catmullrom"
						},
						"2.1667": {
							"post": [81.70125, -10.8197, 20.11437],
							"lerp_mode": "catmullrom"
						},
						"2.5833": {
							"post": [90, -15, 0],
							"lerp_mode": "catmullrom"
						}
					},
					"position": {
						"0.0": {
							"post": [-9.25, 4.875, 28.9375],
							"lerp_mode": "catmullrom"
						},
						"0.25": {
							"post": [-11.1875, 7.255, 14.44],
							"lerp_mode": "catmullrom"
						},
						"0.3333": {
							"post": [-11.7475, 7.25, 17.57],
							"lerp_mode": "catmullrom"
						},
						"0.5833": {
							"post": [-12.31, 7.25, 18.51],
							"lerp_mode": "catmullrom"
						},
						"0.6667": {
							"post": [-12.31, 7.25, 17.6975],
							"lerp_mode": "catmullrom"
						},
						"0.75": {
							"post": [-12.31, 7.25, 17.6975],
							"lerp_mode": "catmullrom"
						},
						"0.8333": {
							"post": [-12.31, 6.5625, 23.5125],
							"lerp_mode": "catmullrom"
						},
						"1.0417": {
							"post": [-11.935, 10.31, 16.6975],
							"lerp_mode": "catmullrom"
						},
						"1.2917": {
							"post": [-12.31, 10.31, 16.5075],
							"lerp_mode": "catmullrom"
						},
						"1.7917": {
							"post": [-11.7475, 9.06, 18.07],
							"lerp_mode": "catmullrom"
						},
						"1.9583": {
							"post": [-12.0625, 9.06, 18.195],
							"lerp_mode": "catmullrom"
						},
						"2.1667": {
							"post": [-12.06, 9.06, 15.45],
							"lerp_mode": "catmullrom"
						},
						"2.5833": {
							"post": [-9.25, 4.875, 28.9375],
							"lerp_mode": "catmullrom"
						}
					}
				},
				"TT": {
					"position": {
						"0.0": [0, 0, 0],
						"0.2083": [0, 0, 0],
						"0.3333": [0, 0, 2.1875],
						"2.0": [0, 0, 2.19],
						"2.125": [0, 0, 0]
					}
				},
				"GB": {
					"rotation": {
						"0.5833": {
							"pre": [0, 0, 0],
							"post": [0, 0, 0],
							"lerp_mode": "catmullrom"
						},
						"0.6667": {
							"post": [126, 0, 0],
							"lerp_mode": "catmullrom"
						},
						"0.75": {
							"post": [86, 0, 0],
							"lerp_mode": "catmullrom"
						},
						"0.8333": {
							"post": [126, 0, 0],
							"lerp_mode": "catmullrom"
						},
						"0.875": {
							"post": [107.5, 0, 0],
							"lerp_mode": "catmullrom"
						},
						"0.9167": {
							"post": [126, 0, 0],
							"lerp_mode": "catmullrom"
						},
						"1.2083": {
							"post": [126, 0, 0],
							"lerp_mode": "catmullrom"
						},
						"1.3333": {
							"post": [73.5, 0, 0],
							"lerp_mode": "catmullrom"
						},
						"1.4167": {
							"post": [126, 0, 0],
							"lerp_mode": "catmullrom"
						},
						"1.5": {
							"post": [101, 0, 0],
							"lerp_mode": "catmullrom"
						},
						"1.5833": {
							"post": [126, 0, 0],
							"lerp_mode": "catmullrom"
						},
						"1.7917": [126, 0, 0],
						"1.875": [0, 0, 0]
					}
				},
				"DS1": {
					"rotation": {
						"0.0": [0, 0, 0],
						"0.2083": [0, 0, 0],
						"0.5833": [0, 0, 0],
						"0.6667": [0, 0, -71],
						"1.7917": [0, 0, -71],
						"1.9167": [0, 0, 24],
						"2.1667": [0, 0, 0],
						"2.6667": [0, 0, 0]
					}
				},
				"mag_standard2": {
					"rotation": {
						"0.0": [0, 0, 0],
						"0.2083": [0, 0, 0],
						"0.5": [0, 0, 0],
						"0.5833": [0, 0, 0],
						"0.7083": [5.72886, 1.75601, -54.59516],
						"0.7917": {
							"pre": [8.41122, 20.94592, -98.72589],
							"post": [8.41122, 20.94592, -98.72589],
							"lerp_mode": "catmullrom"
						},
						"0.9583": {
							"post": [2.48063, 69.93103, -96.72149],
							"lerp_mode": "catmullrom"
						},
						"1.3333": [0, 0, 0],
						"2.375": [0, 0, 0]
					},
					"position": {
						"0.0": [0, 0, 0],
						"0.2083": [0, 0, 0],
						"0.5": [0, 0, 0],
						"0.5833": [0, 0, 0],
						"0.625": [-0.25, 8.58, -0.25],
						"0.7083": [-2.25, 24.58, 0.75],
						"0.7917": [-9.11, 54.36, 0.45],
						"0.875": [-13.245, 52.6925, -5.0625],
						"0.9583": [-21.49, 36.0025, -12.685],
						"1.0417": [-27.69, 14, -21.59],
						"1.0833": [0.125, 0, 1.25],
						"1.3333": [0.125, 0, 1.25],
						"2.375": [0, 0, 0]
					},
					"scale": {
						"0.0": [1, 1, 1],
						"0.2083": [1, 1, 1],
						"0.9583": [1, 1, 1],
						"1.0417": [0, 0, 0],
						"1.2917": [1, 1, 1],
						"1.3333": [1, 1, 1]
					}
				},
				"bullet": {
					"scale": {
						"0.0": [0, 0, 0],
						"0.2083": [0, 0, 0],
						"1.0": [0, 0, 0],
						"1.25": [1, 1, 1],
						"1.2917": [1, 1, 1]
					}
				},
				"bullet2": {
					"scale": {
						"0.2083": [0, 0, 0],
						"1.0": [0, 0, 0],
						"1.25": [1, 1, 1],
						"1.2917": [1, 1, 1]
					}
				},
				"bullet3": {
					"scale": {
						"0.2083": [0, 0, 0],
						"1.0": [0, 0, 0],
						"1.25": [1, 1, 1],
						"1.2917": [1, 1, 1]
					}
				},
				"bullet4": {
					"scale": {
						"0.2083": [0, 0, 0],
						"1.0": [0, 0, 0],
						"1.25": [1, 1, 1],
						"1.2917": [1, 1, 1]
					}
				},
				"bullet5": {
					"scale": {
						"0.2083": [0, 0, 0],
						"1.0": [0, 0, 0],
						"1.25": [1, 1, 1],
						"1.2917": [1, 1, 1]
					}
				},
				"bullet6": {
					"scale": {
						"0.2083": [0, 0, 0],
						"1.0": [0, 0, 0],
						"1.25": [1, 1, 1],
						"1.2917": [1, 1, 1]
					}
				},
				"bullet7": {
					"scale": {
						"0.2083": [0, 0, 0],
						"1.0": [0, 0, 0],
						"1.25": [1, 1, 1],
						"1.2917": [1, 1, 1]
					}
				},
				"bullet8": {
					"scale": {
						"0.2083": [0, 0, 0],
						"1.0": [0, 0, 0],
						"1.2917": [1, 1, 1],
						"1.3333": [1, 1, 1]
					}
				},
				"magazine": {
					"rotation": {
						"0.2083": [0, 0, 0],
						"0.75": {
							"pre": [89.99283, -0.01372, -17.29124],
							"post": [89.99283, -0.01372, -17.29124],
							"lerp_mode": "catmullrom"
						},
						"1.0417": {
							"post": [89.99283, -0.01372, -17.29124],
							"lerp_mode": "catmullrom"
						},
						"1.2083": {
							"post": [89.98904, -0.01093, 0.20876],
							"lerp_mode": "catmullrom"
						},
						"1.2917": {
							"post": [89.98904, -0.01093, 0.20876],
							"lerp_mode": "catmullrom"
						},
						"2.5833": [0, 0, 0]
					},
					"position": {
						"0.2083": [5.125, -4.5625, 20.375],
						"0.75": [5.125, -4.5625, 20.375],
						"1.0417": [8.88, -0.1225, 15.3175],
						"1.2083": [8.88, 0.315, 15.3175],
						"1.2917": [8.88, -2.685, 15.3175],
						"2.5833": [5.125, -4.5625, 20.375]
					},
					"scale": {
						"1.375": [1, 1, 1],
						"1.4167": [0, 0, 0],
						"2.5417": [0, 0, 0],
						"2.5833": [1, 1, 1]
					}
				},
				"DS": {
					"position": {
						"0.0": [0, 0, 0],
						"0.25": [0, 0, 0],
						"0.3333": [0, 0, 3],
						"1.9583": [0, 0, 3],
						"2.125": [0, 0, 0]
					}
				},
				"camera": {
					"rotation": {
						"0.0": {
							"post": [0, 0, 0],
							"lerp_mode": "catmullrom"
						},
						"0.2083": {
							"post": [0, -2.84, 1.46],
							"lerp_mode": "catmullrom"
						},
						"0.4167": {
							"post": [2.08, 3.3, -2],
							"lerp_mode": "catmullrom"
						},
						"0.5833": {
							"post": [2.08, 1.98, 0],
							"lerp_mode": "catmullrom"
						},
						"0.6667": {
							"post": [3.12, 1.32, -2],
							"lerp_mode": "catmullrom"
						},
						"0.8333": {
							"post": [2.08, 1.98, 0],
							"lerp_mode": "catmullrom"
						},
						"1.125": {
							"post": [1.04, 2.64, 1.46],
							"lerp_mode": "catmullrom"
						},
						"1.2083": {
							"post": [1.04, 2.64, 1.46],
							"lerp_mode": "catmullrom"
						},
						"1.2917": {
							"post": [3.12, 2.64, 1.46],
							"lerp_mode": "catmullrom"
						},
						"1.5417": {
							"post": [1.04, 2.64, 1.46],
							"lerp_mode": "catmullrom"
						},
						"1.7917": {
							"post": [1.04, 2.64, 1.46],
							"lerp_mode": "catmullrom"
						},
						"1.875": {
							"post": [-0.46, -0.71, 1.46],
							"lerp_mode": "catmullrom"
						},
						"2.0417": {
							"post": [-0.46, -0.71, 2.92],
							"lerp_mode": "catmullrom"
						},
						"2.125": {
							"post": [1.56, -2.13, 0.73],
							"lerp_mode": "catmullrom"
						},
						"2.25": {
							"post": [1.56, -2.13, 0.73],
							"lerp_mode": "catmullrom"
						},
						"2.375": {
							"post": [2.08, 2.64, 1.46],
							"lerp_mode": "catmullrom"
						},
						"2.4583": {
							"post": [2.08, 2.64, 1.46],
							"lerp_mode": "catmullrom"
						},
						"2.5833": {
							"post": [-1.38, -1.42, 2.19],
							"lerp_mode": "catmullrom"
						},
						"2.7083": {
							"post": [0, 0, 0],
							"lerp_mode": "catmullrom"
						}
					},
					"position": {
						"0.0": {
							"post": [0, 0, 0],
							"lerp_mode": "catmullrom"
						},
						"1.125": {
							"post": [0, 0, 0],
							"lerp_mode": "catmullrom"
						},
						"1.4167": {
							"post": [0, 0.4, 0],
							"lerp_mode": "catmullrom"
						},
						"1.5417": {
							"post": [0, 0, 0],
							"lerp_mode": "catmullrom"
						}
					}
				},
				"bone3": {
					"position": [-9, 2, 0]
				},
				"lefthand_pos": {
					"rotation": [90, 30, 0],
					"position": [11.875, 4.0625, 9.5625]
				}
			}
		},
		"inspect": {
			"animation_length": 3.625,
			"bones": {
				"root": {
					"rotation": {
						"0.0": [0, 0, 0],
						"0.1667": {
							"pre": [0, 0, 0],
							"post": [0, 0, 0],
							"lerp_mode": "catmullrom"
						},
						"0.4167": {
							"post": [-12, 0, 0],
							"lerp_mode": "catmullrom"
						},
						"0.875": {
							"post": [-12, 0, 0],
							"lerp_mode": "catmullrom"
						},
						"1.0833": {
							"post": [-12, 0, 0],
							"lerp_mode": "catmullrom"
						},
						"1.1667": {
							"post": [-15.32428, -2.59321, 4.83974],
							"lerp_mode": "catmullrom"
						},
						"2.0": {
							"post": [-15.32428, -2.59321, 13.83974],
							"lerp_mode": "catmullrom"
						},
						"2.25": {
							"post": [-11.20205, -4.38054, 13.03109],
							"lerp_mode": "catmullrom"
						},
						"2.3333": {
							"post": [-11.22551, -6.22468, 10.62588],
							"lerp_mode": "catmullrom"
						},
						"2.4167": {
							"post": [-16.05918, -2.78247, 19.87169],
							"lerp_mode": "catmullrom"
						},
						"2.75": {
							"post": [-12, 0, 0],
							"lerp_mode": "catmullrom"
						},
						"2.875": {
							"post": [-8.08, -4.8, -0.65],
							"lerp_mode": "catmullrom"
						},
						"3.1667": {
							"post": [0, 0, 0],
							"lerp_mode": "catmullrom"
						},
						"3.625": {
							"post": [0, 0, 0],
							"lerp_mode": "catmullrom"
						}
					},
					"position": {
						"0.0": [0, 0, 0],
						"0.25": {
							"pre": [0, -2.75, 0],
							"post": [0, -2.75, 0],
							"lerp_mode": "catmullrom"
						},
						"0.4167": {
							"post": [0, -2, 0],
							"lerp_mode": "catmullrom"
						},
						"0.5417": {
							"post": [0, -2.75, 0],
							"lerp_mode": "catmullrom"
						},
						"0.75": {
							"post": [0, -2.75, 0],
							"lerp_mode": "catmullrom"
						},
						"0.8333": {
							"post": [0, -2.75, 2],
							"lerp_mode": "catmullrom"
						},
						"1.0": {
							"post": [0, -2.75, 0],
							"lerp_mode": "catmullrom"
						},
						"1.0833": {
							"post": [0, -3.7, 1.5],
							"lerp_mode": "catmullrom"
						},
						"1.25": {
							"post": [0, -2.7, 0],
							"lerp_mode": "catmullrom"
						},
						"1.8333": {
							"post": [0, -2.7, 0],
							"lerp_mode": "catmullrom"
						},
						"2.0833": {
							"post": [0, -2.7, 0.25],
							"lerp_mode": "catmullrom"
						},
						"2.3333": {
							"post": [0, -3.78, -2.5],
							"lerp_mode": "catmullrom"
						},
						"2.4583": {
							"post": [0.5625, -4.7592, -2.69],
							"lerp_mode": "catmullrom"
						},
						"2.625": {
							"post": [0.5625, -4.7592, -2.69],
							"lerp_mode": "catmullrom"
						},
						"2.75": {
							"post": [0.3125, -4.5792, -1.69],
							"lerp_mode": "catmullrom"
						},
						"2.9167": {
							"post": [0, -3.42, -2.3125],
							"lerp_mode": "catmullrom"
						},
						"3.0833": {
							"post": [0, -1.98, 0],
							"lerp_mode": "catmullrom"
						},
						"3.2083": {
							"post": [0, 0, 0],
							"lerp_mode": "catmullrom"
						},
						"3.3333": {
							"post": [0, 0.875, 0],
							"lerp_mode": "catmullrom"
						},
						"3.625": {
							"post": [0, 0, 0],
							"lerp_mode": "catmullrom"
						}
					}
				},
				"m1000": {
					"rotation": [0, 0, 0],
					"position": [0, 0, 0]
				},
				"TT": {
					"rotation": {
						"0.0": [0, 0, 0],
						"0.7917": [0, 0, 0]
					},
					"position": {
						"0.0": [0, 0, 0],
						"0.75": [0, 0, -0.5],
						"0.8333": [0, 0, 2.125],
						"2.75": [0, 0, 2.125],
						"2.8333": [0, 0, 0]
					}
				},
				"GB": {
					"rotation": {
						"0.0": [0, 0, 0],
						"1.0": [0, 0, 0],
						"1.0833": {
							"pre": [133.5, 0, 0],
							"post": [133.5, 0, 0],
							"lerp_mode": "catmullrom"
						},
						"1.1667": {
							"post": [108, 0, 0],
							"lerp_mode": "catmullrom"
						},
						"1.25": {
							"post": [133.5, 0, 0],
							"lerp_mode": "catmullrom"
						},
						"1.2917": {
							"post": [122, 0, 0],
							"lerp_mode": "catmullrom"
						},
						"1.3333": {
							"post": [133.5, 0, 0],
							"lerp_mode": "catmullrom"
						},
						"1.75": {
							"post": [133.5, 0, 0],
							"lerp_mode": "catmullrom"
						},
						"2.0": {
							"post": [133.5, 0, 0],
							"lerp_mode": "catmullrom"
						},
						"2.2083": {
							"post": [101, 0, 0],
							"lerp_mode": "catmullrom"
						},
						"2.3333": [118, 0, 0],
						"2.375": [0, 0, 0]
					},
					"position": {
						"0.0": [0, 0, 0],
						"0.9167": {
							"pre": [0, 0, 0],
							"post": [0, 0, 0],
							"lerp_mode": "catmullrom"
						},
						"1.0": {
							"post": [0, 0, 0],
							"lerp_mode": "catmullrom"
						}
					}
				},
				"DS": {
					"rotation": {
						"0.0": [0, 0, 0],
						"0.9583": [0, 0, 0]
					},
					"position": {
						"0.0": [0, 0, 0],
						"0.75": [0, 0, 0],
						"0.8333": [0, 0, 3.375],
						"2.75": [0, 0, 3.375],
						"2.8333": [0, 0, 0]
					}
				},
				"DS1": {
					"rotation": {
						"0.0": [0, 0, 0],
						"1.0": [0, 0, 0],
						"1.0833": [0, 0, -41],
						"2.3333": [0, 0, -41],
						"2.4167": [0, 0, 0]
					},
					"position": [0, 0, 0]
				},
				"right_hand_and_mag": {
					"rotation": [0, 0, 0],
					"position": [0, 0, 0]
				},
				"magazine": {
					"rotation": {
						"0.0": [0, 0, 0],
						"3.625": [0, 0, 0]
					},
					"position": {
						"0.0": [5.125, -4.5625, 20.375],
						"3.625": [5.125, -4.5625, 20.375]
					},
					"scale": {
						"0.0": [1, 1, 1],
						"0.0417": [0, 0, 0],
						"3.5833": [0, 0, 0],
						"3.625": [1, 1, 1]
					}
				},
				"righthand_pos": {
					"rotation": {
						"0.0": [90, -15, 0],
						"0.5": [79, -15, 0],
						"0.75": [79, -15, 0],
						"0.8333": [79, -15, 0],
						"0.9583": [79, -15, 0],
						"1.125": [82.10205, -16.81194, -11.28364],
						"2.3333": [82.10205, -16.81194, -11.28364],
						"2.5": [79, -15, 0],
						"2.75": [79, -15, 0],
						"2.875": [79, -15, 0],
						"3.5833": [90, -15, 0]
					},
					"position": {
						"0.0": [-9.25, 4.875, 28.9375],
						"0.5": {
							"pre": [-11.9375, 5.8125, 15.1875],
							"post": [-11.9375, 5.8125, 15.1875],
							"lerp_mode": "catmullrom"
						},
						"0.75": [-11.9375, 5.8125, 15.1875],
						"0.8333": [-11.1275, 5.25, 19.2525],
						"0.9583": [-11.1275, 5.25, 19.2525],
						"1.125": [-12.0675, 3.1875, 18.3125],
						"2.3333": [-12.0675, 3.1875, 18.3125],
						"2.5": [-11.1275, 5.25, 19.2525],
						"2.75": {
							"pre": [-11.1275, 5.25, 19.2525],
							"post": [-11.1275, 5.25, 19.2525],
							"lerp_mode": "catmullrom"
						},
						"2.875": {
							"post": [-11.9375, 5.8125, 15.1875],
							"lerp_mode": "catmullrom"
						},
						"3.5833": {
							"post": [-9.25, 4.875, 28.9375],
							"lerp_mode": "catmullrom"
						}
					}
				},
				"camera": {
					"rotation": {
						"0.0": [0, 0, 0],
						"0.125": {
							"pre": [-0.86, 1.74, -0.7],
							"post": [-0.86, 1.74, -0.7],
							"lerp_mode": "catmullrom"
						},
						"0.2083": {
							"post": [-1.36, 1.74, -0.7],
							"lerp_mode": "catmullrom"
						},
						"0.2917": {
							"post": [-0.43, 1.16, -0.35],
							"lerp_mode": "catmullrom"
						},
						"0.4167": {
							"post": [1.98, 1.16, -0.35],
							"lerp_mode": "catmullrom"
						},
						"0.7083": {
							"post": [1.98, 1.16, -0.35],
							"lerp_mode": "catmullrom"
						},
						"0.75": {
							"post": [1.32, -1.26, 3],
							"lerp_mode": "catmullrom"
						},
						"0.8333": {
							"post": [2.64, 8.16, -4.05],
							"lerp_mode": "catmullrom"
						},
						"1.0833": {
							"post": [2.64, 0, 0],
							"lerp_mode": "catmullrom"
						},
						"1.1667": {
							"post": [1.32, -0.68, -4.7],
							"lerp_mode": "catmullrom"
						},
						"1.375": {
							"post": [2.64, 6, 0],
							"lerp_mode": "catmullrom"
						},
						"1.5": {
							"post": [4.64, 9.32, 0],
							"lerp_mode": "catmullrom"
						},
						"2.0417": {
							"post": [5.64, 10.32, -1.05],
							"lerp_mode": "catmullrom"
						},
						"2.2917": {
							"post": [2.64, 0.58, -0.7],
							"lerp_mode": "catmullrom"
						},
						"2.375": {
							"post": [3.66, 0.58, 2],
							"lerp_mode": "catmullrom"
						},
						"2.7083": {
							"post": [3.96, 0.58, 0],
							"lerp_mode": "catmullrom"
						},
						"2.7917": {
							"post": [-0.43, 1.74, 0],
							"lerp_mode": "catmullrom"
						},
						"2.9583": {
							"post": [0.66, 1.74, 0],
							"lerp_mode": "catmullrom"
						},
						"3.25": {
							"post": [1.98, -1, 0],
							"lerp_mode": "catmullrom"
						},
						"3.5": {
							"post": [0, 0, 0],
							"lerp_mode": "catmullrom"
						}
					},
					"position": {
						"0.0": [0, 0, 0],
						"1.0833": [0, 0, 0],
						"1.1667": [0, -1, 0],
						"1.75": [0, -1, 0],
						"2.125": [0, 0, 0]
					}
				},
				"bone3": {
					"position": [-9, 2, 0]
				},
				"lefthand_pos": {
					"rotation": [90, 30, 0],
					"position": [11.875, 4.0625, 9.5625]
				}
			}
		},
		"static_bolt_caught": {
			"animation_length": 0.25,
			"bones": {
				"root": {
					"rotation": {
						"0.0": [0, 0, 0],
						"0.25": [0, 0, 0]
					},
					"position": {
						"0.0": [0, 0, 0],
						"0.25": [0, 0, 0]
					}
				},
				"lefthand_pos": {
					"rotation": [90, 30, 0],
					"position": [11.875, 4.0625, 9.5625]
				},
				"TT": {
					"position": [0, 0, 2.19]
				},
				"GB": {
					"rotation": [126, 0, 0]
				},
				"DS": {
					"position": [0, 0, 3]
				},
				"DS1": {
					"rotation": [0, 0, 0]
				},
				"magazine": {
					"rotation": [0, 0, 0],
					"position": [5.125, -4.5625, 20.375]
				},
				"righthand_pos": {
					"rotation": [90, -15, 0],
					"position": [-9.25, 4.875, 28.9375]
				},
				"bullet": {
					"scale": 0
				},
				"bullet2": {
					"scale": 0
				},
				"bullet3": {
					"scale": 0
				},
				"bullet4": {
					"scale": 0
				},
				"bullet5": {
					"scale": 0
				},
				"bullet6": {
					"scale": 0
				},
				"bullet7": {
					"scale": 0
				},
				"bullet8": {
					"scale": 0
				},
				"bone3": {
					"position": [-9, 2, 0]
				}
			}
		},
		"reload_empty": {
			"animation_length": 2.5833,
			"bones": {
				"root": {
					"rotation": {
						"0.0": {
							"post": [0, 0, 0],
							"lerp_mode": "catmullrom"
						},
						"0.125": {
							"post": [5.79636, -10.17618, 2.42335],
							"lerp_mode": "catmullrom"
						},
						"0.375": {
							"post": [5.79636, -10.17618, 2.42335],
							"lerp_mode": "catmullrom"
						},
						"0.4583": {
							"post": [5.96775, -9.03225, -12.52241],
							"lerp_mode": "catmullrom"
						},
						"0.75": {
							"post": [5.49802, -8.73126, -2.42941],
							"lerp_mode": "catmullrom"
						},
						"1.0417": {
							"post": [5.49802, -8.73126, -2.42941],
							"lerp_mode": "catmullrom"
						},
						"1.125": {
							"post": [8.40793, -8.73126, -2.42941],
							"lerp_mode": "catmullrom"
						},
						"1.375": {
							"post": [5.49802, -8.73126, -2.42941],
							"lerp_mode": "catmullrom"
						},
						"1.5417": {
							"post": [5.49802, -8.73126, -2.42941],
							"lerp_mode": "catmullrom"
						},
						"1.625": {
							"post": [6.27365, -14.61951, 9.11764],
							"lerp_mode": "catmullrom"
						},
						"1.7917": {
							"post": [6.3315, -12.20506, 9.78428],
							"lerp_mode": "catmullrom"
						},
						"1.9167": {
							"post": [5.36789, -11.10835, -3.1837],
							"lerp_mode": "catmullrom"
						},
						"2.1667": {
							"post": [5.79636, -10.17618, 2.42335],
							"lerp_mode": "catmullrom"
						},
						"2.2917": {
							"post": [0, 0, 0],
							"lerp_mode": "catmullrom"
						},
						"2.4583": {
							"post": [0, 0, 0],
							"lerp_mode": "catmullrom"
						}
					},
					"position": {
						"0.0": {
							"post": [0, 0, 0],
							"lerp_mode": "catmullrom"
						},
						"0.125": {
							"post": [1.0625, 0.48781, -1],
							"lerp_mode": "catmullrom"
						},
						"0.375": {
							"post": [1.0625, 0.48781, -1],
							"lerp_mode": "catmullrom"
						},
						"0.4583": [1.09, 0.30407, -1],
						"0.75": [1.09, 0.51456, -1.04],
						"1.0417": {
							"pre": [1.09, 0.52218, -1],
							"post": [1.09, 0.52218, -1],
							"lerp_mode": "catmullrom"
						},
						"1.125": {
							"post": [1.09, 0.45996, 1],
							"lerp_mode": "catmullrom"
						},
						"1.375": {
							"post": [1.09, 0.52218, 0],
							"lerp_mode": "catmullrom"
						},
						"1.5417": {
							"post": [1.09, 0.52218, 0],
							"lerp_mode": "catmullrom"
						},
						"1.625": {
							"post": [1.09, 0.45996, 0],
							"lerp_mode": "catmullrom"
						},
						"1.8333": {
							"post": [1.09, 0.45996, 0],
							"lerp_mode": "catmullrom"
						},
						"1.9167": {
							"post": [1.09, 0.5844, -3],
							"lerp_mode": "catmullrom"
						},
						"2.1667": {
							"post": [1.0625, 0.48781, 0],
							"lerp_mode": "catmullrom"
						},
						"2.3333": {
							"post": [0, 0, 0],
							"lerp_mode": "catmullrom"
						},
						"2.5": {
							"post": [0, 0, 0],
							"lerp_mode": "catmullrom"
						}
					}
				},
				"righthand_pos": {
					"rotation": {
						"0.0": [90, -15, 0],
						"0.3333": [77.50651, -14.72652, 20.99467],
						"0.5": [89.50651, -14.72652, 20.99467],
						"0.6667": {
							"pre": [73.51496, -11.81608, 12.79639],
							"post": [73.51496, -11.81608, 12.79639],
							"lerp_mode": "catmullrom"
						},
						"0.7917": {
							"post": [72.79862, -13.46177, 7.42001],
							"lerp_mode": "catmullrom"
						},
						"1.0": {
							"post": [71.68401, -22.91408, 11.15676],
							"lerp_mode": "catmullrom"
						},
						"1.125": {
							"post": [90.55179, -17.8433, 11.98911],
							"lerp_mode": "catmullrom"
						},
						"1.2083": {
							"post": [90.55179, -17.8433, 11.98911],
							"lerp_mode": "catmullrom"
						},
						"1.3333": {
							"post": [69.62682, -2.94355, -1.7066],
							"lerp_mode": "catmullrom"
						},
						"1.5417": {
							"post": [89.50651, -14.72652, 20.99467],
							"lerp_mode": "catmullrom"
						},
						"1.75": {
							"post": [77.50651, -14.72652, 20.99467],
							"lerp_mode": "catmullrom"
						},
						"1.9583": {
							"post": [81.70125, -10.8197, 20.11437],
							"lerp_mode": "catmullrom"
						},
						"2.5833": {
							"post": [90, -15, 0],
							"lerp_mode": "catmullrom"
						}
					},
					"position": {
						"0.0": [-9.25, 4.875, 28.9375],
						"0.3333": [-12.0625, 9.06, 18.195],
						"0.5": [-11.7475, 9.06, 18.07],
						"0.5833": [-11.74, 9.78, 26.4675],
						"0.6667": [-12.2925, 8.7025, 25.5275],
						"1.0": [-10.97, 11.385, 18.1075],
						"1.125": [-11.16, 10.985, 18.67],
						"1.2083": [-11.16, 10.985, 19.42],
						"1.3333": [-10.7125, 9.7475, 19.6175],
						"1.5417": {
							"pre": [-11.7475, 9.06, 18.07],
							"post": [-11.7475, 9.06, 18.07],
							"lerp_mode": "catmullrom"
						},
						"1.75": {
							"post": [-12.0625, 9.06, 18.195],
							"lerp_mode": "catmullrom"
						},
						"1.9583": {
							"post": [-12.06, 9.06, 15.45],
							"lerp_mode": "catmullrom"
						},
						"2.5833": {
							"post": [-9.25, 4.875, 28.9375],
							"lerp_mode": "catmullrom"
						}
					}
				},
				"TT": {
					"position": {
						"0.0": [0, 0, 2.1875],
						"0.125": [0, 0, 2.1875],
						"1.7917": [0, 0, 2.19],
						"1.9167": [0, 0, 0]
					}
				},
				"GB": {
					"rotation": {
						"0.0": [126, 0, 0],
						"0.0833": {
							"pre": [86, 0, 0],
							"post": [86, 0, 0],
							"lerp_mode": "catmullrom"
						},
						"0.25": {
							"post": [131, 0, 0],
							"lerp_mode": "catmullrom"
						},
						"0.3333": {
							"post": [106.44, 0, 0],
							"lerp_mode": "catmullrom"
						},
						"0.375": {
							"post": [126, 0, 0],
							"lerp_mode": "catmullrom"
						},
						"0.4583": {
							"post": [83.89, 0, 0],
							"lerp_mode": "catmullrom"
						},
						"0.5833": {
							"post": [126, 0, 0],
							"lerp_mode": "catmullrom"
						},
						"0.6667": {
							"post": [98.89, 0, 0],
							"lerp_mode": "catmullrom"
						},
						"0.75": {
							"post": [126, 0, 0],
							"lerp_mode": "catmullrom"
						},
						"0.7917": {
							"post": [121.39, 0, 0],
							"lerp_mode": "catmullrom"
						},
						"0.8333": {
							"post": [126, 0, 0],
							"lerp_mode": "catmullrom"
						},
						"1.0417": {
							"post": [126, 0, 0],
							"lerp_mode": "catmullrom"
						},
						"1.125": {
							"post": [83.89, 0, 0],
							"lerp_mode": "catmullrom"
						},
						"1.25": {
							"post": [126, 0, 0],
							"lerp_mode": "catmullrom"
						},
						"1.3333": {
							"post": [98.89, 0, 0],
							"lerp_mode": "catmullrom"
						},
						"1.4167": {
							"post": [126, 0, 0],
							"lerp_mode": "catmullrom"
						},
						"1.4583": {
							"post": [121.39, 0, 0],
							"lerp_mode": "catmullrom"
						},
						"1.5": {
							"post": [126, 0, 0],
							"lerp_mode": "catmullrom"
						},
						"1.5833": [126, 0, 0],
						"1.6667": [0, 0, 0]
					}
				},
				"DS1": {
					"rotation": {
						"0.0": [0, 0, 0],
						"0.3333": [0, 0, 0],
						"0.4167": [0, 0, -71],
						"1.5833": [0, 0, -71],
						"1.7083": [0, 0, 24],
						"1.9583": [0, 0, 0],
						"2.4583": [0, 0, 0]
					}
				},
				"mag_standard2": {
					"rotation": {
						"0.0": [0, 0, 0],
						"0.2917": [0, 0, 0],
						"0.375": [0, 0, 0],
						"0.5": [5.72886, 1.75601, -54.59516],
						"0.5833": {
							"pre": [8.41122, 20.94592, -98.72589],
							"post": [8.41122, 20.94592, -98.72589],
							"lerp_mode": "catmullrom"
						},
						"0.75": {
							"post": [2.48063, 69.93103, -96.72149],
							"lerp_mode": "catmullrom"
						},
						"1.125": [0, 0, 0],
						"1.3333": [0, 0, 0]
					},
					"position": {
						"0.0": [0, 0, 0],
						"0.2917": [0, 0, 0],
						"0.375": [0, 0, 0],
						"0.4167": [-0.25, 8.58, -0.25],
						"0.5": [-2.25, 24.58, 0.75],
						"0.5833": [-9.11, 54.36, 0.45],
						"0.6667": [-13.245, 52.6925, -5.0625],
						"0.75": [-21.49, 36.0025, -12.685],
						"0.8333": [-27.69, 14, -21.59],
						"0.875": [0.125, 0, 1.25],
						"1.125": [0.125, 0, 1.25],
						"1.3333": [0.125, 0, 1.25]
					},
					"scale": {
						"0.0": [1, 1, 1],
						"0.75": [1, 1, 1],
						"0.8333": [0, 0, 0],
						"1.0833": [1, 1, 1],
						"1.125": [1, 1, 1]
					}
				},
				"bullet": {
					"scale": {
						"0.0": [0, 0, 0],
						"0.7917": [0, 0, 0],
						"1.0417": [1, 1, 1],
						"1.0833": [1, 1, 1]
					}
				},
				"bullet2": {
					"scale": {
						"0.0": [0, 0, 0],
						"0.7917": [0, 0, 0],
						"1.0417": [1, 1, 1],
						"1.0833": [1, 1, 1]
					}
				},
				"bullet3": {
					"scale": {
						"0.0": [0, 0, 0],
						"0.7917": [0, 0, 0],
						"1.0417": [1, 1, 1],
						"1.0833": [1, 1, 1]
					}
				},
				"bullet4": {
					"scale": {
						"0.0": [0, 0, 0],
						"0.7917": [0, 0, 0],
						"1.0417": [1, 1, 1],
						"1.0833": [1, 1, 1]
					}
				},
				"bullet5": {
					"scale": {
						"0.0": [0, 0, 0],
						"0.7917": [0, 0, 0],
						"1.0417": [1, 1, 1],
						"1.0833": [1, 1, 1]
					}
				},
				"bullet6": {
					"scale": {
						"0.0": [0, 0, 0],
						"0.7917": [0, 0, 0],
						"1.0417": [1, 1, 1],
						"1.0833": [1, 1, 1]
					}
				},
				"bullet7": {
					"scale": {
						"0.0": [0, 0, 0],
						"0.7917": [0, 0, 0],
						"1.0417": [1, 1, 1],
						"1.0833": [1, 1, 1]
					}
				},
				"bullet8": {
					"scale": {
						"0.0": [0, 0, 0],
						"0.7917": [0, 0, 0],
						"1.0833": [1, 1, 1],
						"1.125": [1, 1, 1]
					}
				},
				"magazine": {
					"rotation": {
						"0.0": [0, 0, 0],
						"0.5": [0, 0, 0],
						"1.0": [89.98904, -0.01093, 0.20876],
						"1.1667": [89.98904, -0.01093, 0.20876],
						"1.7917": [89.98904, -0.01093, 0.20876],
						"2.375": [0, 0, 0]
					},
					"position": {
						"0.0": [5.125, -4.5625, 20.375],
						"0.5": [5.125, -4.5625, 20.375],
						"1.0": [8.88, -0.1225, 15.3175],
						"1.1667": [8.88, -2.685, 15.3175],
						"1.7917": [8.88, -2.685, 15.3175],
						"2.375": [5.125, -4.5625, 20.375]
					},
					"scale": {
						"1.1667": [1, 1, 1],
						"1.2083": [0, 0, 0],
						"2.3333": [0, 0, 0],
						"2.375": [1, 1, 1]
					}
				},
				"DS": {
					"position": {
						"0.0": [0, 0, 3],
						"0.25": [0, 0, 3],
						"1.75": [0, 0, 3],
						"1.9167": [0, 0, 0]
					}
				},
				"camera": {
					"rotation": {
						"0.0": {
							"post": [0, 0, 0],
							"lerp_mode": "catmullrom"
						},
						"0.25": {
							"post": [2.6, 1.5, 1.3],
							"lerp_mode": "catmullrom"
						},
						"0.375": {
							"post": [2.6, 1.5, 0],
							"lerp_mode": "catmullrom"
						},
						"0.4583": {
							"post": [3.9, 1, -1],
							"lerp_mode": "catmullrom"
						},
						"0.625": {
							"post": [2.6, 1.5, 0],
							"lerp_mode": "catmullrom"
						},
						"0.9167": {
							"post": [1.3, 2, 1.3],
							"lerp_mode": "catmullrom"
						},
						"1.0": {
							"post": [1.3, 2, 1.3],
							"lerp_mode": "catmullrom"
						},
						"1.0833": {
							"post": [3.9, 2, 1.3],
							"lerp_mode": "catmullrom"
						},
						"1.3333": {
							"post": [1.3, 2, 1.3],
							"lerp_mode": "catmullrom"
						},
						"1.5833": {
							"post": [1.3, 2, 1.3],
							"lerp_mode": "catmullrom"
						},
						"1.6667": {
							"post": [-1, -1, 1.3],
							"lerp_mode": "catmullrom"
						},
						"1.8333": {
							"post": [-1, -1, 2.6],
							"lerp_mode": "catmullrom"
						},
						"1.9167": {
							"post": [3, -3, 0.65],
							"lerp_mode": "catmullrom"
						},
						"2.0417": {
							"post": [3, -3, 0.65],
							"lerp_mode": "catmullrom"
						},
						"2.1667": {
							"post": [2.6, 2, 1.3],
							"lerp_mode": "catmullrom"
						},
						"2.25": {
							"post": [2.6, 2, 1.3],
							"lerp_mode": "catmullrom"
						},
						"2.375": {
							"post": [-3, -2, 1.95],
							"lerp_mode": "catmullrom"
						},
						"2.4583": {
							"post": [0, 0, 0],
							"lerp_mode": "catmullrom"
						},
						"2.5417": {
							"post": [0, 0, 0],
							"lerp_mode": "catmullrom"
						}
					},
					"position": {
						"0.0": {
							"post": [0, 0, 0],
							"lerp_mode": "catmullrom"
						},
						"0.9167": {
							"post": [0, 0, 0],
							"lerp_mode": "catmullrom"
						},
						"1.2083": {
							"post": [0, 0.4, 0],
							"lerp_mode": "catmullrom"
						},
						"1.3333": {
							"post": [0, 0, 0],
							"lerp_mode": "catmullrom"
						}
					}
				},
				"bone3": {
					"position": [-9, 2, 0]
				},
				"lefthand_pos": {
					"rotation": [90, 30, 0],
					"position": [11.875, 4.0625, 9.5625]
				}
			}
		}
	}
}