{
	"format_version": "1.8.0",
	"animations": {
		"static_idle": {
			"loop": true,
			"bones": {
				"rh": {
					"rotation": [90, -15, 0],
					"position": [-11.1875, 5.25, 18.625],
					"scale": [1, 1.5, 1]
				},
				"magazine": {
					"rotation": [0, 0, 0],
					"position": [0, 0, 0],
					"scale": 1
				},
				"lh": {
					"rotation": [160.90638, -6.06692, -16.97872],
					"position": [18.4375, 3, 18.875],
					"scale": [1, 1.5, 1]
				}
			}
		},
		"static_bolt_caught": {
			"loop": true,
			"bones": {
				"rh": {
					"rotation": [90, -15, 0],
					"position": [-11.1875, 5.25, 18.625],
					"scale": [1, 1.5, 1]
				},
				"magazine": {
					"rotation": [0, 0, 0],
					"position": [0, 0, 0],
					"scale": 1
				},
				"lh": {
					"rotation": [160.90638, -6.06692, -16.97872],
					"position": [18.4375, 3, 18.875],
					"scale": [1, 1.5, 1]
				},
				"tt": {
					"position": [0, 0, -2.75]
				}
			}
		},
		"reload_tactical": {
			"animation_length": 1,
			"bones": {
				"root": {
					"rotation": {
						"0.0": {
							"post": [0, 0, 0],
							"lerp_mode": "catmullrom"
						},
						"0.1667": {
							"post": [-11.48991, -3.48502, -16.64928],
							"lerp_mode": "catmullrom"
						},
						"0.25": {
							"post": [16.03188, -3.83013, -15.79882],
							"lerp_mode": "catmullrom"
						},
						"0.5": {
							"post": [0, 0, -26],
							"lerp_mode": "catmullrom"
						},
						"0.5833": {
							"post": [-10, 0, -26],
							"lerp_mode": "catmullrom"
						},
						"0.7917": {
							"post": [0, 0, 0],
							"lerp_mode": "catmullrom"
						},
						"1.0": {
							"post": [0, 0, 0],
							"lerp_mode": "catmullrom"
						}
					},
					"position": {
						"0.0": {
							"post": [0, 0, 0],
							"lerp_mode": "catmullrom"
						},
						"0.1667": {
							"post": [0, 1.52, 0],
							"lerp_mode": "catmullrom"
						},
						"0.25": {
							"post": [0.22644, 0.78787, 0.15046],
							"lerp_mode": "catmullrom"
						},
						"0.5": {
							"post": [-0.21, 1.97, 0.08],
							"lerp_mode": "catmullrom"
						},
						"0.5833": {
							"post": [-0.56662, 2.68175, 0.22791],
							"lerp_mode": "catmullrom"
						},
						"0.7917": {
							"post": [0, 0, 0],
							"lerp_mode": "catmullrom"
						},
						"1.0": {
							"post": [0, 0, 0],
							"lerp_mode": "catmullrom"
						}
					}
				},
				"additional_magazine": {
					"rotation": {
						"0.0": [0, 0, 0],
						"0.125": [0, 0, 0],
						"0.3333": [45, 0, 0],
						"0.7083": [35, 0, 0],
						"1.0": [0, 0, 0]
					},
					"position": {
						"0.0": [0, 0, 0],
						"0.125": [0, 0, 0],
						"0.25": [-3.17, -5.62202, 1.82201],
						"0.3333": [-5.29, -14.37742, 3.56332],
						"0.4583": [-6.46, -20.91823, 3.55848],
						"0.7083": [-8.8125, -24.1875, -5.1875],
						"1.0": [0, 0, 0]
					},
					"scale": {
						"0.0": [1, 1, 1],
						"0.3333": [1, 1, 1],
						"0.375": [0, 0, 0],
						"0.9583": [0, 0, 0],
						"1.0": [1, 1, 1]
					}
				},
				"rh": {
					"rotation": [90, -15, 0],
					"position": [-11.1875, 5.25, 18.625],
					"scale": [1, 1.5, 1]
				},
				"lf_and_mag": {
					"rotation": {
						"0.0": {
							"post": [0, 0, 0],
							"lerp_mode": "catmullrom"
						},
						"0.2917": {
							"post": [8.51706, 2.91934, -18.78257],
							"lerp_mode": "catmullrom"
						},
						"0.375": {
							"post": [5.60698, 2.14289, -14.51329],
							"lerp_mode": "catmullrom"
						},
						"0.4167": [3.97855, 2.10728, -17.87078],
						"0.5": [0, 0, 0]
					},
					"position": {
						"0.0": {
							"post": [0, 0, 0],
							"lerp_mode": "catmullrom"
						},
						"0.2917": {
							"post": [15.125, -10.19474, 2.75371],
							"lerp_mode": "catmullrom"
						},
						"0.375": {
							"post": [4.67261, -7.1892, 0.98943],
							"lerp_mode": "catmullrom"
						},
						"0.4167": [2.01392, -5.11469, 0.01121],
						"0.5": [0, 0, 0]
					}
				},
				"magazine": {
					"scale": {
						"0.0": [0, 0, 0],
						"0.2083": [0, 0, 0],
						"0.25": [1, 1, 1]
					}
				},
				"lh": {
					"rotation": {
						"0.0": {
							"post": [160.90638, -6.06692, -16.97872],
							"lerp_mode": "catmullrom"
						},
						"0.25": {
							"post": [94.07663, 22.60058, -2.45433],
							"lerp_mode": "catmullrom"
						},
						"0.7083": {
							"post": [94.08, 22.6, -2.45],
							"lerp_mode": "catmullrom"
						},
						"1.0": {
							"post": [160.90638, -6.06692, -16.97872],
							"lerp_mode": "catmullrom"
						}
					},
					"position": {
						"0.0": {
							"post": [18.4375, 3, 18.875],
							"lerp_mode": "catmullrom"
						},
						"0.25": {
							"post": [14.05361, 2.04281, 12.64492],
							"lerp_mode": "catmullrom"
						},
						"0.7083": {
							"post": [14.05, 2.04, 12.64],
							"lerp_mode": "catmullrom"
						},
						"1.0": {
							"post": [18.4375, 3, 18.875],
							"lerp_mode": "catmullrom"
						}
					},
					"scale": {
						"0.0": {
							"post": [1, 1.5, 1],
							"lerp_mode": "catmullrom"
						},
						"0.25": {
							"post": [1, 1.5, 1],
							"lerp_mode": "catmullrom"
						},
						"1.0": {
							"post": [1, 1.5, 1],
							"lerp_mode": "catmullrom"
						}
					}
				},
				"camera": {
					"rotation": {
						"0.0": [0, 0, 0],
						"0.1667": [-3, 0, 0],
						"0.25": [0.99939, -0.0349, 1.9997],
						"0.375": [0, 0, 0],
						"0.5": [0, 0, 0],
						"0.5833": [-2.9773, -0.52199, -1.9727],
						"0.9167": [0, 0, 0]
					}
				}
			}
		},
		"shoot": {
			"animation_length": 0.6667,
			"bones": {
				"root": {
					"rotation": {
						"0.0": [0, 0, 0],
						"0.0417": [-20.96, -1.31, -2.73],
						"0.0833": [-6.13, -0.48, -0.4],
						"0.125": [1.78, -0.86, -0.94],
						"0.1667": [1, 0.02, -0.19],
						"0.2083": [0.48, 0.23, 0.09],
						"0.25": [-0.31, 0.03, 0.22],
						"0.2917": [-0.7, -0.1, 0.25],
						"0.3333": [-0.51, -0.03, 0.21],
						"0.375": [-0.19, 0.07, 0.16],
						"0.4167": [0.07, 0.13, 0.09],
						"0.4583": [0.09, 0.11, 0.06],
						"0.5": [0.05, 0.06, 0.03],
						"0.5417": [0.02, 0.02, 0.01],
						"0.5833": [0, 0, 0],
						"0.6667": [0, 0, 0]
					},
					"position": {
						"0.0": [0, 0, 0],
						"0.0417": [0, -0.12, 1.17],
						"0.0833": [0, 0.15, 0.39],
						"0.125": [0, 0.03, -0.23],
						"0.1667": [0, -0.08, 0.01],
						"0.2083": [0, -0.1, 0.1],
						"0.25": [0.01, -0.05, 0.13],
						"0.2917": [0.01, -0.02, 0.13],
						"0.3333": [0.01, -0.01, 0.07],
						"0.375": [0, -0.01, 0.02],
						"0.4167": [0, 0, -0.02],
						"0.4583": [0, 0, -0.02],
						"0.5": [0, 0, -0.01],
						"0.5417": [0, 0, 0],
						"0.5833": [0, 0, 0],
						"0.6667": [0, 0, 0]
					}
				},
				"tt": {
					"position": {
						"0.0": [0, 0, 0],
						"0.0417": [0, 0, -2.6875],
						"0.125": [0, 0, 0]
					}
				},
				"bb": {
					"rotation": {
						"0.0": [0, 0, 0],
						"0.0833": [-11, 0, 0],
						"0.1667": [0, 0, 0],
						"0.2083": [-2, 0, 0],
						"0.25": [0, 0, 0],
						"0.2917": [-3, 0, 0],
						"0.3333": [1, 0, 0],
						"0.375": [0, 0, 0]
					}
				},
				"camera": {
					"rotation": {
						"0.0": [0, 0, 0],
						"0.0417": [0, 0, -0.7],
						"0.0833": [0, 0, 0.41],
						"0.125": [0, 0, -0.3],
						"0.1667": [0, 0, 0.23],
						"0.2083": [0, 0, 0.31],
						"0.25": [0, 0, -0.07],
						"0.2917": [0, 0, -0.16],
						"0.3333": [0, 0, -0.06],
						"0.375": [0, 0, 0]
					}
				}
			}
		},
		"draw": {
			"animation_length": 0.7083,
			"bones": {
				"root": {
					"rotation": {
						"0.0": [47.5, 0, 0],
						"0.0417": [40.9, -0.67, 0.98],
						"0.0833": [19.98, -2.83, 4.13],
						"0.125": [8.86, -3.92, 5.74],
						"0.1667": [-0.57, -4.78, 7],
						"0.2083": [-6.71, -5.19, 7.62],
						"0.25": [-6.83, -3.71, 5.61],
						"0.2917": [-2.75, -2.42, 3.8],
						"0.3333": [-0.07, -1.5, 2.5],
						"0.375": [0.83, -0.76, 1.38],
						"0.4167": [1.08, 0, 0],
						"0.4583": [0.59, -0.16, -0.1],
						"0.5": [-0.1, -0.49, -0.05],
						"0.5417": [-0.55, -0.66, 0],
						"0.5833": [-0.46, -0.46, 0],
						"0.625": [-0.28, -0.28, 0],
						"0.6667": [-0.11, -0.11, 0],
						"0.7083": [0, 0, 0]
					},
					"position": {
						"0.0": [-4.5, -6.45, 4.05],
						"0.0417": [-4.8, -4.57, 3.06],
						"0.0833": [-4.24, -2.07, 1.51],
						"0.125": [-3.76, -1.75, 1.21],
						"0.1667": [-3.18, -1.45, 0.9],
						"0.2083": [-2.55, -1.19, 0.59],
						"0.25": [-1.33, -0.75, 0.05],
						"0.2917": [-0.82, -0.57, -0.15],
						"0.3333": [-0.45, -0.41, -0.3],
						"0.375": [-0.11, -0.25, -0.39],
						"0.4167": [0.06, -0.17, -0.21],
						"0.4583": [0.03, -0.18, -0.08],
						"0.5": [0.04, -0.16, 0],
						"0.5417": [0.06, -0.13, 0.02],
						"0.5833": [0.05, -0.07, 0.02],
						"0.625": [0.03, -0.04, 0.01],
						"0.6667": [0.01, -0.02, 0],
						"0.7083": [0, 0, 0]
					}
				},
				"rh": {
					"rotation": [90, -15, 0],
					"position": [-11.1875, 5.25, 18.625],
					"scale": [1, 1.5, 1]
				},
				"lh": {
					"rotation": [160.90638, -6.06692, -16.97872],
					"position": [18.4375, 3, 18.875],
					"scale": [1, 1.5, 1]
				},
				"camera": {
					"rotation": {
						"0.0": {
							"post": [0, 0, 0],
							"lerp_mode": "catmullrom"
						},
						"0.0417": {
							"post": [0.1388, -0.03628, 0.05516],
							"lerp_mode": "catmullrom"
						},
						"0.0833": {
							"post": [0.58828, -0.15469, 0.2332],
							"lerp_mode": "catmullrom"
						},
						"0.125": {
							"post": [0.81667, -0.21389, 0.32431],
							"lerp_mode": "catmullrom"
						},
						"0.1667": {
							"post": [0.99262, -0.25781, 0.39562],
							"lerp_mode": "catmullrom"
						},
						"0.2083": {
							"post": [1.075, -0.275, 0.43125],
							"lerp_mode": "catmullrom"
						},
						"0.25": {
							"post": [0.8628, -0.1914, 0.36765],
							"lerp_mode": "catmullrom"
						},
						"0.2917": {
							"post": [0.64345, -0.1166, 0.2931],
							"lerp_mode": "catmullrom"
						},
						"0.3333": {
							"post": [0.4244, -0.0462, 0.21445],
							"lerp_mode": "catmullrom"
						},
						"0.375": {
							"post": [0.2625, 0, 0.15],
							"lerp_mode": "catmullrom"
						},
						"0.4167": {
							"post": [-0.06875, 0, -0.08125],
							"lerp_mode": "catmullrom"
						},
						"0.4583": {
							"post": [-0.07383, 0, -0.06685],
							"lerp_mode": "catmullrom"
						},
						"0.5": {
							"post": [-0.04453, 0, -0.01992],
							"lerp_mode": "catmullrom"
						},
						"0.5417": {
							"post": [-0.00547, 0, 0.03228],
							"lerp_mode": "catmullrom"
						},
						"0.5833": {
							"post": [0.02109, 0, 0.05991],
							"lerp_mode": "catmullrom"
						},
						"0.625": {
							"post": [0.01484, 0, 0.04023],
							"lerp_mode": "catmullrom"
						},
						"0.6667": {
							"post": [0.00586, 0, 0.01606],
							"lerp_mode": "catmullrom"
						},
						"0.7083": {
							"post": [0, 0, 0],
							"lerp_mode": "catmullrom"
						}
					}
				}
			}
		},
		"put_away": {
			"animation_length": 0.4167,
			"bones": {
				"root": {
					"rotation": {
						"0.0": [0, 0, 0],
						"0.0417": [0.94, -2.19, 3.47],
						"0.0833": [3.49, -10.71, 13.72],
						"0.125": [4.6, -16.14, 18.77],
						"0.1667": [5.06, -20.55, 21.58],
						"0.2083": [5.29, -25.06, 23.73],
						"0.25": [5.79, -36.3, 28.92],
						"0.2917": [5.99, -41.91, 31.34],
						"0.3333": [6.15, -47.04, 33.52],
						"0.375": [6.3, -51.41, 35.41],
						"0.4167": [6.4, -54.44, 36.73]
					},
					"position": {
						"0.0": [0, 0, 0],
						"0.0417": [-0.34, 0.02, 0.04],
						"0.0833": [-1.52, -0.38, 0.33],
						"0.125": [-2.24, -0.85, 0.65],
						"0.1667": [-2.82, -1.4, 1.24],
						"0.2083": [-3.41, -2.08, 1.81],
						"0.25": [-4.88, -3.9, 2.2],
						"0.2917": [-5.61, -4.81, 2.62],
						"0.3333": [-6.27, -5.65, 3.08],
						"0.375": [-6.84, -6.36, 3.43],
						"0.4167": [-7.24, -6.85, 3.68]
					}
				},
				"rh": {
					"rotation": [90, -15, 0],
					"position": [-11.1875, 5.25, 18.625],
					"scale": [1, 1.5, 1]
				},
				"lh": {
					"rotation": [160.90638, -6.06692, -16.97872],
					"position": [18.4375, 3, 18.875],
					"scale": [1, 1.5, 1]
				},
				"camera": {
					"rotation": {
						"0.0": [0, 0, 0],
						"0.0417": [0.07, 0, 0.03],
						"0.0833": [0.29, 0, 0.13],
						"0.125": [0.35, 0, 0.18],
						"0.1667": [0.34, 0, 0.26],
						"0.2083": [0.28, 0, 0.35],
						"0.25": [0.16, 0, 0.31],
						"0.2917": [0.1, 0, 0.2],
						"0.3333": [0.04, 0, 0.08],
						"0.375": [0, 0, 0]
					}
				}
			}
		},
		"reload_empty": {
			"animation_length": 1.4583,
			"bones": {
				"root": {
					"rotation": {
						"0.0": {
							"post": [0, 0, 0],
							"lerp_mode": "catmullrom"
						},
						"0.1667": {
							"post": [-11.48991, -3.48502, -16.64928],
							"lerp_mode": "catmullrom"
						},
						"0.25": {
							"post": [16.03188, -3.83013, -15.79882],
							"lerp_mode": "catmullrom"
						},
						"0.5": {
							"post": [0, 0, -26],
							"lerp_mode": "catmullrom"
						},
						"0.5833": {
							"post": [-10, 0, -26],
							"lerp_mode": "catmullrom"
						},
						"0.7083": {
							"post": [0, 0, -26],
							"lerp_mode": "catmullrom"
						},
						"0.8333": [0, 0, -26],
						"0.875": [6, 0, -26],
						"0.9167": [0.71779, 0.12656, -29.70766],
						"1.0": [0, 0, -26],
						"1.2083": {
							"pre": [0, 0, 0],
							"post": [0, 0, 0],
							"lerp_mode": "catmullrom"
						},
						"1.4583": {
							"post": [0, 0, 0],
							"lerp_mode": "catmullrom"
						}
					},
					"position": {
						"0.0": {
							"post": [0, 0, 0],
							"lerp_mode": "catmullrom"
						},
						"0.1667": {
							"post": [0, 1.52, 0],
							"lerp_mode": "catmullrom"
						},
						"0.25": {
							"post": [0.22644, 0.78787, 0.15046],
							"lerp_mode": "catmullrom"
						},
						"0.5": {
							"post": [-0.21, 1.97, 0.08],
							"lerp_mode": "catmullrom"
						},
						"0.5833": {
							"post": [-0.56662, 2.68175, 0.22791],
							"lerp_mode": "catmullrom"
						},
						"0.7083": {
							"post": [-0.21, 1.97, 0.08],
							"lerp_mode": "catmullrom"
						},
						"0.8333": [-0.21, 1.97, 0.08],
						"0.9167": [-0.53571, 1.78416, 0.08083],
						"1.0": [-0.21, 1.97, 0.08],
						"1.2083": {
							"pre": [0, 0, 0],
							"post": [0, 0, 0],
							"lerp_mode": "catmullrom"
						},
						"1.4583": {
							"post": [0, 0, 0],
							"lerp_mode": "catmullrom"
						}
					}
				},
				"tt": {
					"position": {
						"0.0": [0, 0, -2.75],
						"0.7917": [0, 0, -2.75],
						"0.8333": [0, 0, 0]
					}
				},
				"bb": {
					"rotation": {
						"0.8333": [0, 0, 0],
						"0.9167": [4, 0, 0],
						"1.0417": [0, 0, 0],
						"1.0833": [-2, 0, 0],
						"1.125": [0, 0, 0],
						"1.1667": [-3, 0, 0],
						"1.2083": [1, 0, 0],
						"1.25": [0, 0, 0]
					}
				},
				"additional_magazine": {
					"rotation": {
						"0.0": [0, 0, 0],
						"0.125": [0, 0, 0],
						"0.3333": [45, 0, 0],
						"0.7083": [35, 0, 0],
						"1.0": [0, 0, 0]
					},
					"position": {
						"0.0": [0, 0, 0],
						"0.125": [0, 0, 0],
						"0.25": [-3.17, -5.62202, 1.82201],
						"0.3333": [-5.29, -14.37742, 3.56332],
						"0.4583": [-6.46, -20.91823, 3.55848],
						"0.7083": [-8.8125, -24.1875, -5.1875],
						"1.0": [0, 0, 0]
					},
					"scale": {
						"0.0": [1, 1, 1],
						"0.3333": [1, 1, 1],
						"0.375": [0, 0, 0],
						"0.9583": [0, 0, 0],
						"1.0": [1, 1, 1]
					}
				},
				"rh": {
					"rotation": [90, -15, 0],
					"position": [-11.1875, 5.25, 18.625],
					"scale": [1, 1.5, 1]
				},
				"lf_and_mag": {
					"rotation": {
						"0.0": {
							"post": [0, 0, 0],
							"lerp_mode": "catmullrom"
						},
						"0.2917": {
							"post": [8.51706, 2.91934, -18.78257],
							"lerp_mode": "catmullrom"
						},
						"0.375": {
							"post": [5.60698, 2.14289, -14.51329],
							"lerp_mode": "catmullrom"
						},
						"0.4167": [3.97855, 2.10728, -17.87078],
						"0.5": [0, 0, 0]
					},
					"position": {
						"0.0": {
							"post": [0, 0, 0],
							"lerp_mode": "catmullrom"
						},
						"0.2917": {
							"post": [15.125, -10.19474, 2.75371],
							"lerp_mode": "catmullrom"
						},
						"0.375": {
							"post": [4.67261, -7.1892, 0.98943],
							"lerp_mode": "catmullrom"
						},
						"0.4167": [2.01392, -5.11469, 0.01121],
						"0.5": [0, 0, 0]
					}
				},
				"magazine": {
					"scale": {
						"0.0": [0, 0, 0],
						"0.2083": [0, 0, 0],
						"0.25": [1, 1, 1]
					}
				},
				"lh": {
					"rotation": {
						"0.0": {
							"post": [160.90638, -6.06692, -16.97872],
							"lerp_mode": "catmullrom"
						},
						"0.25": {
							"post": [94.07663, 22.60058, -2.45433],
							"lerp_mode": "catmullrom"
						},
						"0.625": {
							"post": [94.07663, 22.60058, -2.45433],
							"lerp_mode": "catmullrom"
						},
						"0.7917": [71.64551, 18.77324, -11.22763],
						"0.9583": [71.64551, 18.77324, -11.22763],
						"1.4583": {
							"pre": [160.90638, -6.06692, -16.97872],
							"post": [160.90638, -6.06692, -16.97872],
							"lerp_mode": "catmullrom"
						}
					},
					"position": {
						"0.0": {
							"post": [18.4375, 3, 18.875],
							"lerp_mode": "catmullrom"
						},
						"0.25": {
							"post": [14.05361, 2.04281, 12.64492],
							"lerp_mode": "catmullrom"
						},
						"0.625": {
							"post": [14.05361, 2.04281, 12.64492],
							"lerp_mode": "catmullrom"
						},
						"0.7917": [15.27, 2.82, 14.09],
						"0.9583": [15.27, 2.82, 14.09],
						"1.4583": {
							"pre": [18.4375, 3, 18.875],
							"post": [18.4375, 3, 18.875],
							"lerp_mode": "catmullrom"
						}
					},
					"scale": {
						"0.0": {
							"post": [1, 1.5, 1],
							"lerp_mode": "catmullrom"
						},
						"0.25": {
							"post": [1, 1.5, 1],
							"lerp_mode": "catmullrom"
						},
						"0.625": {
							"post": [1, 1.5, 1],
							"lerp_mode": "catmullrom"
						},
						"1.4583": {
							"post": [1, 1.5, 1],
							"lerp_mode": "catmullrom"
						}
					}
				},
				"camera": {
					"rotation": {
						"0.0": [0, 0, 0],
						"0.1667": [-3, 0, 0],
						"0.25": [0.99939, -0.0349, 1.9997],
						"0.375": [0, 0, 0],
						"0.5": [0, 0, 0],
						"0.5833": [-2.9773, -0.52199, -1.9727],
						"0.75": [0, 0, 0],
						"0.8333": [-2.98, -0.52, -1.97],
						"1.0833": [0, 0, 0]
					}
				}
			}
		},
		"inspect": {
			"animation_length": 4.4583,
			"bones": {
				"root": {
					"rotation": {
						"0.0": {
							"post": [0, 0, 0],
							"lerp_mode": "catmullrom"
						},
						"0.5": {
							"post": [-10.21653, -4.0989, -21.63343],
							"lerp_mode": "catmullrom"
						},
						"0.625": {
							"post": [-6.21653, -4.0989, -21.63343],
							"lerp_mode": "catmullrom"
						},
						"0.8333": {
							"post": [-10.21653, -4.0989, -21.63343],
							"lerp_mode": "catmullrom"
						},
						"3.5": {
							"post": [-10.21653, -4.0989, -21.63343],
							"lerp_mode": "catmullrom"
						},
						"3.625": {
							"post": [-17.21653, -4.0989, -21.63343],
							"lerp_mode": "catmullrom"
						},
						"3.7083": {
							"post": [-10.21653, -4.0989, -21.63343],
							"lerp_mode": "catmullrom"
						},
						"4.0": {
							"post": [0, 0, 0],
							"lerp_mode": "catmullrom"
						},
						"4.4583": {
							"post": [0, 0, 0],
							"lerp_mode": "catmullrom"
						}
					},
					"position": {
						"0.0": {
							"post": [0, 0, 0],
							"lerp_mode": "catmullrom"
						},
						"0.5": {
							"post": [-0.32778, 0.79638, 0.1548],
							"lerp_mode": "catmullrom"
						},
						"0.625": {
							"post": [-0.16651, 0.39696, 0.10275],
							"lerp_mode": "catmullrom"
						},
						"0.8333": {
							"post": [-0.32778, 0.79638, 0.1548],
							"lerp_mode": "catmullrom"
						},
						"3.5": {
							"post": [-0.33, 0.8, 0.15],
							"lerp_mode": "catmullrom"
						},
						"3.625": {
							"post": [-0.6109, 1.48081, 0.29122],
							"lerp_mode": "catmullrom"
						},
						"3.7083": {
							"post": [-0.33, 0.8, 0.15],
							"lerp_mode": "catmullrom"
						},
						"4.0": {
							"post": [0, 0, 0],
							"lerp_mode": "catmullrom"
						},
						"4.4583": {
							"post": [0, 0, 0],
							"lerp_mode": "catmullrom"
						}
					}
				},
				"rh_and_gun": {
					"rotation": {
						"0.5": {
							"pre": [0, 0, 0],
							"post": [0, 0, 0],
							"lerp_mode": "catmullrom"
						},
						"0.6667": {
							"post": [0, 0, 0],
							"lerp_mode": "catmullrom"
						},
						"1.3333": {
							"post": [0, 0, 0],
							"lerp_mode": "catmullrom"
						},
						"1.7083": {
							"post": [-6.64577, 4.46354, 59.74071],
							"lerp_mode": "catmullrom"
						},
						"2.5": {
							"post": [-6.14483, 5.13247, 65.72433],
							"lerp_mode": "catmullrom"
						},
						"3.5": {
							"post": [0, 0, 0],
							"lerp_mode": "catmullrom"
						}
					},
					"position": {
						"0.5": {
							"pre": [0, 0, 0],
							"post": [0, 0, 0],
							"lerp_mode": "catmullrom"
						},
						"0.6667": {
							"post": [0, 0, 0],
							"lerp_mode": "catmullrom"
						},
						"1.3333": {
							"post": [0, 0, 0],
							"lerp_mode": "catmullrom"
						},
						"1.7083": {
							"post": [-4.40617, 1.77609, 0.16051],
							"lerp_mode": "catmullrom"
						},
						"3.5": {
							"post": [0, 0, 0],
							"lerp_mode": "catmullrom"
						}
					}
				},
				"additional_magazine": {
					"scale": 0
				},
				"rh": {
					"rotation": [90, -15, 0],
					"position": [-11.1875, 5.25, 18.625],
					"scale": [1, 1.5, 1]
				},
				"lf_and_mag": {
					"rotation": {
						"0.0": {
							"post": [0, 0, 0],
							"lerp_mode": "catmullrom"
						},
						"0.5": {
							"post": [0, 0, 0],
							"lerp_mode": "catmullrom"
						},
						"0.6667": {
							"post": [0, 0, 0],
							"lerp_mode": "catmullrom"
						},
						"1.0": {
							"post": [-11, 0, 23],
							"lerp_mode": "catmullrom"
						},
						"1.3333": {
							"post": [-7, 0, 23],
							"lerp_mode": "catmullrom"
						},
						"1.75": {
							"post": [15, 0, 23],
							"lerp_mode": "catmullrom"
						},
						"3.0": {
							"post": [15, 0, 23],
							"lerp_mode": "catmullrom"
						},
						"3.3333": {
							"post": [0, 0, 0],
							"lerp_mode": "catmullrom"
						},
						"3.5": {
							"post": [0, 0, 0],
							"lerp_mode": "catmullrom"
						}
					},
					"position": {
						"0.0": {
							"post": [0, 0, 0],
							"lerp_mode": "catmullrom"
						},
						"0.5": {
							"post": [0, 0, 0],
							"lerp_mode": "catmullrom"
						},
						"0.6667": {
							"post": [0, -1.0625, 0],
							"lerp_mode": "catmullrom"
						},
						"1.0": {
							"post": [1.55335, -1.71936, 0],
							"lerp_mode": "catmullrom"
						},
						"1.3333": {
							"post": [1.12186, -2.7359, -0.21466],
							"lerp_mode": "catmullrom"
						},
						"1.75": {
							"post": [0.4571, -4.30197, 0.19619],
							"lerp_mode": "catmullrom"
						},
						"3.0": {
							"post": [0.4571, -4.30197, 0.19619],
							"lerp_mode": "catmullrom"
						},
						"3.3333": {
							"post": [0, -2.5, 0],
							"lerp_mode": "catmullrom"
						},
						"3.5": {
							"post": [0, 0, 0],
							"lerp_mode": "catmullrom"
						}
					}
				},
				"lh": {
					"rotation": {
						"0.0": [160.90638, -6.06692, -16.97872],
						"0.5": [91.65599, 23.25822, -10.90264],
						"3.8333": [91.65599, 23.25822, -10.90264],
						"4.4583": [160.90638, -6.06692, -16.97872]
					},
					"position": {
						"0.0": [18.4375, 3, 18.875],
						"0.5": [13.12282, 3.35154, 13.10396],
						"3.8333": [13.12282, 3.35154, 13.10396],
						"4.4583": [18.4375, 3, 18.875]
					},
					"scale": [1, 1.5, 1]
				},
				"camera": {
					"rotation": {
						"0.0": {
							"post": [0, 0, 0],
							"lerp_mode": "catmullrom"
						},
						"0.5": {
							"post": [0, 0, 0],
							"lerp_mode": "catmullrom"
						},
						"0.625": {
							"post": [2.99271, 0.20917, -3.99454],
							"lerp_mode": "catmullrom"
						},
						"0.8333": {
							"post": [0, 0, 0],
							"lerp_mode": "catmullrom"
						},
						"1.1667": {
							"post": [0, 0, 0],
							"lerp_mode": "catmullrom"
						},
						"1.875": {
							"post": [10.84571, 1.1531, -0.90085],
							"lerp_mode": "catmullrom"
						},
						"3.5": {
							"post": [11.17553, 13.91584, 1.59849],
							"lerp_mode": "catmullrom"
						},
						"3.625": {
							"post": [11.18, 13.92, 1.6],
							"lerp_mode": "catmullrom"
						},
						"3.7083": {
							"post": [7.17743, 14.45471, -2.48888],
							"lerp_mode": "catmullrom"
						},
						"4.1667": {
							"post": [0, 0, 0],
							"lerp_mode": "catmullrom"
						},
						"4.4583": {
							"post": [0, 0, 0],
							"lerp_mode": "catmullrom"
						}
					}
				}
			}
		}
	}
}