{
	"format_version": "1.8.0",
	"animations": {
		"reload_empty": {
			"animation_length": 5,
			"bones": {
				"lefthand_pos": {
					"rotation": {
						"0.0": {
							"post": [90, 0, 0],
							"lerp_mode": "catmullrom"
						},
						"0.25": {
							"post": [90, 0, 40],
							"lerp_mode": "catmullrom"
						},
						"0.5": {
							"post": [94, -14, 40],
							"lerp_mode": "catmullrom"
						},
						"1.0": {
							"post": [70.10307, 18.92201, 42.30176],
							"lerp_mode": "catmullrom"
						},
						"1.125": {
							"post": [70.10307, 18.92201, 42.30176],
							"lerp_mode": "catmullrom"
						},
						"1.2083": {
							"post": [93.3253, 18.92201, 42.30176],
							"lerp_mode": "catmullrom"
						},
						"1.375": {
							"post": [88.10307, 18.92201, 42.30176],
							"lerp_mode": "catmullrom"
						},
						"1.5417": {
							"post": [64.10307, 18.92201, 42.30176],
							"lerp_mode": "catmullrom"
						},
						"1.75": {
							"post": [97.3253, 18.92201, 42.30176],
							"lerp_mode": "catmullrom"
						},
						"1.875": {
							"post": [105.63137, 9.30633, 39.46664],
							"lerp_mode": "catmullrom"
						},
						"2.1667": {
							"post": [101.40872, -66.24498, 28.25166],
							"lerp_mode": "catmullrom"
						},
						"3.0": {
							"post": [110.51315, -76.85666, 18.69713],
							"lerp_mode": "catmullrom"
						},
						"3.2917": {
							"post": [94.79538, -17.60571, 37.26258],
							"lerp_mode": "catmullrom"
						},
						"3.6667": {
							"post": [63.79538, -17.60571, 37.26258],
							"lerp_mode": "catmullrom"
						},
						"4.25": {
							"post": [89.95009, -8.01197, 72.32238],
							"lerp_mode": "catmullrom"
						},
						"4.4583": {
							"post": [90.14761, -4.82396, 70.09644],
							"lerp_mode": "catmullrom"
						},
						"4.625": {
							"post": [90.61914, -2.12613, 20.89928],
							"lerp_mode": "catmullrom"
						},
						"4.7917": {
							"post": [90, 0, 0],
							"lerp_mode": "catmullrom"
						}
					},
					"position": {
						"0.0": {
							"post": [14, 11.8125, 8.4375],
							"lerp_mode": "catmullrom"
						},
						"0.25": {
							"post": [14, 10.6225, 8.44],
							"lerp_mode": "catmullrom"
						},
						"0.5": {
							"post": [14, 10.62, 3.565],
							"lerp_mode": "catmullrom"
						},
						"1.0": {
							"post": [14, 5.495, 7.185],
							"lerp_mode": "catmullrom"
						},
						"1.125": {
							"post": [14, 5.495, 7.185],
							"lerp_mode": "catmullrom"
						},
						"1.375": {
							"post": [14, 3.4275, 7.19],
							"lerp_mode": "catmullrom"
						},
						"1.875": {
							"post": [14, 3.4275, 7.19],
							"lerp_mode": "catmullrom"
						},
						"2.1667": {
							"post": [14, 4.4925, 11.2525],
							"lerp_mode": "catmullrom"
						},
						"3.0": {
							"post": [17.1875, 4.49, 13.9375],
							"lerp_mode": "catmullrom"
						},
						"3.2917": {
							"post": [9.5, 4.49, 12.8125],
							"lerp_mode": "catmullrom"
						},
						"3.5": {
							"post": [9.5, 4.49, 11.3725],
							"lerp_mode": "catmullrom"
						},
						"3.6667": {
							"post": [8.95, 8.74, 14.7525],
							"lerp_mode": "catmullrom"
						},
						"3.875": {
							"post": [10.6375, 8.74, 3.8125],
							"lerp_mode": "catmullrom"
						},
						"4.0833": {
							"post": [11.0575, 9.21, 5.92],
							"lerp_mode": "catmullrom"
						},
						"4.25": {
							"post": [12.2, 10.115, 8.94],
							"lerp_mode": "catmullrom"
						},
						"4.4583": {
							"post": [12.93, 9.915, 8.98],
							"lerp_mode": "catmullrom"
						},
						"4.625": {
							"post": [14.1975, 10.85, 8.71],
							"lerp_mode": "catmullrom"
						},
						"4.7917": {
							"post": [14, 11.8125, 8.4375],
							"lerp_mode": "catmullrom"
						}
					}
				},
				"righthand_pos": {
					"rotation": [90, -15, 0],
					"position": [-9.8125, 16.6875, 17.9375]
				},
				"root": {
					"rotation": {
						"0.0": {
							"post": [0, 0, 0],
							"lerp_mode": "catmullrom"
						},
						"0.3333": {
							"post": [-34, 0, 0],
							"lerp_mode": "catmullrom"
						},
						"0.5": {
							"post": [-30.31517, -0.87573, -1.29907],
							"lerp_mode": "catmullrom"
						},
						"0.625": {
							"post": [-34, 0, 0],
							"lerp_mode": "catmullrom"
						},
						"0.875": {
							"post": [-33.98382, 1.11823, 1.65829],
							"lerp_mode": "catmullrom"
						},
						"1.0417": {
							"post": [-34, 0, 0],
							"lerp_mode": "catmullrom"
						},
						"1.1667": {
							"post": [-28.03, -0.02, -0.03],
							"lerp_mode": "catmullrom"
						},
						"1.5417": {
							"post": [-34, 0, 0],
							"lerp_mode": "catmullrom"
						},
						"1.6667": {
							"post": [-34, 0, 0],
							"lerp_mode": "catmullrom"
						},
						"1.75": {
							"post": [-24.03, -0.02, -0.03],
							"lerp_mode": "catmullrom"
						},
						"3.0417": {
							"post": [-24.03, -0.02, -0.03],
							"lerp_mode": "catmullrom"
						},
						"3.2917": {
							"post": [-31.03, -0.02, -0.03],
							"lerp_mode": "catmullrom"
						},
						"3.4167": {
							"post": [-34, 0, 0],
							"lerp_mode": "catmullrom"
						},
						"3.5833": {
							"post": [-24.03, -0.02, -0.03],
							"lerp_mode": "catmullrom"
						},
						"3.9167": {
							"post": [-31.03, -0.02, -0.03],
							"lerp_mode": "catmullrom"
						},
						"4.125": {
							"post": [-31.03, -0.02, -0.03],
							"lerp_mode": "catmullrom"
						},
						"4.625": {
							"post": [0, 0, 0],
							"lerp_mode": "catmullrom"
						},
						"5.0": {
							"post": [0, 0, 0],
							"lerp_mode": "catmullrom"
						}
					},
					"position": {
						"0.0": {
							"post": [0, 0, 0],
							"lerp_mode": "catmullrom"
						},
						"0.3333": {
							"post": [0, 3.75, -2.5],
							"lerp_mode": "catmullrom"
						},
						"0.5": {
							"post": [0, 3.75, -3.8125],
							"lerp_mode": "catmullrom"
						},
						"0.625": {
							"post": [0, 3.75, -2.5],
							"lerp_mode": "catmullrom"
						},
						"1.1667": {
							"post": [0, 2.6025, -2.45],
							"lerp_mode": "catmullrom"
						},
						"1.5417": {
							"post": [0, 3.75, -2.5],
							"lerp_mode": "catmullrom"
						},
						"1.6667": {
							"post": [0, 3.75, -2.5],
							"lerp_mode": "catmullrom"
						},
						"1.75": {
							"post": [0, 1.04, -2.45],
							"lerp_mode": "catmullrom"
						},
						"3.0417": {
							"post": [0, 1.04, -2.45],
							"lerp_mode": "catmullrom"
						},
						"3.2917": {
							"post": [0, 1.9775, -1.325],
							"lerp_mode": "catmullrom"
						},
						"3.4167": {
							"post": [0, 3.75, -2.5],
							"lerp_mode": "catmullrom"
						},
						"3.5833": {
							"post": [0, 1.04, -2.45],
							"lerp_mode": "catmullrom"
						},
						"3.9167": {
							"post": [0, 1.9775, -1.325],
							"lerp_mode": "catmullrom"
						},
						"4.125": {
							"post": [0, 1.9775, -1.325],
							"lerp_mode": "catmullrom"
						},
						"4.2917": {
							"post": [0, -0.1325, 2.5575],
							"lerp_mode": "catmullrom"
						},
						"4.625": {
							"post": [0, 0, 0],
							"lerp_mode": "catmullrom"
						},
						"4.75": {
							"post": [0.125, 0.125, 0],
							"lerp_mode": "catmullrom"
						},
						"5.0": {
							"post": [0, 0, 0],
							"lerp_mode": "catmullrom"
						}
					}
				},
				"reload": {
					"position": {
						"0.0": [0, 0, 0],
						"0.25": [0, 0, 0],
						"0.5": [0, 0, 5.0625],
						"3.875": [0, 0, 5.08],
						"4.25": [0, 0, 0]
					}
				},
				"handel_2": {
					"rotation": {
						"0.0": [0, 0, 0],
						"0.25": [0, 0, 87],
						"4.0": [0, 0, 87],
						"4.25": [0, 0, 87],
						"4.5": [0, 0, 87],
						"4.625": [0, 0, 0]
					}
				},
				"magazine": {
					"rotation": {
						"0.0": [0, 0, 0],
						"1.125": [0, 0, 0],
						"1.25": [0, 0, 8],
						"1.7083": [0, 0, 8],
						"1.875": {
							"pre": [0, 0, 21],
							"post": [0, 0, 21],
							"lerp_mode": "catmullrom"
						},
						"2.0": {
							"post": [41, 0, 21],
							"lerp_mode": "catmullrom"
						},
						"2.875": {
							"post": [34.04149, 24.38534, -10.43126],
							"lerp_mode": "catmullrom"
						},
						"3.2917": [17, 0, 0],
						"3.5": [0, 0, 0]
					},
					"position": {
						"0.0": [0, 0, 0],
						"1.125": [0, 0, 0],
						"1.25": [0, -0.5625, 0],
						"1.7083": [0, -0.5625, 0],
						"1.875": {
							"pre": [0, -10.7475, 0],
							"post": [0, -10.7475, 0],
							"lerp_mode": "catmullrom"
						},
						"2.0": {
							"post": [0, -19.125, 0],
							"lerp_mode": "catmullrom"
						},
						"2.875": {
							"post": [16.8125, -8.0575, 3.5],
							"lerp_mode": "catmullrom"
						},
						"3.2917": [0, 0, -0.8125],
						"3.5": [0, 0, 0]
					},
					"scale": {
						"2.0": [1, 1, 1],
						"2.0833": [0, 0, 0],
						"2.7917": [0, 0, 0],
						"2.875": [1, 1, 1]
					}
				},
				"hanndel_main": {
					"rotation": {
						"0.0": [0, 0, 0],
						"0.25": [0, 0, 0],
						"0.5": [62, 0, 0],
						"3.875": [62, 0, 0],
						"4.25": [0, 0, 0]
					}
				},
				"barrel_back1": {
					"position": {
						"0.0": [0, 0, 0],
						"0.5833": [0, 0, 3.5],
						"3.8333": [0, 0, 3.5],
						"4.25": [0, 0, 0]
					}
				},
				"barrel_back2": {
					"position": {
						"0.0": [0, 0, 0],
						"0.5833": [0, 0, 3.5],
						"3.8333": [0, 0, 3.5],
						"4.25": [0, 0, 0]
					}
				},
				"ammo_left": {
					"scale": {
						"0.0": [0, 0, 0],
						"2.7917": [0, 0, 0],
						"2.8333": [1, 1, 1]
					}
				},
				"ammo_right": {
					"scale": {
						"0.0": [0, 0, 0],
						"2.7917": [0, 0, 0],
						"2.8333": [1, 1, 1]
					}
				},
				"tt": {
					"position": {
						"0.0": [0, 0, 0],
						"0.2917": [0, 0, 0],
						"0.5": [0, 0, 1.25],
						"3.875": [0, 0, 1.25],
						"4.2083": [0, 0, 0]
					}
				},
				"reload2": {
					"position": {
						"0.0": [0, 0, 0],
						"0.25": [0, 0, 0],
						"0.5": [0, 0, 5.0625],
						"3.875": [0, 0, 5.08],
						"4.25": [0, 0, 0]
					}
				},
				"camera": {
					"rotation": {
						"0.0": {
							"post": [0, 0, 0],
							"lerp_mode": "catmullrom"
						},
						"0.2917": {
							"post": [0, 0, 0],
							"lerp_mode": "catmullrom"
						},
						"0.5": {
							"post": [2, 0, 0],
							"lerp_mode": "catmullrom"
						},
						"0.75": {
							"post": [0, 0, 0],
							"lerp_mode": "catmullrom"
						},
						"1.0417": {
							"post": [0, 0, 0],
							"lerp_mode": "catmullrom"
						},
						"1.2083": {
							"post": [5, 0, 0],
							"lerp_mode": "catmullrom"
						},
						"1.5417": {
							"post": [0, 0, 0],
							"lerp_mode": "catmullrom"
						},
						"1.7917": {
							"post": [5, 0, 0],
							"lerp_mode": "catmullrom"
						},
						"2.25": {
							"post": [0, 0, 0],
							"lerp_mode": "catmullrom"
						},
						"3.3333": {
							"post": [0, 0, 0],
							"lerp_mode": "catmullrom"
						},
						"3.5": {
							"post": [-2, 0, 0],
							"lerp_mode": "catmullrom"
						},
						"3.75": {
							"post": [0, 0, 0],
							"lerp_mode": "catmullrom"
						},
						"4.0833": {
							"post": [0, 0, 0],
							"lerp_mode": "catmullrom"
						},
						"4.25": {
							"post": [-2, 0, 0],
							"lerp_mode": "catmullrom"
						},
						"4.4167": {
							"post": [0, 0, 0],
							"lerp_mode": "catmullrom"
						},
						"4.7083": {
							"post": [5, 0, 0],
							"lerp_mode": "catmullrom"
						},
						"4.8333": {
							"post": [2.5313, 0.03166, -1.60873],
							"lerp_mode": "catmullrom"
						},
						"5.0": {
							"post": [0, 0, 0],
							"lerp_mode": "catmullrom"
						}
					}
				},
				"static": {
					"position": [-5.8125, -8.125, -9.1875]
				}
			}
		},
		"static_idle": {
			"loop": true,
			"bones": {
				"root": {
					"rotation": [0, 0, 0],
					"position": [0, 0, 0]
				},
				"lefthand_pos": {
					"rotation": [90, 0, 0],
					"position": [14, 11.8125, 8.4375]
				},
				"righthand_pos": {
					"rotation": [90, -15, 0],
					"position": [-9.8125, 16.6875, 17.9375]
				},
				"static": {
					"position": [-5.8125, -8.125, -9.1875]
				}
			}
		},
		"reload_tactical": {
			"animation_length": 5,
			"bones": {
				"lefthand_pos": {
					"rotation": {
						"0.0": {
							"post": [90, 0, 0],
							"lerp_mode": "catmullrom"
						},
						"0.25": {
							"post": [90, 0, 40],
							"lerp_mode": "catmullrom"
						},
						"0.5": {
							"post": [94, -14, 40],
							"lerp_mode": "catmullrom"
						},
						"1.0": {
							"post": [70.10307, 18.92201, 42.30176],
							"lerp_mode": "catmullrom"
						},
						"1.125": {
							"post": [70.10307, 18.92201, 42.30176],
							"lerp_mode": "catmullrom"
						},
						"1.2083": {
							"post": [93.3253, 18.92201, 42.30176],
							"lerp_mode": "catmullrom"
						},
						"1.375": {
							"post": [88.10307, 18.92201, 42.30176],
							"lerp_mode": "catmullrom"
						},
						"1.5417": {
							"post": [64.10307, 18.92201, 42.30176],
							"lerp_mode": "catmullrom"
						},
						"1.75": {
							"post": [97.3253, 18.92201, 42.30176],
							"lerp_mode": "catmullrom"
						},
						"1.875": {
							"post": [105.63137, 9.30633, 39.46664],
							"lerp_mode": "catmullrom"
						},
						"2.1667": {
							"post": [101.40872, -66.24498, 28.25166],
							"lerp_mode": "catmullrom"
						},
						"3.0": {
							"post": [110.51315, -76.85666, 18.69713],
							"lerp_mode": "catmullrom"
						},
						"3.2917": {
							"post": [94.79538, -17.60571, 37.26258],
							"lerp_mode": "catmullrom"
						},
						"3.6667": {
							"post": [63.79538, -17.60571, 37.26258],
							"lerp_mode": "catmullrom"
						},
						"4.25": {
							"post": [89.95009, -8.01197, 72.32238],
							"lerp_mode": "catmullrom"
						},
						"4.4583": {
							"post": [90.14761, -4.82396, 70.09644],
							"lerp_mode": "catmullrom"
						},
						"4.625": {
							"post": [90.61914, -2.12613, 20.89928],
							"lerp_mode": "catmullrom"
						},
						"4.7917": {
							"post": [90, 0, 0],
							"lerp_mode": "catmullrom"
						}
					},
					"position": {
						"0.0": {
							"post": [14, 11.8125, 8.4375],
							"lerp_mode": "catmullrom"
						},
						"0.25": {
							"post": [14, 10.6225, 8.44],
							"lerp_mode": "catmullrom"
						},
						"0.5": {
							"post": [14, 10.62, 3.565],
							"lerp_mode": "catmullrom"
						},
						"1.0": {
							"post": [14, 5.495, 7.185],
							"lerp_mode": "catmullrom"
						},
						"1.125": {
							"post": [14, 5.495, 7.185],
							"lerp_mode": "catmullrom"
						},
						"1.375": {
							"post": [14, 3.4275, 7.19],
							"lerp_mode": "catmullrom"
						},
						"1.875": {
							"post": [14, 3.4275, 7.19],
							"lerp_mode": "catmullrom"
						},
						"2.1667": {
							"post": [14, 4.4925, 11.2525],
							"lerp_mode": "catmullrom"
						},
						"3.0": {
							"post": [17.1875, 4.49, 13.9375],
							"lerp_mode": "catmullrom"
						},
						"3.2917": {
							"post": [9.5, 4.49, 12.8125],
							"lerp_mode": "catmullrom"
						},
						"3.5": {
							"post": [9.5, 4.49, 11.3725],
							"lerp_mode": "catmullrom"
						},
						"3.6667": {
							"post": [8.95, 8.74, 14.7525],
							"lerp_mode": "catmullrom"
						},
						"3.875": {
							"post": [10.6375, 8.74, 3.8125],
							"lerp_mode": "catmullrom"
						},
						"4.0833": {
							"post": [11.0575, 9.21, 5.92],
							"lerp_mode": "catmullrom"
						},
						"4.25": {
							"post": [12.2, 10.115, 8.94],
							"lerp_mode": "catmullrom"
						},
						"4.4583": {
							"post": [12.93, 9.915, 8.98],
							"lerp_mode": "catmullrom"
						},
						"4.625": {
							"post": [14.1975, 10.85, 8.71],
							"lerp_mode": "catmullrom"
						},
						"4.7917": {
							"post": [14, 11.8125, 8.4375],
							"lerp_mode": "catmullrom"
						}
					}
				},
				"righthand_pos": {
					"rotation": [90, -15, 0],
					"position": [-9.8125, 16.6875, 17.9375]
				},
				"root": {
					"rotation": {
						"0.0": {
							"post": [0, 0, 0],
							"lerp_mode": "catmullrom"
						},
						"0.3333": {
							"post": [-34, 0, 0],
							"lerp_mode": "catmullrom"
						},
						"0.5": {
							"post": [-30.31517, -0.87573, -1.29907],
							"lerp_mode": "catmullrom"
						},
						"0.625": {
							"post": [-34, 0, 0],
							"lerp_mode": "catmullrom"
						},
						"0.875": {
							"post": [-33.98382, 1.11823, 1.65829],
							"lerp_mode": "catmullrom"
						},
						"1.0417": {
							"post": [-34, 0, 0],
							"lerp_mode": "catmullrom"
						},
						"1.1667": {
							"post": [-28.03, -0.02, -0.03],
							"lerp_mode": "catmullrom"
						},
						"1.5417": {
							"post": [-34, 0, 0],
							"lerp_mode": "catmullrom"
						},
						"1.6667": {
							"post": [-34, 0, 0],
							"lerp_mode": "catmullrom"
						},
						"1.75": {
							"post": [-24.03, -0.02, -0.03],
							"lerp_mode": "catmullrom"
						},
						"3.0417": {
							"post": [-24.03, -0.02, -0.03],
							"lerp_mode": "catmullrom"
						},
						"3.2917": {
							"post": [-31.03, -0.02, -0.03],
							"lerp_mode": "catmullrom"
						},
						"3.4167": {
							"post": [-34, 0, 0],
							"lerp_mode": "catmullrom"
						},
						"3.5833": {
							"post": [-24.03, -0.02, -0.03],
							"lerp_mode": "catmullrom"
						},
						"3.9167": {
							"post": [-31.03, -0.02, -0.03],
							"lerp_mode": "catmullrom"
						},
						"4.125": {
							"post": [-31.03, -0.02, -0.03],
							"lerp_mode": "catmullrom"
						},
						"4.625": {
							"post": [0, 0, 0],
							"lerp_mode": "catmullrom"
						},
						"5.0": {
							"post": [0, 0, 0],
							"lerp_mode": "catmullrom"
						}
					},
					"position": {
						"0.0": {
							"post": [0, 0, 0],
							"lerp_mode": "catmullrom"
						},
						"0.3333": {
							"post": [0, 3.75, -2.5],
							"lerp_mode": "catmullrom"
						},
						"0.5": {
							"post": [0, 3.75, -3.8125],
							"lerp_mode": "catmullrom"
						},
						"0.625": {
							"post": [0, 3.75, -2.5],
							"lerp_mode": "catmullrom"
						},
						"1.1667": {
							"post": [0, 2.6025, -2.45],
							"lerp_mode": "catmullrom"
						},
						"1.5417": {
							"post": [0, 3.75, -2.5],
							"lerp_mode": "catmullrom"
						},
						"1.6667": {
							"post": [0, 3.75, -2.5],
							"lerp_mode": "catmullrom"
						},
						"1.75": {
							"post": [0, 1.04, -2.45],
							"lerp_mode": "catmullrom"
						},
						"3.0417": {
							"post": [0, 1.04, -2.45],
							"lerp_mode": "catmullrom"
						},
						"3.2917": {
							"post": [0, 1.9775, -1.325],
							"lerp_mode": "catmullrom"
						},
						"3.4167": {
							"post": [0, 3.75, -2.5],
							"lerp_mode": "catmullrom"
						},
						"3.5833": {
							"post": [0, 1.04, -2.45],
							"lerp_mode": "catmullrom"
						},
						"3.9167": {
							"post": [0, 1.9775, -1.325],
							"lerp_mode": "catmullrom"
						},
						"4.125": {
							"post": [0, 1.9775, -1.325],
							"lerp_mode": "catmullrom"
						},
						"4.2917": {
							"post": [0, -0.1325, 2.5575],
							"lerp_mode": "catmullrom"
						},
						"4.625": {
							"post": [0, 0, 0],
							"lerp_mode": "catmullrom"
						},
						"4.75": {
							"post": [0.125, 0.125, 0],
							"lerp_mode": "catmullrom"
						},
						"5.0": {
							"post": [0, 0, 0],
							"lerp_mode": "catmullrom"
						}
					}
				},
				"reload": {
					"position": {
						"0.25": [0, 0, 0],
						"0.5": [0, 0, 5.0625],
						"3.875": [0, 0, 5.08],
						"4.25": [0, 0, 0]
					}
				},
				"handel_2": {
					"rotation": {
						"0.0": [0, 0, 0],
						"0.25": [0, 0, 87],
						"4.0": [0, 0, 87],
						"4.25": [0, 0, 87],
						"4.5": [0, 0, 87],
						"4.625": [0, 0, 0]
					}
				},
				"magazine": {
					"rotation": {
						"0.0": [0, 0, 0],
						"1.125": [0, 0, 0],
						"1.25": [0, 0, 8],
						"1.7083": [0, 0, 8],
						"1.875": {
							"pre": [0, 0, 21],
							"post": [0, 0, 21],
							"lerp_mode": "catmullrom"
						},
						"2.0": {
							"post": [41, 0, 21],
							"lerp_mode": "catmullrom"
						},
						"2.875": {
							"post": [34.04149, 24.38534, -10.43126],
							"lerp_mode": "catmullrom"
						},
						"3.2917": [17, 0, 0],
						"3.5": [0, 0, 0]
					},
					"position": {
						"0.0": [0, 0, 0],
						"1.125": [0, 0, 0],
						"1.25": [0, -0.5625, 0],
						"1.7083": [0, -0.5625, 0],
						"1.875": {
							"pre": [0, -10.7475, 0],
							"post": [0, -10.7475, 0],
							"lerp_mode": "catmullrom"
						},
						"2.0": {
							"post": [0, -19.125, 0],
							"lerp_mode": "catmullrom"
						},
						"2.875": {
							"post": [16.8125, -8.0575, 3.5],
							"lerp_mode": "catmullrom"
						},
						"3.2917": [0, 0, -0.8125],
						"3.5": [0, 0, 0]
					},
					"scale": {
						"2.0": [1, 1, 1],
						"2.0833": [0, 0, 0],
						"2.7917": [0, 0, 0],
						"2.875": [1, 1, 1]
					}
				},
				"hanndel_main": {
					"rotation": {
						"0.0": [0, 0, 0],
						"0.25": [0, 0, 0],
						"0.5": [62, 0, 0],
						"3.875": [62, 0, 0],
						"4.25": [0, 0, 0]
					}
				},
				"barrel_back1": {
					"position": {
						"0.0": [0, 0, 0],
						"0.5833": [0, 0, 3.5],
						"3.8333": [0, 0, 3.5],
						"4.25": [0, 0, 0]
					}
				},
				"barrel_back2": {
					"position": {
						"0.0": [0, 0, 0],
						"0.5833": [0, 0, 3.5],
						"3.8333": [0, 0, 3.5],
						"4.25": [0, 0, 0]
					}
				},
				"camera": {
					"rotation": {
						"0.0": {
							"post": [0, 0, 0],
							"lerp_mode": "catmullrom"
						},
						"0.2917": {
							"post": [0, 0, 0],
							"lerp_mode": "catmullrom"
						},
						"0.5": {
							"post": [2, 0, 0],
							"lerp_mode": "catmullrom"
						},
						"0.75": {
							"post": [0, 0, 0],
							"lerp_mode": "catmullrom"
						},
						"1.0417": {
							"post": [0, 0, 0],
							"lerp_mode": "catmullrom"
						},
						"1.2083": {
							"post": [5, 0, 0],
							"lerp_mode": "catmullrom"
						},
						"1.5417": {
							"post": [0, 0, 0],
							"lerp_mode": "catmullrom"
						},
						"1.7917": {
							"post": [5, 0, 0],
							"lerp_mode": "catmullrom"
						},
						"2.25": {
							"post": [0, 0, 0],
							"lerp_mode": "catmullrom"
						},
						"3.3333": {
							"post": [0, 0, 0],
							"lerp_mode": "catmullrom"
						},
						"3.5": {
							"post": [-2, 0, 0],
							"lerp_mode": "catmullrom"
						},
						"3.75": {
							"post": [0, 0, 0],
							"lerp_mode": "catmullrom"
						},
						"4.0833": {
							"post": [0, 0, 0],
							"lerp_mode": "catmullrom"
						},
						"4.25": {
							"post": [-2, 0, 0],
							"lerp_mode": "catmullrom"
						},
						"4.4167": {
							"post": [0, 0, 0],
							"lerp_mode": "catmullrom"
						},
						"4.7083": {
							"post": [5, 0, 0],
							"lerp_mode": "catmullrom"
						},
						"4.8333": {
							"post": [2.5313, 0.03166, -1.60873],
							"lerp_mode": "catmullrom"
						},
						"5.0": {
							"post": [0, 0, 0],
							"lerp_mode": "catmullrom"
						}
					}
				},
				"tt": {
					"position": {
						"0.0": [0, 0, 0],
						"0.2917": [0, 0, 0],
						"0.5": [0, 0, 1.25],
						"3.875": [0, 0, 1.25],
						"4.2083": [0, 0, 0]
					}
				},
				"reload2": {
					"position": {
						"0.0": [0, 0, 0],
						"0.25": [0, 0, 0],
						"0.5": [0, 0, 5.0625],
						"3.875": [0, 0, 5.08],
						"4.25": [0, 0, 0]
					}
				},
				"static": {
					"position": [-5.8125, -8.125, -9.1875]
				}
			}
		},
		"inspect": {
			"animation_length": 5.9167,
			"bones": {
				"root": {
					"rotation": {
						"0.0": [0, 0, 0],
						"0.0417": [0.54, -0.47, 0.14],
						"0.0833": [2.25, -1.86, 0.59],
						"0.125": [2.89, -2.96, 0.7],
						"0.1667": [3.05, -4.43, 0.61],
						"0.2083": [2.22, -6.76, 0.96],
						"0.25": [-0.91, -12.93, 1.02],
						"0.2917": [-1.74, -16.97, -2.22],
						"0.3333": [-1.7, -19.17, -5.12],
						"0.375": [-1.43, -21.74, -9.1],
						"0.4167": [-0.46, -27.51, -18.99],
						"0.4583": [0.1, -30.46, -24.25],
						"0.5": [0.62, -33.28, -29.31],
						"0.5417": [1.04, -35.87, -33.83],
						"0.5833": [1.3, -39.79, -39.99],
						"0.625": [0.65, -41.68, -41.55],
						"0.6667": [-0.59, -42.49, -40.56],
						"0.7083": [-2.04, -42.64, -38.26],
						"0.75": [-4.07, -42.64, -34.55],
						"0.7917": [-4.05, -42.91, -34.67],
						"0.8333": [-3.42, -42.99, -35.46],
						"0.875": [-2.66, -42.98, -36.33],
						"0.9167": [-2.25, -42.94, -36.54],
						"0.9583": [-2.39, -42.89, -36.11],
						"1.0": [-2.61, -42.83, -35.55],
						"1.0417": [-2.87, -42.76, -34.97],
						"1.0833": [-3.31, -42.65, -34.21],
						"1.125": [-3.34, -42.65, -34.19],
						"1.1667": [-3.38, -42.64, -34.19],
						"1.2083": [-3.41, -42.64, -34.21],
						"1.25": [-3.47, -42.63, -34.3],
						"1.2917": [-3.49, -42.63, -34.37],
						"1.3333": [-3.52, -42.63, -34.45],
						"1.375": [-3.54, -42.63, -34.53],
						"1.4167": [-3.59, -42.64, -34.72],
						"1.4583": [-3.62, -42.64, -34.81],
						"1.5": [-3.64, -42.64, -34.91],
						"1.5417": [-3.66, -42.64, -35],
						"1.5833": [-3.71, -42.65, -35.15],
						"1.625": [-3.74, -42.65, -35.21],
						"1.6667": [-3.76, -42.65, -35.25],
						"1.7083": [-3.79, -42.65, -35.28],
						"1.75": [-3.85, -42.65, -35.27],
						"1.7917": [-3.88, -42.65, -35.23],
						"1.8333": [-3.91, -42.65, -35.17],
						"1.875": [-3.95, -42.65, -35.07],
						"1.9167": [-4.33, -42.66, -33.67],
						"1.9583": [-4.56, -42.67, -32.64],
						"2.0": [-4.78, -42.67, -31.55],
						"2.0417": [-4.95, -42.65, -30.5],
						"2.0833": [-5.03, -42.51, -29.01],
						"2.125": [-4.87, -42.5, -29],
						"2.1667": [-4.57, -42.61, -29.53],
						"2.2083": [-4.18, -42.77, -30.34],
						"2.25": [-3.35, -42.83, -31.69],
						"2.2917": [-3.01, -42.57, -31.7],
						"2.3333": [-2.78, -41.99, -30.9],
						"2.375": [-2.73, -41, -29.02],
						"2.4167": [-2.67, -37.77, -22.26],
						"2.4583": [-2.64, -35.66, -17.76],
						"2.5": [-2.73, -33.31, -12.67],
						"2.5417": [-3, -30.81, -7.12],
						"2.5833": [-4.47, -25.64, 4.91],
						"2.625": [-5.82, -23.11, 11.14],
						"2.6667": [-7.59, -20.75, 17.25],
						"2.7083": [-9.94, -18.13, 24.27],
						"2.75": [-15.69, -12.54, 39.7],
						"2.7917": [-18.75, -9.78, 47.44],
						"2.8333": [-21.72, -7.19, 54.76],
						"2.875": [-24.41, -4.87, 61.31],
						"2.9167": [-28.3, -1.49, 70.81],
						"2.9583": [-29.53, -0.41, 73.78],
						"3.0": [-30.05, -0.06, 74.78],
						"3.0417": [-30.06, -0.22, 74.35],
						"3.0833": [-29.32, -1.31, 71.31],
						"3.125": [-28.94, -1.82, 69.78],
						"3.1667": [-28.83, -2.05, 68.95],
						"3.2083": [-28.95, -2.06, 68.44],
						"3.25": [-29.19, -1.97, 67.22],
						"3.2917": [-29.31, -1.88, 66.77],
						"3.3333": [-29.41, -1.74, 66.6],
						"3.375": [-29.53, -1.33, 67.15],
						"3.4167": [-29.69, -0.51, 69.06],
						"3.4583": [-29.76, -0.56, 69.21],
						"3.5": [-29.82, -0.78, 69.15],
						"3.5417": [-29.87, -1.02, 69.07],
						"3.5833": [-29.92, -1.12, 69.29],
						"3.625": [-29.93, -1.08, 69.45],
						"3.6667": [-29.94, -1.02, 69.64],
						"3.7083": [-29.95, -0.95, 69.85],
						"3.75": [-29.97, -0.78, 70.3],
						"3.7917": [-29.97, -0.7, 70.51],
						"3.8333": [-29.97, -0.63, 70.72],
						"3.875": [-29.95, -0.57, 70.89],
						"3.9167": [-29.91, -0.51, 71.12],
						"3.9583": [-29.89, -0.5, 71.18],
						"4.0": [-29.88, -0.5, 71.24],
						"4.0417": [-29.88, -0.49, 71.3],
						"4.0833": [-29.88, -0.49, 71.42],
						"4.125": [-29.87, -0.5, 71.46],
						"4.1667": [-29.86, -0.51, 71.49],
						"4.2083": [-29.85, -0.53, 71.5],
						"4.25": [-29.76, -0.61, 71.44],
						"4.2917": [-29.7, -0.66, 71.37],
						"4.3333": [-29.61, -0.74, 71.26],
						"4.375": [-29.49, -0.83, 71.1],
						"4.4167": [-29.16, -1.06, 70.66],
						"4.4583": [-28.73, -1.38, 69.97],
						"4.5": [-28.23, -1.75, 69.12],
						"4.5417": [-27.66, -2.18, 68.12],
						"4.5833": [-26.16, -3.25, 65.7],
						"4.625": [-25.19, -3.9, 64.32],
						"4.6667": [-24.04, -4.64, 62.84],
						"4.7083": [-22.42, -5.78, 61.15],
						"4.75": [-18.45, -8.77, 57.68],
						"4.7917": [-16.22, -10.22, 55.52],
						"4.8333": [-13.93, -11.39, 52.83],
						"4.875": [-11.62, -12.05, 49.41],
						"4.9167": [-8.15, -12.09, 42.99],
						"4.9583": [-6.21, -11.84, 39.06],
						"5.0": [-4.24, -11.46, 34.9],
						"5.0417": [-2.31, -10.98, 30.68],
						"5.0833": [1.11, -9.89, 22.76],
						"5.125": [2.46, -9.36, 19.43],
						"5.1667": [3.46, -8.87, 16.74],
						"5.2083": [4.35, -7.99, 13.44],
						"5.25": [3.91, -5.95, 10.26],
						"5.2917": [3.28, -4.95, 9.29],
						"5.3333": [2.85, -4.05, 8.01],
						"5.375": [2.5, -3.05, 5.88],
						"5.4167": [1.62, -1.32, 1.86],
						"5.4583": [1.26, -0.73, 0.59],
						"5.5": [0.95, -0.36, 0.25],
						"5.5417": [0.73, -0.32, 0.78],
						"5.5833": [0.41, -0.29, 0.86],
						"5.625": [0.29, -0.29, 0.5],
						"5.6667": [0.18, -0.29, 0.08],
						"5.7083": [0.09, -0.29, -0.29],
						"5.75": [-0.02, -0.22, -0.51],
						"5.7917": [-0.02, -0.13, -0.35],
						"5.8333": [-0.01, -0.05, -0.14],
						"5.875": [0, 0, 0]
					},
					"position": {
						"0.0": [0, 0, 0],
						"0.0417": [0.11, -0.06, -0.12],
						"0.0833": [0.45, -0.27, -0.49],
						"0.125": [0.65, -0.31, -0.72],
						"0.1667": [0.86, -0.26, -0.98],
						"0.2083": [1.06, -0.1, -1.24],
						"0.25": [1.53, 0.45, -1.89],
						"0.2917": [1.76, 0.75, -2.22],
						"0.3333": [1.95, 1.01, -2.5],
						"0.375": [2.1, 1.2, -2.7],
						"0.4167": [2.21, 1.38, -2.84],
						"0.4583": [2.2, 1.32, -2.8],
						"0.5": [2.22, 1.26, -2.79],
						"0.5417": [2.24, 1.17, -2.78],
						"0.5833": [2.28, 0.95, -2.73],
						"0.625": [2.3, 0.86, -2.71],
						"0.6667": [2.3, 0.83, -2.7],
						"0.7083": [2.28, 0.87, -2.69],
						"0.75": [2.2, 1.14, -2.69],
						"0.7917": [2.19, 1.23, -2.69],
						"0.8333": [2.19, 1.25, -2.69],
						"0.875": [2.2, 1.26, -2.69],
						"0.9167": [2.24, 1.26, -2.7],
						"0.9583": [2.26, 1.25, -2.7],
						"1.0": [2.28, 1.24, -2.7],
						"1.0417": [2.29, 1.23, -2.7],
						"1.0833": [2.3, 1.22, -2.7],
						"1.125": [2.3, 1.22, -2.7],
						"1.1667": [2.3, 1.22, -2.7],
						"1.2083": [2.3, 1.22, -2.69],
						"1.25": [2.3, 1.22, -2.69],
						"1.2917": [2.3, 1.22, -2.69],
						"1.3333": [2.3, 1.22, -2.69],
						"1.375": [2.3, 1.21, -2.69],
						"1.4167": [2.3, 1.21, -2.68],
						"1.4583": [2.3, 1.21, -2.68],
						"1.5": [2.29, 1.21, -2.68],
						"1.5417": [2.29, 1.2, -2.67],
						"1.5833": [2.29, 1.2, -2.67],
						"1.625": [2.29, 1.19, -2.66],
						"1.6667": [2.29, 1.19, -2.66],
						"1.7083": [2.28, 1.18, -2.65],
						"1.75": [2.28, 1.17, -2.65],
						"1.7917": [2.28, 1.16, -2.64],
						"1.8333": [2.28, 1.15, -2.64],
						"1.875": [2.28, 1.14, -2.63],
						"1.9167": [2.28, 1.01, -2.57],
						"1.9583": [2.29, 0.92, -2.53],
						"2.0": [2.29, 0.84, -2.49],
						"2.0417": [2.29, 0.76, -2.45],
						"2.0833": [2.3, 0.71, -2.42],
						"2.125": [2.3, 0.73, -2.43],
						"2.1667": [2.31, 0.78, -2.43],
						"2.2083": [2.31, 0.85, -2.45],
						"2.25": [2.32, 1.02, -2.48],
						"2.2917": [2.33, 1.1, -2.5],
						"2.3333": [2.33, 1.19, -2.53],
						"2.375": [2.33, 1.26, -2.57],
						"2.4167": [2.33, 1.36, -2.67],
						"2.4583": [2.32, 1.35, -2.77],
						"2.5": [2.31, 1.27, -2.88],
						"2.5417": [2.3, 1.17, -3],
						"2.5833": [2.26, 1.09, -3.34],
						"2.625": [2.23, 1.2, -3.56],
						"2.6667": [2.21, 1.36, -3.75],
						"2.7083": [2.17, 1.6, -3.99],
						"2.75": [2.1, 2.2, -4.54],
						"2.7917": [2.06, 2.52, -4.82],
						"2.8333": [2.03, 2.84, -5.08],
						"2.875": [2, 3.12, -5.31],
						"2.9167": [1.96, 3.49, -5.62],
						"2.9583": [1.95, 3.55, -5.67],
						"3.0": [1.94, 3.56, -5.67],
						"3.0417": [1.95, 3.52, -5.62],
						"3.0833": [1.96, 3.34, -5.44],
						"3.125": [1.97, 3.24, -5.34],
						"3.1667": [1.98, 3.14, -5.24],
						"3.2083": [1.99, 3.06, -5.16],
						"3.25": [2, 2.99, -5.09],
						"3.2917": [2.01, 2.98, -5.08],
						"3.3333": [2.01, 2.98, -5.09],
						"3.375": [2.02, 2.99, -5.1],
						"3.4167": [2.02, 3.01, -5.13],
						"3.4583": [2.03, 3.01, -5.14],
						"3.5": [2.03, 3.01, -5.14],
						"3.5417": [2.04, 3.01, -5.14],
						"3.5833": [2.05, 3, -5.15],
						"3.625": [2.05, 3, -5.15],
						"3.6667": [2.06, 2.99, -5.15],
						"3.7083": [2.06, 2.99, -5.15],
						"3.75": [2.07, 2.98, -5.15],
						"3.7917": [2.08, 2.98, -5.16],
						"3.8333": [2.08, 2.97, -5.16],
						"3.875": [2.09, 2.97, -5.16],
						"3.9167": [2.1, 2.97, -5.16],
						"3.9583": [2.1, 2.97, -5.16],
						"4.0": [2.11, 2.97, -5.16],
						"4.0417": [2.12, 2.98, -5.16],
						"4.0833": [2.13, 3.01, -5.16],
						"4.125": [2.14, 3.02, -5.16],
						"4.1667": [2.14, 3.03, -5.16],
						"4.2083": [2.15, 3.04, -5.16],
						"4.25": [2.15, 3.05, -5.16],
						"4.2917": [2.16, 3.06, -5.16],
						"4.3333": [2.16, 3.07, -5.16],
						"4.375": [2.17, 3.08, -5.17],
						"4.4167": [2.17, 3.09, -5.16],
						"4.4583": [2.16, 3.08, -5.15],
						"4.5": [2.14, 3.04, -5.14],
						"4.5417": [2.12, 2.99, -5.11],
						"4.5833": [2.05, 2.69, -5],
						"4.625": [2, 2.49, -4.93],
						"4.6667": [1.93, 2.28, -4.85],
						"4.7083": [1.82, 2.06, -4.74],
						"4.75": [1.44, 1.71, -4.49],
						"4.7917": [1.15, 1.54, -4.37],
						"4.8333": [0.83, 1.38, -4.24],
						"4.875": [0.49, 1.22, -4.09],
						"4.9167": [-0.07, 0.92, -3.68],
						"4.9583": [-0.24, 0.78, -3.4],
						"5.0": [-0.32, 0.66, -3.08],
						"5.0417": [-0.33, 0.55, -2.69],
						"5.0833": [-0.24, 0.33, -1.8],
						"5.125": [-0.17, 0.24, -1.34],
						"5.1667": [-0.09, 0.15, -0.92],
						"5.2083": [-0.03, 0.07, -0.56],
						"5.25": [0.01, -0.07, -0.05],
						"5.2917": [0.02, -0.12, 0.08],
						"5.3333": [0.02, -0.15, 0.13],
						"5.375": [0.01, -0.17, 0.15],
						"5.4167": [0, -0.19, 0.14],
						"5.4583": [0, -0.18, 0.15],
						"5.5": [0, -0.17, 0.13],
						"5.5417": [0, -0.15, 0.09],
						"5.5833": [0, -0.09, 0.01],
						"5.625": [0, -0.07, -0.03],
						"5.6667": [0, -0.05, -0.05],
						"5.7083": [0, -0.04, -0.06],
						"5.75": [0, -0.02, -0.05],
						"5.7917": [0, -0.02, -0.04],
						"5.8333": [0, -0.01, -0.03],
						"5.875": [0, -0.01, -0.01],
						"5.9167": [0, 0, 0]
					}
				},
				"lefthand_pos": {
					"rotation": [90, 0, 0],
					"position": [14, 11.8125, 8.4375]
				},
				"righthand_pos": {
					"rotation": [90, -15, 0],
					"position": [-9.8125, 16.6875, 17.9375]
				},
				"camera": {
					"rotation": {
						"0.0": {
							"post": [0, 0, 0],
							"lerp_mode": "catmullrom"
						},
						"0.5": {
							"post": [4, 3, 0],
							"lerp_mode": "catmullrom"
						},
						"0.875": {
							"post": [6, 8, -3],
							"lerp_mode": "catmullrom"
						},
						"1.375": {
							"post": [10, 11, 1.45885],
							"lerp_mode": "catmullrom"
						},
						"2.25": {
							"post": [10, 11, 13],
							"lerp_mode": "catmullrom"
						},
						"3.25": {
							"post": [23.82244, -2.48854, -11.88787],
							"lerp_mode": "catmullrom"
						},
						"4.75": {
							"post": [22, 4.41892, -4.65148],
							"lerp_mode": "catmullrom"
						},
						"5.9167": {
							"post": [0, 0, 0],
							"lerp_mode": "catmullrom"
						}
					},
					"position": {
						"0.0": {
							"post": [0, 0, 0],
							"lerp_mode": "catmullrom"
						},
						"2.625": {
							"post": [0, 0.4375, -3.875],
							"lerp_mode": "catmullrom"
						},
						"5.9167": {
							"post": [0, 0, 0],
							"lerp_mode": "catmullrom"
						}
					}
				}
			}
		},
		"static_bolt_caught": {
			"loop": true,
			"bones": {
				"lefthand_pos": {
					"rotation": [90, 0, 0],
					"position": [14, 11.8125, 8.4375]
				},
				"righthand_pos": {
					"rotation": [90, -15, 0],
					"position": [-9.8125, 16.6875, 17.9375]
				},
				"ammo_left": {
					"scale": 0
				},
				"ammo_right": {
					"scale": 0
				},
				"static": {
					"position": [-5.8125, -8.125, -9.1875]
				}
			}
		},
		"shoot": {
			"animation_length": 0.5,
			"bones": {
				"root": {
					"rotation": {
						"0.0": {
							"post": [0, 0, 0],
							"lerp_mode": "catmullrom"
						},
						"0.125": {
							"post": [-1, 0, 0],
							"lerp_mode": "catmullrom"
						},
						"0.5": {
							"post": [0, 0, 0],
							"lerp_mode": "catmullrom"
						}
					},
					"position": {
						"0.0": {
							"post": [0, 0, 0],
							"lerp_mode": "catmullrom"
						},
						"0.125": {
							"post": [0, 0, 2],
							"lerp_mode": "catmullrom"
						},
						"0.5": {
							"post": [0, 0, 0],
							"lerp_mode": "catmullrom"
						}
					}
				},
				"barrel_back1": {
					"position": {
						"0.0": {
							"post": [0, 0, 0],
							"lerp_mode": "catmullrom"
						},
						"0.125": {
							"post": [0, 0, 3.4375],
							"lerp_mode": "catmullrom"
						},
						"0.25": {
							"post": [0, 0, 0],
							"lerp_mode": "catmullrom"
						}
					}
				},
				"barrel_back2": {
					"position": {
						"0.0": {
							"post": [0, 0, 0],
							"lerp_mode": "catmullrom"
						},
						"0.125": {
							"post": [0, 0, 3.4375],
							"lerp_mode": "catmullrom"
						},
						"0.25": {
							"post": [0, 0, 0],
							"lerp_mode": "catmullrom"
						}
					}
				},
				"ammo_left": {
					"rotation": {
						"0.0": {
							"post": [0, 0, 0],
							"lerp_mode": "catmullrom"
						},
						"0.125": {
							"post": [0, 0, -23.7],
							"lerp_mode": "catmullrom"
						},
						"0.5": {
							"post": [0, 0, 0],
							"lerp_mode": "catmullrom"
						}
					},
					"position": {
						"0.0": {
							"post": [0, 0, 0],
							"lerp_mode": "catmullrom"
						},
						"0.125": {
							"post": [-0.75, 0.375, 0],
							"lerp_mode": "catmullrom"
						},
						"0.5": {
							"post": [0, 0, 0],
							"lerp_mode": "catmullrom"
						}
					}
				},
				"ammo_right": {
					"rotation": {
						"0.0": {
							"post": [0, 0, 0],
							"lerp_mode": "catmullrom"
						},
						"0.125": {
							"post": [0, 0, -23.7],
							"lerp_mode": "catmullrom"
						},
						"0.5": {
							"post": [0, 0, 0],
							"lerp_mode": "catmullrom"
						}
					},
					"position": {
						"0.0": {
							"post": [0, 0, 0],
							"lerp_mode": "catmullrom"
						},
						"0.125": {
							"post": [-0.75, 0.375, 0],
							"lerp_mode": "catmullrom"
						},
						"0.5": {
							"post": [0, 0, 0],
							"lerp_mode": "catmullrom"
						}
					}
				},
				"ammo_count_text_pos": {
					"position": [-0.0625, 0, 0]
				},
				"reload": {
					"position": {
						"0.0": {
							"post": [0, 0, 0],
							"lerp_mode": "catmullrom"
						},
						"0.125": {
							"post": [0, 0, 5.4375],
							"lerp_mode": "catmullrom"
						},
						"0.25": {
							"post": [0, 0, 0],
							"lerp_mode": "catmullrom"
						}
					}
				},
				"reload2": {
					"position": {
						"0.0": {
							"post": [0, 0, 0],
							"lerp_mode": "catmullrom"
						},
						"0.125": {
							"post": [0, 0, 5.4375],
							"lerp_mode": "catmullrom"
						},
						"0.25": {
							"post": [0, 0, 0],
							"lerp_mode": "catmullrom"
						}
					}
				},
				"tt": {
					"position": {
						"0.0": [0, 0, 0],
						"0.125": [0, 0, 1.1875],
						"0.25": [0, 0, 0]
					}
				},
				"camera": {
					"rotation": {
						"0.0": {
							"post": [0, 0, 0],
							"lerp_mode": "catmullrom"
						},
						"0.2083": {
							"post": [-5, 0, 0],
							"lerp_mode": "catmullrom"
						},
						"0.4583": {
							"post": [0, 0, 0],
							"lerp_mode": "catmullrom"
						}
					}
				},
				"ammo_count_text_pos2": {
					"position": [-0.0625, 0, 0]
				}
			}
		}
	}
}