{
	"format_version": "1.12.0",
	"minecraft:geometry": [
		{
			"description": {
				"identifier": "geometry.unknown",
				"texture_width": 256,
				"texture_height": 256,
				"visible_bounds_width": 4,
				"visible_bounds_height": 4.5,
				"visible_bounds_offset": [0, 1.75, 0]
			},
			"bones": [
				{
					"name": "Arm",
					"pivot": [-0.2, 29.1, 0]
				},
				{
					"name": "LeftArm",
					"parent": "Arm",
					"pivot": [2.25, 30.1, 0],
					"cubes": [
						{
							"origin": [0.35, 24.75, -2.2],
							"size": [3.05, 7, 3.6],
							"uv": {
								"north": {"uv": [21, 77], "uv_size": [3, 7]},
								"east": {"uv": [18, 77], "uv_size": [3, 7]},
								"south": {"uv": [27, 77], "uv_size": [3, 7]},
								"west": {"uv": [24, 77], "uv_size": [3, 7]},
								"up": {"uv": [21, 74], "uv_size": [3, 3]},
								"down": {"uv": [24, 77], "uv_size": [3, -3]}
							}
						}
					]
				},
				{
					"name": "LeftForeArm",
					"parent": "LeftArm",
					"pivot": [2.35325, 24.58739, -0.05],
					"cubes": [
						{
							"origin": [0.425, 19.375, -2.175],
							"size": [3, 6, 3.6],
							"uv": {
								"north": {"uv": [83, 18], "uv_size": [3, 6]},
								"east": {"uv": [80, 18], "uv_size": [3, 6]},
								"south": {"uv": [89, 18], "uv_size": [3, 6]},
								"west": {"uv": [86, 18], "uv_size": [3, 6]},
								"up": {"uv": [83, 15], "uv_size": [3, 3]},
								"down": {"uv": [86, 18], "uv_size": [3, -3]}
							}
						},
						{
							"origin": [2.12867, 21.38684, -2.2],
							"size": [1.1, 0.5, 1.01],
							"pivot": [2.67867, 21.58684, -2.2],
							"rotation": [0, 0, -11],
							"uv": {
								"north": {"uv": [25, 37], "uv_size": [1, 1]},
								"east": {"uv": [6, 38], "uv_size": [1, 1]},
								"south": {"uv": [38, 6], "uv_size": [1, 1]},
								"west": {"uv": [38, 31], "uv_size": [1, 1]},
								"up": {"uv": [38, 37], "uv_size": [1, 1]},
								"down": {"uv": [6, 40], "uv_size": [1, -1]}
							}
						},
						{
							"origin": [0.53223, 21.2094, -2.2],
							"size": [1.1, 0.5, 1.01],
							"pivot": [0.98223, 21.4594, -2.2],
							"rotation": [0, 0, -4],
							"uv": {
								"north": {"uv": [39, 6], "uv_size": [1, 1]},
								"east": {"uv": [39, 37], "uv_size": [1, 1]},
								"south": {"uv": [6, 40], "uv_size": [1, 1]},
								"west": {"uv": [40, 6], "uv_size": [1, 1]},
								"up": {"uv": [40, 37], "uv_size": [1, 1]},
								"down": {"uv": [6, 42], "uv_size": [1, -1]}
							}
						},
						{
							"origin": [2.12867, 21.38684, 0.44],
							"size": [1.1, 0.5, 1.01],
							"pivot": [2.67867, 21.58684, 1.45],
							"rotation": [0, 0, -11],
							"uv": {
								"north": {"uv": [42, 37], "uv_size": [1, 1]},
								"east": {"uv": [43, 0], "uv_size": [1, 1]},
								"south": {"uv": [43, 11], "uv_size": [1, 1]},
								"west": {"uv": [43, 31], "uv_size": [1, 1]},
								"up": {"uv": [43, 37], "uv_size": [1, 1]},
								"down": {"uv": [38, 44], "uv_size": [1, -1]}
							}
						},
						{
							"origin": [0.53223, 21.2094, 0.44],
							"size": [1.1, 0.5, 1.01],
							"pivot": [0.98223, 21.4594, 1.45],
							"rotation": [0, 0, -4],
							"uv": {
								"north": {"uv": [44, 31], "uv_size": [1, 1]},
								"east": {"uv": [44, 37], "uv_size": [1, 1]},
								"south": {"uv": [38, 44], "uv_size": [1, 1]},
								"west": {"uv": [45, 24], "uv_size": [1, 1]},
								"up": {"uv": [38, 45], "uv_size": [1, 1]},
								"down": {"uv": [38, 47], "uv_size": [1, -1]}
							}
						},
						{
							"origin": [0.425, 16.375, -1.85],
							"size": [3, 3, 3],
							"uv": {
								"north": {"uv": [38, 92], "uv_size": [3, 3]},
								"east": {"uv": [35, 92], "uv_size": [3, 3]},
								"south": {"uv": [44, 92], "uv_size": [3, 3]},
								"west": {"uv": [41, 92], "uv_size": [3, 3]},
								"up": {"uv": [38, 89], "uv_size": [3, 3]},
								"down": {"uv": [41, 92], "uv_size": [3, -3]}
							}
						},
						{
							"origin": [-0.875, 19.375, -2.175],
							"size": [2, 6, 3.6],
							"inflate": -0.005,
							"pivot": [1.925, 21.375, -0.075],
							"rotation": [0, 0, 20],
							"uv": {
								"north": {"uv": [22, 90], "uv_size": [2, 6]},
								"east": {"uv": [19, 90], "uv_size": [3, 6]},
								"south": {"uv": [27, 90], "uv_size": [2, 6]},
								"west": {"uv": [24, 90], "uv_size": [3, 6]},
								"up": {"uv": [22, 87], "uv_size": [2, 3]},
								"down": {"uv": [24, 90], "uv_size": [2, -3]}
							}
						},
						{
							"origin": [-1.42763, 18.88038, -2.375],
							"size": [5.4, 2, 4],
							"pivot": [1.27237, 19.88038, -0.075],
							"rotation": [0, 0, -7.5],
							"uv": {
								"north": {"uv": [70, 77], "uv_size": [5, 2]},
								"east": {"uv": [66, 77], "uv_size": [4, 2]},
								"south": {"uv": [79, 77], "uv_size": [5, 2]},
								"west": {"uv": [75, 77], "uv_size": [4, 2]},
								"up": {"uv": [70, 73], "uv_size": [5, 4]},
								"down": {"uv": [75, 77], "uv_size": [5, -4]}
							}
						},
						{
							"origin": [2.7, 20.25, -1.75],
							"size": [1, 0.6, 0.6],
							"uv": {
								"north": {"uv": [0, 0], "uv_size": [1, 0]},
								"east": {"uv": [0, 0], "uv_size": [0, 0]},
								"south": {"uv": [1, 0], "uv_size": [1, 0]},
								"west": {"uv": [1, 0], "uv_size": [0, 0]},
								"up": {"uv": [0, 0], "uv_size": [1, 0]},
								"down": {"uv": [1, 0], "uv_size": [1, 0]}
							}
						}
					]
				},
				{
					"name": "LeftHand",
					"parent": "LeftForeArm",
					"pivot": [2.525, 17.275, 0.05],
					"cubes": [
						{
							"origin": [1.425, 17.375, -0.85],
							"size": [1, 1, 1],
							"uv": {
								"north": {"uv": [36, 90], "uv_size": [1, 1]},
								"east": {"uv": [35, 90], "uv_size": [1, 1]},
								"south": {"uv": [38, 90], "uv_size": [1, 1]},
								"west": {"uv": [37, 90], "uv_size": [1, 1]},
								"up": {"uv": [36, 89], "uv_size": [1, 1]},
								"down": {"uv": [37, 90], "uv_size": [1, -1]}
							}
						}
					]
				},
				{
					"name": "LeftHandLocator",
					"parent": "LeftHand",
					"pivot": [2.525, 17.275, 0.05]
				},
				{
					"name": "RightArm",
					"parent": "Arm",
					"pivot": [-2.25, 30.1, 0],
					"cubes": [
						{
							"origin": [-3.1, 24.75, -2.3],
							"size": [3.05, 7, 3.6],
							"uv": {
								"north": {"uv": [24, 77], "uv_size": [-3, 7]},
								"east": {"uv": [27, 77], "uv_size": [-3, 7]},
								"south": {"uv": [30, 77], "uv_size": [-3, 7]},
								"west": {"uv": [21, 77], "uv_size": [-3, 7]},
								"up": {"uv": [24, 74], "uv_size": [-3, 3]},
								"down": {"uv": [27, 77], "uv_size": [-3, -3]}
							}
						}
					]
				},
				{
					"name": "RightForeArm",
					"parent": "RightArm",
					"pivot": [-2.35325, 24.58739, -0.05],
					"cubes": [
						{
							"origin": [-3.125, 19.375, -2.275],
							"size": [3, 6, 3.6],
							"uv": {
								"north": {"uv": [86, 18], "uv_size": [-3, 6]},
								"east": {"uv": [89, 18], "uv_size": [-3, 6]},
								"south": {"uv": [92, 18], "uv_size": [-3, 6]},
								"west": {"uv": [83, 18], "uv_size": [-3, 6]},
								"up": {"uv": [86, 15], "uv_size": [-3, 3]},
								"down": {"uv": [89, 18], "uv_size": [-3, -3]}
							}
						},
						{
							"origin": [-2.92867, 21.38684, -2.3],
							"size": [1.1, 0.5, 1.01],
							"pivot": [-2.37867, 21.58684, -2.3],
							"rotation": [0, 0, 11],
							"uv": {
								"north": {"uv": [48, 11], "uv_size": [1, 1]},
								"east": {"uv": [15, 48], "uv_size": [1, 1]},
								"south": {"uv": [18, 48], "uv_size": [1, 1]},
								"west": {"uv": [19, 48], "uv_size": [1, 1]},
								"up": {"uv": [20, 48], "uv_size": [1, 1]},
								"down": {"uv": [21, 49], "uv_size": [1, -1]}
							}
						},
						{
							"origin": [-1.33223, 21.2094, -2.3],
							"size": [1.1, 0.5, 1.01],
							"pivot": [-0.68223, 21.4594, -2.3],
							"rotation": [0, 0, 4],
							"uv": {
								"north": {"uv": [22, 48], "uv_size": [1, 1]},
								"east": {"uv": [23, 48], "uv_size": [1, 1]},
								"south": {"uv": [24, 48], "uv_size": [1, 1]},
								"west": {"uv": [25, 48], "uv_size": [1, 1]},
								"up": {"uv": [38, 48], "uv_size": [1, 1]},
								"down": {"uv": [39, 49], "uv_size": [1, -1]}
							}
						},
						{
							"origin": [-2.92867, 21.38684, 0.34],
							"size": [1.1, 0.5, 1.01],
							"pivot": [-2.37867, 21.58684, 1.35],
							"rotation": [0, 0, 11],
							"uv": {
								"north": {"uv": [48, 48], "uv_size": [1, 1]},
								"east": {"uv": [4, 49], "uv_size": [1, 1]},
								"south": {"uv": [49, 11], "uv_size": [1, 1]},
								"west": {"uv": [49, 13], "uv_size": [1, 1]},
								"up": {"uv": [19, 49], "uv_size": [1, 1]},
								"down": {"uv": [48, 50], "uv_size": [1, -1]}
							}
						},
						{
							"origin": [-1.33223, 21.2094, 0.34],
							"size": [1.1, 0.5, 1.01],
							"pivot": [-0.68223, 21.4594, 1.35],
							"rotation": [0, 0, 4],
							"uv": {
								"north": {"uv": [4, 50], "uv_size": [1, 1]},
								"east": {"uv": [50, 13], "uv_size": [1, 1]},
								"south": {"uv": [50, 14], "uv_size": [1, 1]},
								"west": {"uv": [50, 15], "uv_size": [1, 1]},
								"up": {"uv": [50, 16], "uv_size": [1, 1]},
								"down": {"uv": [50, 18], "uv_size": [1, -1]}
							}
						},
						{
							"origin": [-3.125, 16.375, -1.95],
							"size": [3, 3, 3],
							"uv": {
								"north": {"uv": [41, 92], "uv_size": [-3, 3]},
								"east": {"uv": [44, 92], "uv_size": [-3, 3]},
								"south": {"uv": [47, 92], "uv_size": [-3, 3]},
								"west": {"uv": [38, 92], "uv_size": [-3, 3]},
								"up": {"uv": [41, 89], "uv_size": [-3, 3]},
								"down": {"uv": [44, 92], "uv_size": [-3, -3]}
							}
						},
						{
							"origin": [-0.825, 19.375, -2.275],
							"size": [2, 6, 3.6],
							"inflate": -0.005,
							"pivot": [-1.625, 21.375, -0.175],
							"rotation": [0, 0, -20],
							"uv": {
								"north": {"uv": [24, 90], "uv_size": [-2, 6]},
								"east": {"uv": [27, 90], "uv_size": [-3, 6]},
								"south": {"uv": [29, 90], "uv_size": [-2, 6]},
								"west": {"uv": [22, 90], "uv_size": [-3, 6]},
								"up": {"uv": [24, 87], "uv_size": [-2, 3]},
								"down": {"uv": [26, 90], "uv_size": [-2, -3]}
							}
						},
						{
							"origin": [-3.67237, 18.88038, -2.475],
							"size": [5.4, 2, 4],
							"pivot": [-0.97237, 19.88038, -0.175],
							"rotation": [0, 0, 7.5],
							"uv": {
								"north": {"uv": [75, 77], "uv_size": [-5, 2]},
								"east": {"uv": [79, 77], "uv_size": [-4, 2]},
								"south": {"uv": [84, 77], "uv_size": [-5, 2]},
								"west": {"uv": [70, 77], "uv_size": [-4, 2]},
								"up": {"uv": [75, 73], "uv_size": [-5, 4]},
								"down": {"uv": [80, 77], "uv_size": [-5, -4]}
							}
						},
						{
							"origin": [-3.4, 20.25, -1.85],
							"size": [1, 0.6, 0.6],
							"uv": {
								"north": {"uv": [1, 0], "uv_size": [-1, 0]},
								"east": {"uv": [1, 0], "uv_size": [0, 0]},
								"south": {"uv": [2, 0], "uv_size": [-1, 0]},
								"west": {"uv": [0, 0], "uv_size": [0, 0]},
								"up": {"uv": [1, 0], "uv_size": [-1, 0]},
								"down": {"uv": [2, 0], "uv_size": [-1, 0]}
							}
						}
					]
				},
				{
					"name": "RightHand",
					"parent": "RightForeArm",
					"pivot": [-2.525, 17.275, 0.05],
					"cubes": [
						{
							"origin": [-2.125, 17.375, -0.95],
							"size": [1, 1, 1],
							"uv": {
								"north": {"uv": [37, 90], "uv_size": [-1, 1]},
								"east": {"uv": [38, 90], "uv_size": [-1, 1]},
								"south": {"uv": [39, 90], "uv_size": [-1, 1]},
								"west": {"uv": [36, 90], "uv_size": [-1, 1]},
								"up": {"uv": [37, 89], "uv_size": [-1, 1]},
								"down": {"uv": [38, 90], "uv_size": [-1, -1]}
							}
						}
					]
				},
				{
					"name": "RightHandLocator",
					"parent": "RightHand",
					"pivot": [-2.525, 17.275, 0.05]
				}
			]
		}
	]
}