{
    "materials": [
        {
          "item": {
            "tag": "forge:storage_blocks/gold"
          },
          "count": 1
        },
        {
          "item": {
            "tag": "forge:dusts/redstone"
          },
          "count": 40
        },
        {
          "item": {
            "tag": "forge:storage_blocks/diamond"
          },
          "count": 1
        }
       
    ],
    "result": {
      "type": "gun",
      "id": "deep_rock_galactic:bulldog"
    }
  }